step,type,amount,nameOrig,oldbalanceOrg,newbalanceOrig,nameDest,oldbalanceDest,newbalanceDest,isFraud
64,PAYMENT,58.6,C100228,33683.92,33625.32,C100039,12471.58,12530.18,0
23,CASH_OUT,174.34,C100349,8018.6,7844.26,C100226,15142.03,15316.37,0
66,PAYMENT,109.67,C100286,2688.21,2578.54,C100458,27695.11,27804.78,0
44,PAYMENT,290.9,C100356,31728.83,31437.93,C100418,2077.74,2368.64,0
95,DEBIT,626.84,C100018,21150.97,20524.13,C100289,9779.97,10406.81,0
30,CASH_IN,96.7,C100471,38471.68,38374.98,C100121,4937.7,5034.4,0
24,TRANSFER,68.85,C100152,24077.02,24008.17,C100270,13222.64,13291.49,0
84,CASH_IN,84.54,C100388,46654.93,46570.39,C100081,10497.81,10582.35,0
87,TRANSFER,95.7,C100311,30220.61,30124.91,C100175,20409.2,20504.9,0
73,TRANSFER,681.19,C100212,23179.24,22498.05,C100393,25955.45,26636.64,0
76,PAYMENT,147.66,C100376,32189.34,32041.68,C100397,2758.25,2905.91,0
42,PAYMENT,117.93,C100331,42074.7,41956.77,C100389,7807.96,7925.89,0
17,TRANSFER,58.41,C100336,26398.21,26339.8,C100021,16890.76,16949.17,0
77,PAYMENT,50.24,C100493,25465.24,25415.0,C100235,26744.03,26794.27,0
47,TRANSFER,40055.15,C_MULE_A1,4221.96,0.0,C_MULE_A2,1757.93,41813.08,1
62,CASH_OUT,376.65,C100435,20489.06,20112.41,C100013,15821.05,16197.7,0
60,CASH_IN,674.1,C100423,33960.4,33286.3,C100296,9283.45,9957.55,0
76,DEBIT,123.12,C100423,7833.54,7710.42,C100270,29736.51,29859.63,0
8,TRANSFER,870.46,C100377,9375.19,8504.73,C100483,5002.63,5873.09,0
45,TRANSFER,16470.95,C_MULE_A2,3871.32,0.0,C_MULE_A0,82.74,16553.69,1
63,PAYMENT,161.96,C100063,17847.23,17685.27,C100244,9603.97,9765.93,0
74,CASH_OUT,673.81,C100334,42801.11,42127.3,C100077,7332.42,8006.23,0
29,DEBIT,184.72,C100261,42530.01,42345.29,C100068,11985.75,12170.47,0
76,TRANSFER,141.08,C100178,19247.39,19106.31,C100237,23077.41,23218.49,0
32,CASH_OUT,133.71,C100036,26835.16,26701.45,C100482,7008.85,7142.56,0
39,CASH_OUT,31431.28,C_MULE_A3,1872.62,0.0,C_MULE_A4,125.4,31556.68,1
71,CASH_OUT,123.75,C100177,42891.2,42767.45,C100186,26139.89,26263.64,0
6,CASH_OUT,775.88,C100192,31372.42,30596.54,C100464,28708.78,29484.66,0
19,PAYMENT,179.62,C100096,28470.09,28290.47,C100050,26912.74,27092.36,0
49,DEBIT,268.79,C100213,10256.41,9987.62,C100113,22071.6,22340.39,0
21,CASH_OUT,275.97,C100455,25222.07,24946.1,C100370,22123.73,22399.7,0
40,CASH_IN,75.38,C100178,34739.71,34664.33,C100360,10539.5,10614.88,0
83,TRANSFER,284.92,C100055,10806.94,10522.02,C100069,13225.62,13510.54,0
15,DEBIT,17.62,C100297,6913.03,6895.41,C100315,27332.61,27350.23,0
88,PAYMENT,38.36,C100070,6815.56,6777.2,C100425,15000.36,15038.72,0
41,CASH_IN,314.39,C100308,38838.51,38524.12,C100142,8412.63,8727.02,0
90,PAYMENT,163.65,C100390,41817.41,41653.76,C100069,25485.5,25649.15,0
84,TRANSFER,26.49,C100439,12174.26,12147.77,C100366,1848.96,1875.45,0
26,TRANSFER,25604.93,C_MULE_C1,2725.79,0.0,C_MULE_C6,288.05,25892.98,1
5,CASH_IN,316.87,C100370,47515.41,47198.54,C100332,26358.99,26675.86,0
68,DEBIT,522.75,C100142,16732.55,16209.8,C100205,15037.09,15559.84,0
94,TRANSFER,41.12,C100248,31403.87,31362.75,C100227,29103.59,29144.71,0
23,PAYMENT,1071.28,C100474,22406.45,21335.17,C100203,24137.12,25208.4,0
47,CASH_OUT,683.64,C100180,25082.68,24399.04,C100046,18240.77,18924.41,0
77,CASH_OUT,55.93,C100470,18678.0,18622.07,C100013,3949.18,4005.11,0
7,CASH_OUT,34.02,C100302,44739.83,44705.81,C100171,17720.66,17754.68,0
59,TRANSFER,59.78,C100301,39909.08,39849.3,C100463,14396.73,14456.51,0
53,PAYMENT,296.93,C100297,24862.35,24565.42,C100470,7692.69,7989.62,0
98,PAYMENT,491.82,C100375,26559.8,26067.98,C100073,17475.81,17967.63,0
64,CASH_IN,163.95,C100322,25532.27,25368.32,C100398,23677.53,23841.48,0
67,CASH_IN,55.38,C100201,43927.5,43872.12,C100439,10090.1,10145.48,0
46,DEBIT,317.38,C100004,29524.11,29206.73,C100022,24544.17,24861.55,0
80,PAYMENT,36.8,C100000,9804.78,9767.98,C100230,9088.16,9124.96,0
84,CASH_OUT,164.82,C100031,6965.67,6800.85,C100220,1291.4,1456.22,0
41,DEBIT,379.45,C100365,37845.91,37466.46,C100244,7617.99,7997.44,0
92,CASH_OUT,326.41,C100044,10178.31,9851.9,C100087,12813.16,13139.57,0
20,CASH_OUT,1707.43,C100168,43015.91,41308.48,C100428,10877.59,12585.02,0
84,CASH_OUT,531.73,C100280,34835.51,34303.78,C100358,1160.18,1691.91,0
79,DEBIT,488.47,C100218,3311.17,2822.7,C100082,10158.28,10646.75,0
3,CASH_OUT,216.98,C100081,38445.41,38228.43,C100344,15609.2,15826.18,0
28,TRANSFER,136.69,C100000,24349.45,24212.76,C100172,9257.3,9393.99,0
53,CASH_IN,75.08,C100127,47965.53,47890.45,C100409,21118.0,21193.08,0
12,PAYMENT,253.74,C100030,16131.75,15878.01,C100206,13671.99,13925.73,0
84,TRANSFER,137.37,C100213,40985.12,40847.75,C100073,8122.59,8259.96,0
6,TRANSFER,207.5,C100132,19643.05,19435.55,C100245,768.18,975.68,0
20,CASH_IN,183.86,C100171,21605.65,21421.79,C100170,18083.88,18267.74,0
67,DEBIT,153.96,C100423,31867.78,31713.82,C100396,8403.92,8557.88,0
40,DEBIT,174.71,C100178,10210.09,10035.38,C100181,16261.01,16435.72,0
81,CASH_IN,94.69,C100482,11248.27,11153.58,C100192,15177.97,15272.66,0
30,TRANSFER,167.93,C100490,48193.35,48025.42,C100298,27178.72,27346.65,0
70,CASH_OUT,626.31,C100234,34011.9,33385.59,C100130,15238.31,15864.62,0
42,DEBIT,159.32,C100076,8825.06,8665.74,C100036,4856.73,5016.05,0
36,CASH_IN,49.95,C100180,36661.76,36611.81,C100464,517.63,567.58,0
51,TRANSFER,52.69,C100481,20528.03,20475.34,C100262,8108.91,8161.6,0
99,TRANSFER,40.64,C100029,12685.05,12644.41,C100365,15461.58,15502.22,0
29,TRANSFER,31318.82,C_MULE_C3,3665.03,0.0,C_MULE_C5,1116.03,32434.85,1
39,PAYMENT,38.88,C100404,40675.39,40636.51,C100402,24488.15,24527.03,0
5,CASH_IN,228.5,C100479,36672.94,36444.44,C100316,14865.22,15093.72,0
93,PAYMENT,297.13,C100133,12509.99,12212.86,C100098,10708.33,11005.46,0
56,PAYMENT,924.65,C100372,18628.77,17704.12,C100186,15792.65,16717.3,0
36,DEBIT,107.46,C100450,6359.02,6251.56,C100179,15965.07,16072.53,0
81,CASH_IN,761.14,C100063,8059.8,7298.66,C100094,19807.2,20568.34,0
45,PAYMENT,68.92,C100460,39551.44,39482.52,C100064,9533.74,9602.66,0
56,TRANSFER,268.54,C100338,33405.74,33137.2,C100269,4201.92,4470.46,0
21,CASH_OUT,145.72,C100278,1552.53,1406.81,C100001,25638.53,25784.25,0
29,DEBIT,175.72,C100373,35332.27,35156.55,C100238,12673.04,12848.76,0
16,TRANSFER,384.96,C100381,44758.88,44373.92,C100244,13975.43,14360.39,0
4,CASH_IN,17.92,C100168,47456.04,47438.12,C100390,19963.17,19981.09,0
48,PAYMENT,1093.68,C100139,38754.32,37660.64,C100306,13353.24,14446.92,0
43,PAYMENT,75.58,C100300,46954.49,46878.91,C100333,20023.01,20098.59,0
82,TRANSFER,98.22,C100353,4925.15,4826.93,C100156,14199.8,14298.02,0
21,CASH_IN,137.69,C100479,10361.15,10223.46,C100234,28663.28,28800.97,0
23,CASH_IN,131.63,C100237,27464.86,27333.23,C100273,18321.25,18452.88,0
5,CASH_OUT,67.0,C100312,34064.04,33997.04,C100219,9027.77,9094.77,0
17,TRANSFER,39426.82,C_MULE_A2,4604.4,0.0,C_MULE_A3,588.03,40014.85,1
34,CASH_OUT,16910.15,C_MULE_C1,2280.88,0.0,C_MULE_C6,1393.85,18304.0,1
94,TRANSFER,211.71,C100320,25324.59,25112.88,C100362,21131.06,21342.77,0
4,DEBIT,16.71,C100011,26107.96,26091.25,C100004,1594.2,1610.91,0
3,TRANSFER,188.21,C100105,49589.68,49401.47,C100430,11994.99,12183.2,0
59,PAYMENT,52.19,C100018,2229.48,2177.29,C100316,8614.82,8667.01,0
6,CASH_IN,64.25,C100163,44386.89,44322.64,C100466,15330.98,15395.23,0
38,CASH_OUT,21164.32,C_MULE_A0,4944.04,0.0,C_MULE_A1,1355.86,22520.18,1
96,DEBIT,53.11,C100213,18000.18,17947.07,C100154,4863.26,4916.37,0
65,CASH_OUT,48.4,C100362,8379.41,8331.01,C100413,28863.3,28911.7,0
23,CASH_OUT,23.73,C100202,1074.45,1050.72,C100059,28865.37,28889.1,0
79,CASH_IN,238.54,C100391,34455.0,34216.46,C100376,29039.3,29277.84,0
28,TRANSFER,82.53,C100276,4559.75,4477.22,C100111,2877.48,2960.01,0
55,TRANSFER,187.52,C100079,37921.5,37733.98,C100196,11881.37,12068.89,0
18,TRANSFER,101.28,C100062,39165.34,39064.06,C100366,26019.55,26120.83,0
53,PAYMENT,169.46,C100347,26866.43,26696.97,C100377,17287.06,17456.52,0
29,PAYMENT,169.98,C100490,29249.5,29079.52,C100363,29614.26,29784.24,0
36,CASH_OUT,49.89,C100451,20371.71,20321.82,C100367,2120.13,2170.02,0
30,DEBIT,444.87,C100478,41572.13,41127.26,C100124,16799.72,17244.59,0
69,PAYMENT,69.84,C100196,29535.41,29465.57,C100436,1970.42,2040.26,0
75,CASH_IN,179.68,C100411,5340.29,5160.61,C100052,27219.44,27399.12,0
12,CASH_OUT,445.36,C100469,13121.02,12675.66,C100297,9922.16,10367.52,0
69,CASH_OUT,782.14,C100055,29328.45,28546.31,C100370,2146.41,2928.55,0
63,DEBIT,31.72,C100310,44217.79,44186.07,C100090,18776.62,18808.34,0
73,CASH_IN,260.18,C100117,5618.77,5358.59,C100261,20371.33,20631.51,0
29,CASH_OUT,57.79,C100425,30803.9,30746.11,C100427,25133.95,25191.74,0
1,TRANSFER,30.43,C100119,41747.65,41717.22,C100153,10695.99,10726.42,0
27,DEBIT,92.21,C100186,28756.47,28664.26,C100324,15055.21,15147.42,0
76,TRANSFER,246.11,C100046,10534.27,10288.16,C100405,22772.89,23019.0,0
15,CASH_OUT,457.28,C100077,19576.01,19118.73,C100105,3171.1,3628.38,0
17,TRANSFER,337.63,C100114,32840.1,32502.47,C100374,15368.6,15706.23,0
45,DEBIT,108.79,C100085,35902.17,35793.38,C100230,12011.34,12120.13,0
16,CASH_IN,829.36,C100191,35721.35,34891.99,C100279,7803.64,8633.0,0
60,TRANSFER,646.03,C100304,5391.42,4745.39,C100495,6621.85,7267.88,0
55,TRANSFER,37.63,C100042,32813.13,32775.5,C100183,17374.07,17411.7,0
12,CASH_OUT,425.45,C100353,11701.28,11275.83,C100457,20060.16,20485.61,0
57,PAYMENT,535.97,C100102,15634.38,15098.41,C100122,12771.2,13307.17,0
70,CASH_IN,117.75,C100436,9162.29,9044.54,C100471,15911.09,16028.84,0
30,CASH_OUT,176.62,C100297,25045.97,24869.35,C100250,13524.82,13701.44,0
56,DEBIT,47.17,C100185,25387.45,25340.28,C100285,7200.17,7247.34,0
2,CASH_IN,366.29,C100344,29848.19,29481.9,C100420,29019.79,29386.08,0
89,PAYMENT,212.65,C100419,32403.17,32190.52,C100207,3876.33,4088.98,0
34,PAYMENT,181.48,C100210,28198.09,28016.61,C100019,16875.71,17057.19,0
60,CASH_IN,48.8,C100349,45166.42,45117.62,C100167,17748.3,17797.1,0
10,PAYMENT,209.37,C100069,40492.68,40283.31,C100267,6124.49,6333.86,0
92,CASH_IN,53.27,C100137,46979.17,46925.9,C100042,19589.41,19642.68,0
83,TRANSFER,239.25,C100471,2549.33,2310.08,C100096,27200.75,27440.0,0
63,CASH_IN,237.87,C100351,2455.45,2217.58,C100152,21247.31,21485.18,0
35,CASH_IN,30.3,C100033,19806.3,19776.0,C100179,21389.42,21419.72,0
63,TRANSFER,307.24,C100285,30131.06,29823.82,C100129,18950.91,19258.15,0
6,PAYMENT,647.87,C100071,12935.76,12287.89,C100043,16368.18,17016.05,0
73,CASH_OUT,131.38,C100157,15388.48,15257.1,C100094,2003.57,2134.95,0
20,CASH_OUT,24267.64,C_MULE_B4,3027.14,0.0,C_MULE_B1,908.9,25176.54,1
2,TRANSFER,236.4,C100380,45424.05,45187.65,C100371,7394.97,7631.37,0
13,CASH_IN,205.42,C100263,43847.92,43642.5,C100311,26847.83,27053.25,0
4,PAYMENT,35.64,C100138,39286.93,39251.29,C100276,11275.91,11311.55,0
76,CASH_IN,103.44,C100343,15309.78,15206.34,C100138,17673.2,17776.64,0
30,TRANSFER,437.14,C100171,16064.89,15627.75,C100464,21233.1,21670.24,0
41,TRANSFER,133.35,C100030,49721.38,49588.03,C100122,13292.84,13426.19,0
30,TRANSFER,65.31,C100281,32998.92,32933.61,C100236,18151.73,18217.04,0
71,PAYMENT,41.16,C100176,15578.84,15537.68,C100458,1823.17,1864.33,0
29,CASH_OUT,282.53,C100163,16189.79,15907.26,C100374,7535.06,7817.59,0
49,TRANSFER,28.6,C100449,6401.88,6373.28,C100269,5963.68,5992.28,0
22,TRANSFER,401.88,C100025,13183.33,12781.45,C100254,18039.13,18441.01,0
86,DEBIT,338.01,C100372,2325.29,1987.28,C100186,5636.47,5974.48,0
13,CASH_IN,114.07,C100071,14038.95,13924.88,C100475,26671.43,26785.5,0
89,DEBIT,98.09,C100015,24225.19,24127.1,C100388,12173.27,12271.36,0
39,DEBIT,28.62,C100000,22949.67,22921.05,C100021,2417.46,2446.08,0
56,TRANSFER,95.86,C100294,2602.56,2506.7,C100407,16786.79,16882.65,0
68,CASH_IN,43.96,C100057,5912.73,5868.77,C100409,22637.84,22681.8,0
28,CASH_OUT,131.64,C100260,12315.1,12183.46,C100058,13616.29,13747.93,0
31,CASH_IN,391.66,C100096,1659.96,1268.3,C100327,19095.66,19487.32,0
54,CASH_IN,45.74,C100016,7099.37,7053.63,C100260,24132.15,24177.89,0
41,CASH_OUT,95.04,C100461,36965.42,36870.38,C100319,21476.45,21571.49,0
80,CASH_IN,216.12,C100450,48982.47,48766.35,C100205,24923.48,25139.6,0
41,DEBIT,67.22,C100337,15226.08,15158.86,C100478,21240.91,21308.13,0
66,CASH_IN,61.6,C100168,49094.04,49032.44,C100206,27239.13,27300.73,0
16,CASH_IN,233.89,C100458,8220.76,7986.87,C100133,17402.71,17636.6,0
52,CASH_OUT,41.44,C100190,27046.26,27004.82,C100134,22838.47,22879.91,0
83,DEBIT,35.18,C100032,43878.92,43843.74,C100407,25253.19,25288.37,0
3,PAYMENT,287.52,C100291,37074.88,36787.36,C100449,25430.28,25717.8,0
66,CASH_OUT,699.39,C100354,11714.82,11015.43,C100369,22446.9,23146.29,0
39,TRANSFER,39715.81,C_MULE_A5,2410.39,0.0,C_MULE_A1,479.88,40195.69,1
29,PAYMENT,93.94,C100208,49542.6,49448.66,C100345,8342.26,8436.2,0
33,CASH_IN,48.4,C100389,39933.18,39884.78,C100141,27343.65,27392.05,0
42,TRANSFER,304.52,C100263,47725.77,47421.25,C100394,28826.07,29130.59,0
79,CASH_OUT,137.92,C100322,35511.74,35373.82,C100067,2059.13,2197.05,0
69,CASH_OUT,399.16,C100241,29596.85,29197.69,C100347,29622.63,30021.79,0
7,PAYMENT,133.53,C100204,16170.48,16036.95,C100155,23404.87,23538.4,0
75,PAYMENT,328.94,C100197,29595.92,29266.98,C100061,18593.62,18922.56,0
14,PAYMENT,107.97,C100461,40936.84,40828.87,C100439,9500.86,9608.83,0
77,TRANSFER,154.83,C100345,3104.72,2949.89,C100221,569.22,724.05,0
94,CASH_IN,88.91,C100030,12142.41,12053.5,C100334,11217.15,11306.06,0
3,PAYMENT,91.72,C100123,22643.19,22551.47,C100295,25265.95,25357.67,0
41,DEBIT,230.79,C100418,28964.19,28733.4,C100000,8001.5,8232.29,0
95,CASH_OUT,22.03,C100243,25544.5,25522.47,C100293,16408.18,16430.21,0
40,CASH_OUT,100.52,C100276,14347.09,14246.57,C100058,20866.49,20967.01,0
82,CASH_IN,154.5,C100394,46539.34,46384.84,C100352,14789.61,14944.11,0
76,CASH_IN,303.05,C100493,19645.23,19342.18,C100264,9554.19,9857.24,0
29,DEBIT,373.86,C100107,13148.04,12774.18,C100420,16989.05,17362.91,0
60,CASH_IN,89.26,C100381,26229.23,26139.97,C100302,922.05,1011.31,0
88,TRANSFER,411.58,C100189,49701.41,49289.83,C100291,6760.12,7171.7,0
6,TRANSFER,166.73,C100410,27657.4,27490.67,C100293,7806.26,7972.99,0
48,CASH_OUT,75.68,C100089,23606.08,23530.4,C100351,22575.37,22651.05,0
93,PAYMENT,121.83,C100433,47601.25,47479.42,C100279,29775.37,29897.2,0
9,TRANSFER,163.99,C100442,5251.16,5087.17,C100170,8864.15,9028.14,0
93,CASH_IN,500.03,C100160,21312.12,20812.09,C100457,13497.99,13998.02,0
99,CASH_OUT,61.57,C100169,28819.84,28758.27,C100214,16206.25,16267.82,0
47,PAYMENT,100.36,C100339,34911.59,34811.23,C100400,21686.69,21787.05,0
76,PAYMENT,22.59,C100391,42142.26,42119.67,C100443,1895.36,1917.95,0
10,PAYMENT,311.61,C100223,30143.59,29831.98,C100116,15821.16,16132.77,0
27,DEBIT,60.93,C100361,35086.6,35025.67,C100456,7809.11,7870.04,0
94,DEBIT,121.9,C100298,10943.75,10821.85,C100196,19508.48,19630.38,0
39,TRANSFER,33764.45,C_MULE_B2,1220.41,0.0,C_MULE_B0,381.01,34145.46,1
18,DEBIT,445.31,C100395,37716.88,37271.57,C100287,29068.26,29513.57,0
45,CASH_OUT,51.03,C100439,22703.28,22652.25,C100457,1275.23,1326.26,0
35,CASH_IN,216.96,C100221,23518.77,23301.81,C100362,10759.75,10976.71,0
73,CASH_OUT,48.03,C100373,28392.42,28344.39,C100441,13311.14,13359.17,0
30,CASH_IN,14.8,C100087,14684.77,14669.97,C100470,10464.56,10479.36,0
79,CASH_OUT,56.01,C100204,22348.26,22292.25,C100460,6897.07,6953.08,0
2,PAYMENT,22.94,C100121,39135.23,39112.29,C100176,24830.71,24853.65,0
79,CASH_IN,132.99,C100290,26101.53,25968.54,C100414,3082.04,3215.03,0
63,CASH_OUT,44.07,C100174,28949.69,28905.62,C100197,23897.34,23941.41,0
33,PAYMENT,28.68,C100414,1263.39,1234.71,C100246,21292.84,21321.52,0
8,CASH_IN,624.93,C100227,16477.25,15852.32,C100049,14012.29,14637.22,0
55,CASH_OUT,68.53,C100336,19479.22,19410.69,C100211,24039.02,24107.55,0
89,CASH_IN,57.9,C100244,16230.96,16173.06,C100272,22870.69,22928.59,0
48,CASH_IN,157.32,C100266,49352.87,49195.55,C100015,11625.0,11782.32,0
87,CASH_OUT,85.66,C100309,37082.06,36996.4,C100205,28524.67,28610.33,0
3,CASH_IN,127.16,C100057,6068.74,5941.58,C100308,3683.7,3810.86,0
74,CASH_IN,43.55,C100384,19049.69,19006.14,C100470,24890.17,24933.72,0
44,DEBIT,423.57,C100182,5337.02,4913.45,C100292,14303.3,14726.87,0
21,CASH_OUT,173.78,C100136,8313.93,8140.15,C100182,15265.43,15439.21,0
7,TRANSFER,154.03,C100477,7193.4,7039.37,C100043,12930.5,13084.53,0
57,DEBIT,120.27,C100111,11220.17,11099.9,C100486,14810.15,14930.42,0
66,PAYMENT,402.28,C100204,8074.07,7671.79,C100083,3871.96,4274.24,0
88,CASH_IN,326.87,C100386,40805.81,40478.94,C100234,28045.51,28372.38,0
12,CASH_OUT,105.74,C100380,43035.31,42929.57,C100477,5589.79,5695.53,0
11,CASH_IN,69.81,C100304,4132.73,4062.92,C100377,6176.4,6246.21,0
66,PAYMENT,374.19,C100298,12031.93,11657.74,C100412,19265.3,19639.49,0
69,PAYMENT,96.86,C100424,31787.11,31690.25,C100066,22308.19,22405.05,0
3,CASH_OUT,97.41,C100397,13129.18,13031.77,C100268,8672.79,8770.2,0
16,PAYMENT,122.05,C100210,27469.88,27347.83,C100456,9994.64,10116.69,0
52,CASH_IN,88.6,C100267,27088.03,26999.43,C100194,524.49,613.09,0
95,PAYMENT,22.8,C100319,36352.31,36329.51,C100250,6830.02,6852.82,0
1,CASH_OUT,32.86,C100306,13185.6,13152.74,C100285,25169.98,25202.84,0
12,CASH_OUT,294.17,C100461,17235.53,16941.36,C100396,3792.74,4086.91,0
7,DEBIT,233.66,C100415,47411.1,47177.44,C100311,17726.94,17960.6,0
69,TRANSFER,114.57,C100190,27718.92,27604.35,C100233,8748.89,8863.46,0
11,CASH_IN,636.03,C100214,24103.54,23467.51,C100477,16641.38,17277.41,0
33,DEBIT,216.77,C100458,8227.53,8010.76,C100377,4671.57,4888.34,0
81,TRANSFER,57.9,C100380,37775.52,37717.62,C100070,14232.1,14290.0,0
28,CASH_OUT,260.07,C100335,1821.31,1561.24,C100271,6866.9,7126.97,0
89,TRANSFER,94.68,C100019,16990.96,16896.28,C100454,4429.71,4524.39,0
6,CASH_IN,408.22,C100284,19296.28,18888.06,C100081,20694.2,21102.42,0
78,PAYMENT,66.52,C100249,45050.51,44983.99,C100345,24398.9,24465.42,0
19,PAYMENT,75.26,C100144,46579.48,46504.22,C100466,4316.7,4391.96,0
38,TRANSFER,34959.16,C_MULE_B0,1669.06,0.0,C_MULE_B1,635.25,35594.41,1
92,TRANSFER,155.04,C100375,5749.91,5594.87,C100046,3224.82,3379.86,0
76,TRANSFER,228.02,C100032,22580.38,22352.36,C100229,7614.43,7842.45,0
78,DEBIT,35.25,C100270,21358.57,21323.32,C100388,13651.9,13687.15,0
4,PAYMENT,110.62,C100071,37197.62,37087.0,C100098,25729.85,25840.47,0
34,DEBIT,171.03,C100423,21192.24,21021.21,C100331,8905.45,9076.48,0
59,CASH_OUT,644.09,C100371,13227.13,12583.04,C100351,17281.75,17925.84,0
48,TRANSFER,107.74,C100294,9610.2,9502.46,C100202,7202.97,7310.71,0
73,CASH_OUT,139.11,C100300,44716.76,44577.65,C100084,18766.92,18906.03,0
69,DEBIT,110.59,C100455,3038.19,2927.6,C100314,8811.74,8922.33,0
52,PAYMENT,35.46,C100059,6992.22,6956.76,C100134,27212.56,27248.02,0
81,DEBIT,418.4,C100118,22909.62,22491.22,C100329,15233.96,15652.36,0
71,CASH_OUT,34.61,C100431,29417.22,29382.61,C100016,14428.05,14462.66,0
27,CASH_OUT,57.03,C100292,7584.78,7527.75,C100022,15356.08,15413.11,0
42,TRANSFER,189.55,C100178,48924.69,48735.14,C100448,20695.08,20884.63,0
11,CASH_OUT,254.98,C100240,3340.65,3085.67,C100067,11621.88,11876.86,0
88,PAYMENT,47.79,C100275,44739.04,44691.25,C100069,7125.6,7173.39,0
21,DEBIT,58.25,C100095,17910.13,17851.88,C100398,5470.58,5528.83,0
63,CASH_IN,45.62,C100338,32864.63,32819.01,C100272,6189.73,6235.35,0
44,CASH_IN,118.76,C100168,6153.68,6034.92,C100376,7014.25,7133.01,0
38,TRANSFER,198.85,C100221,2440.07,2241.22,C100390,24770.44,24969.29,0
46,PAYMENT,348.63,C100399,6984.74,6636.11,C100095,15826.77,16175.4,0
34,TRANSFER,178.83,C100465,16158.13,15979.3,C100383,4079.57,4258.4,0
38,DEBIT,94.86,C100231,9060.12,8965.26,C100085,6920.19,7015.05,0
56,CASH_OUT,306.22,C100083,7539.08,7232.86,C100416,9745.81,10052.03,0
13,TRANSFER,388.94,C100256,11095.84,10706.9,C100075,25738.88,26127.82,0
87,CASH_OUT,175.2,C100016,9503.04,9327.84,C100171,3564.4,3739.6,0
45,DEBIT,270.44,C100187,4165.21,3894.77,C100218,25010.32,25280.76,0
24,CASH_OUT,15317.5,C_MULE_B2,2548.38,0.0,C_MULE_B0,948.83,16266.33,1
76,DEBIT,237.12,C100173,32404.14,32167.02,C100180,26175.0,26412.12,0
32,DEBIT,509.79,C100015,46340.63,45830.84,C100115,20340.26,20850.05,0
67,DEBIT,59.92,C100011,31373.88,31313.96,C100248,13646.25,13706.17,0
55,CASH_IN,70.05,C100174,28977.29,28907.24,C100266,25785.24,25855.29,0
28,TRANSFER,143.58,C100498,5217.15,5073.57,C100396,18866.85,19010.43,0
43,CASH_OUT,728.79,C100408,45753.72,45024.93,C100312,25165.47,25894.26,0
20,PAYMENT,1693.44,C100421,28649.0,26955.56,C100128,4869.53,6562.97,0
60,DEBIT,693.93,C100443,4066.56,3372.63,C100360,3672.74,4366.67,0
13,TRANSFER,1501.37,C100365,18204.41,16703.04,C100348,14266.51,15767.88,0
39,TRANSFER,198.33,C100330,25431.64,25233.31,C100439,4694.15,4892.48,0
85,TRANSFER,86.67,C100486,11040.87,10954.2,C100227,20883.2,20969.87,0
76,CASH_IN,145.49,C100057,47243.9,47098.41,C100422,15984.56,16130.05,0
59,PAYMENT,1509.82,C100405,1029.19,0.0,C100136,601.57,2111.39,0
85,CASH_OUT,44.62,C100233,4738.96,4694.34,C100319,17174.89,17219.51,0
20,CASH_IN,206.39,C100450,8117.53,7911.14,C100098,4624.43,4830.82,0
43,PAYMENT,84.06,C100449,12158.94,12074.88,C100252,13119.96,13204.02,0
69,CASH_IN,321.21,C100095,36350.13,36028.92,C100486,24058.26,24379.47,0
82,CASH_OUT,82.3,C100307,34541.3,34459.0,C100462,21747.91,21830.21,0
69,PAYMENT,108.06,C100499,10219.23,10111.17,C100011,7035.23,7143.29,0
68,PAYMENT,193.88,C100359,19214.69,19020.81,C100298,7568.39,7762.27,0
4,TRANSFER,178.03,C100448,43126.44,42948.41,C100253,27955.8,28133.83,0
7,CASH_OUT,161.89,C100405,26150.68,25988.79,C100398,26812.67,26974.56,0
3,DEBIT,63.86,C100440,18372.81,18308.95,C100197,23247.77,23311.63,0
41,CASH_OUT,24885.15,C_MULE_B2,1409.35,0.0,C_MULE_B3,1195.94,26081.09,1
21,CASH_IN,196.89,C100490,8121.49,7924.6,C100158,23354.62,23551.51,0
97,CASH_IN,79.5,C100151,38211.05,38131.55,C100386,18577.94,18657.44,0
12,PAYMENT,52.66,C100369,23982.62,23929.96,C100392,5842.86,5895.52,0
4,TRANSFER,113.19,C100105,29019.36,28906.17,C100191,1143.82,1257.01,0
1,TRANSFER,434.56,C100103,45423.09,44988.53,C100177,10709.25,11143.81,0
69,PAYMENT,596.9,C100370,45911.05,45314.15,C100089,10147.8,10744.7,0
5,DEBIT,67.89,C100186,26060.9,25993.01,C100194,7696.86,7764.75,0
5,DEBIT,61.4,C100215,46129.55,46068.15,C100071,25536.14,25597.54,0
95,TRANSFER,312.93,C100290,18466.1,18153.17,C100483,29402.97,29715.9,0
20,CASH_OUT,49.93,C100062,12492.53,12442.6,C100203,24938.45,24988.38,0
17,PAYMENT,27.92,C100219,2536.02,2508.1,C100273,10583.96,10611.88,0
59,DEBIT,288.22,C100420,4813.13,4524.91,C100042,10012.8,10301.02,0
3,PAYMENT,143.7,C100370,20019.09,19875.39,C100385,13806.27,13949.97,0
76,TRANSFER,29.46,C100026,11628.41,11598.95,C100212,14714.02,14743.48,0
85,CASH_OUT,237.76,C100111,39276.29,39038.53,C100482,15354.03,15591.79,0
83,DEBIT,403.83,C100340,35670.58,35266.75,C100405,9499.94,9903.77,0
26,TRANSFER,31.28,C100245,37298.58,37267.3,C100305,24926.55,24957.83,0
62,CASH_OUT,102.61,C100291,46443.38,46340.77,C100131,26199.85,26302.46,0
15,CASH_IN,333.11,C100035,35502.77,35169.66,C100305,22030.55,22363.66,0
96,TRANSFER,95.9,C100431,44282.45,44186.55,C100189,17785.02,17880.92,0
66,DEBIT,197.48,C100049,21677.54,21480.06,C100472,2901.11,3098.59,0
70,PAYMENT,149.37,C100182,25916.18,25766.81,C100278,5719.57,5868.94,0
68,TRANSFER,51.52,C100476,41050.19,40998.67,C100367,7338.47,7389.99,0
35,CASH_OUT,64.64,C100138,42075.96,42011.32,C100160,20578.32,20642.96,0
41,TRANSFER,183.38,C100010,28079.21,27895.83,C100019,9667.08,9850.46,0
68,TRANSFER,377.43,C100391,39502.16,39124.73,C100431,13883.17,14260.6,0
22,TRANSFER,24509.31,C_MULE_A0,3351.25,0.0,C_MULE_A2,117.27,24626.58,1
15,PAYMENT,132.09,C100184,31555.58,31423.49,C100339,21561.8,21693.89,0
26,PAYMENT,237.78,C100009,44320.81,44083.03,C100057,18890.27,19128.05,0
99,DEBIT,108.94,C100069,4586.63,4477.69,C100471,25636.54,25745.48,0
21,PAYMENT,359.36,C100134,27258.97,26899.61,C100325,7808.94,8168.3,0
45,TRANSFER,323.17,C100411,3175.8,2852.63,C100310,6275.74,6598.91,0
70,CASH_OUT,184.69,C100469,8686.84,8502.15,C100400,27385.11,27569.8,0
63,CASH_IN,240.87,C100394,4963.07,4722.2,C100473,9772.93,10013.8,0
62,DEBIT,139.77,C100452,39598.18,39458.41,C100203,7361.54,7501.31,0
52,DEBIT,1190.52,C100414,31034.02,29843.5,C100030,5682.88,6873.4,0
92,TRANSFER,171.77,C100328,39306.17,39134.4,C100069,704.17,875.94,0
5,CASH_IN,670.02,C100151,47940.51,47270.49,C100430,27728.4,28398.42,0
37,TRANSFER,482.61,C100460,34627.96,34145.35,C100273,4014.12,4496.73,0
50,PAYMENT,110.48,C100239,9414.12,9303.64,C100022,22446.5,22556.98,0
72,DEBIT,209.65,C100052,24249.08,24039.43,C100347,15594.41,15804.06,0
58,CASH_OUT,274.77,C100015,27060.55,26785.78,C100229,15698.32,15973.09,0
6,PAYMENT,26.62,C100450,17938.88,17912.26,C100340,29916.04,29942.66,0
9,PAYMENT,255.96,C100245,10982.9,10726.94,C100323,11332.26,11588.22,0
57,PAYMENT,120.86,C100304,24208.98,24088.12,C100222,8798.58,8919.44,0
10,TRANSFER,370.04,C100289,33838.0,33467.96,C100166,26882.72,27252.76,0
33,CASH_OUT,817.53,C100110,2093.92,1276.39,C100427,23378.62,24196.15,0
72,CASH_OUT,33.36,C100115,25454.8,25421.44,C100398,20577.85,20611.21,0
9,PAYMENT,524.51,C100227,24220.23,23695.72,C100192,1696.38,2220.89,0
26,CASH_IN,94.65,C100252,3330.34,3235.69,C100078,1890.06,1984.71,0
1,TRANSFER,95.05,C100421,30101.87,30006.82,C100069,15096.78,15191.83,0
46,DEBIT,255.89,C100142,9934.3,9678.41,C100063,21008.49,21264.38,0
41,CASH_IN,164.62,C100138,40081.37,39916.75,C100282,13488.01,13652.63,0
25,TRANSFER,210.64,C100334,36846.08,36635.44,C100376,1449.77,1660.41,0
63,PAYMENT,154.32,C100347,39124.78,38970.46,C100118,17184.76,17339.08,0
24,DEBIT,79.66,C100492,29194.44,29114.78,C100288,15714.69,15794.35,0
5,DEBIT,81.52,C100443,25376.96,25295.44,C100470,28311.76,28393.28,0
23,PAYMENT,570.61,C100067,43707.07,43136.46,C100197,9221.14,9791.75,0
98,PAYMENT,68.2,C100060,43905.27,43837.07,C100137,12846.04,12914.24,0
11,TRANSFER,22.42,C100143,28888.34,28865.92,C100261,17371.11,17393.53,0
94,CASH_IN,200.41,C100018,47454.98,47254.57,C100128,9941.19,10141.6,0
38,CASH_OUT,94.52,C100249,30532.34,30437.82,C100054,2749.75,2844.27,0
99,PAYMENT,19.41,C100367,14149.47,14130.06,C100404,2983.48,3002.89,0
78,PAYMENT,41.32,C100416,39596.85,39555.53,C100040,15494.63,15535.95,0
33,PAYMENT,79.06,C100370,6378.47,6299.41,C100212,19196.91,19275.97,0
6,PAYMENT,97.71,C100249,9200.73,9103.02,C100418,10805.77,10903.48,0
84,CASH_IN,434.57,C100308,39150.98,38716.41,C100021,5322.43,5757.0,0
20,TRANSFER,33165.81,C_MULE_C6,4906.94,0.0,C_MULE_C2,850.81,34016.62,1
78,TRANSFER,1146.05,C100333,35306.73,34160.68,C100366,18462.81,19608.86,0
27,TRANSFER,44.73,C100068,45698.06,45653.33,C100004,4889.51,4934.24,0
96,TRANSFER,215.34,C100347,43050.77,42835.43,C100118,16934.06,17149.4,0
24,CASH_OUT,531.02,C100405,6134.83,5603.81,C100357,4067.72,4598.74,0
63,CASH_IN,196.07,C100492,26600.37,26404.3,C100374,22055.96,22252.03,0
74,CASH_IN,118.08,C100016,21730.94,21612.86,C100497,21297.63,21415.71,0
24,DEBIT,111.52,C100489,31335.62,31224.1,C100278,1251.07,1362.59,0
28,PAYMENT,64.49,C100142,17133.68,17069.19,C100433,7352.29,7416.78,0
27,PAYMENT,118.12,C100481,45605.09,45486.97,C100494,11798.84,11916.96,0
72,DEBIT,373.36,C100380,42487.63,42114.27,C100167,21411.39,21784.75,0
4,TRANSFER,223.34,C100470,42060.69,41837.35,C100431,28619.21,28842.55,0
76,TRANSFER,174.61,C100139,36185.01,36010.4,C100444,8949.12,9123.73,0
29,CASH_IN,170.1,C100396,15887.32,15717.22,C100009,27665.72,27835.82,0
5,DEBIT,171.52,C100075,15578.0,15406.48,C100163,20947.54,21119.06,0
12,CASH_OUT,215.19,C100466,36754.06,36538.87,C100248,7318.78,7533.97,0
68,CASH_OUT,213.84,C100114,26126.52,25912.68,C100156,1484.2,1698.04,0
11,CASH_OUT,107.27,C100099,33838.9,33731.63,C100201,28771.89,28879.16,0
51,PAYMENT,57.55,C100170,38913.13,38855.58,C100165,21206.34,21263.89,0
38,DEBIT,21.68,C100356,31693.0,31671.32,C100487,9417.51,9439.19,0
15,DEBIT,467.5,C100441,3743.44,3275.94,C100286,23110.2,23577.7,0
6,CASH_OUT,806.16,C100106,35321.77,34515.61,C100154,20701.29,21507.45,0
76,DEBIT,613.4,C100235,1869.4,1256.0,C100353,23070.9,23684.3,0
55,CASH_IN,59.77,C100349,41658.01,41598.24,C100134,5375.65,5435.42,0
44,CASH_OUT,74.33,C100039,4166.39,4092.06,C100076,24770.26,24844.59,0
46,CASH_OUT,203.71,C100437,18621.86,18418.15,C100471,4518.99,4722.7,0
85,PAYMENT,316.44,C100221,39653.94,39337.5,C100261,21168.75,21485.19,0
26,DEBIT,142.65,C100435,36095.41,35952.76,C100213,4800.36,4943.01,0
31,DEBIT,1117.54,C100188,28260.86,27143.32,C100451,9130.51,10248.05,0
13,PAYMENT,208.34,C100399,42174.38,41966.04,C100303,2670.87,2879.21,0
94,CASH_IN,202.83,C100225,2087.78,1884.95,C100242,2002.02,2204.85,0
46,CASH_OUT,28867.12,C_MULE_C1,1228.4,0.0,C_MULE_C4,195.4,29062.52,1
30,TRANSFER,326.78,C100143,47214.16,46887.38,C100404,6242.09,6568.87,0
71,PAYMENT,233.93,C100010,38533.23,38299.3,C100217,22975.84,23209.77,0
27,DEBIT,68.91,C100036,24375.35,24306.44,C100148,29128.28,29197.19,0
52,CASH_OUT,180.67,C100421,43659.05,43478.38,C100188,13368.95,13549.62,0
33,DEBIT,94.52,C100026,12493.27,12398.75,C100022,27720.54,27815.06,0
1,TRANSFER,403.28,C100116,20940.24,20536.96,C100391,26200.9,26604.18,0
43,DEBIT,247.79,C100415,1240.75,992.96,C100491,695.53,943.32,0
49,PAYMENT,47.01,C100389,43789.79,43742.78,C100223,18739.97,18786.98,0
34,TRANSFER,166.12,C100307,29072.44,28906.32,C100126,26303.27,26469.39,0
52,DEBIT,681.38,C100352,46262.12,45580.74,C100094,13817.4,14498.78,0
9,PAYMENT,176.43,C100031,24431.71,24255.28,C100030,28301.59,28478.02,0
42,CASH_IN,52.73,C100066,19945.69,19892.96,C100392,23500.63,23553.36,0
57,CASH_IN,579.22,C100207,26739.11,26159.89,C100212,6531.12,7110.34,0
7,PAYMENT,90.94,C100229,3440.76,3349.82,C100374,16406.4,16497.34,0
26,TRANSFER,15.61,C100218,6068.29,6052.68,C100334,6809.35,6824.96,0
51,DEBIT,121.2,C100038,6166.65,6045.45,C100042,26496.27,26617.47,0
46,TRANSFER,106.47,C100145,40719.2,40612.73,C100046,8078.45,8184.92,0
49,PAYMENT,82.15,C100147,17059.37,16977.22,C100287,1499.51,1581.66,0
64,PAYMENT,163.64,C100381,4517.36,4353.72,C100467,3803.1,3966.74,0
12,PAYMENT,623.6,C100073,40561.22,39937.62,C100208,12425.92,13049.52,0
3,CASH_OUT,134.6,C100208,28301.51,28166.91,C100006,10657.11,10791.71,0
29,TRANSFER,44753.56,C_MULE_B4,3502.14,0.0,C_MULE_B0,1718.86,46472.42,1
17,TRANSFER,24313.49,C_MULE_C0,4341.68,0.0,C_MULE_C5,268.33,24581.82,1
62,CASH_OUT,99.29,C100150,35856.39,35757.1,C100335,24974.44,25073.73,0
12,TRANSFER,151.2,C100325,16182.06,16030.86,C100164,20855.98,21007.18,0
67,CASH_OUT,178.85,C100273,35634.35,35455.5,C100291,27940.19,28119.04,0
29,CASH_OUT,352.55,C100371,44987.76,44635.21,C100297,12904.71,13257.26,0
43,PAYMENT,1015.4,C100151,25947.21,24931.81,C100398,5354.08,6369.48,0
43,CASH_IN,245.35,C100176,11484.56,11239.21,C100485,4726.41,4971.76,0
57,TRANSFER,403.47,C100442,8084.88,7681.41,C100244,24055.36,24458.83,0
26,PAYMENT,42.84,C100448,18427.58,18384.74,C100197,21111.07,21153.91,0
9,CASH_IN,131.2,C100044,6463.53,6332.33,C100236,29356.08,29487.28,0
20,PAYMENT,179.59,C100490,4508.36,4328.77,C100422,24553.77,24733.36,0
34,CASH_IN,60.86,C100313,32520.48,32459.62,C100258,22016.58,22077.44,0
59,DEBIT,347.1,C100089,47032.12,46685.02,C100233,8494.55,8841.65,0
43,DEBIT,124.1,C100239,44141.42,44017.32,C100216,15485.98,15610.08,0
74,CASH_IN,398.81,C100123,21005.17,20606.36,C100283,11601.3,12000.11,0
42,CASH_IN,113.79,C100040,7762.97,7649.18,C100189,9471.93,9585.72,0
9,TRANSFER,69.89,C100057,43895.04,43825.15,C100166,4911.54,4981.43,0
2,PAYMENT,16.67,C100383,22678.56,22661.89,C100000,19834.49,19851.16,0
41,CASH_OUT,94.73,C100012,5621.64,5526.91,C100141,4199.73,4294.46,0
16,CASH_OUT,154.93,C100266,14240.73,14085.8,C100239,13353.75,13508.68,0
71,PAYMENT,247.38,C100047,21361.04,21113.66,C100301,7378.71,7626.09,0
45,PAYMENT,936.61,C100229,15369.49,14432.88,C100334,20577.27,21513.88,0
92,TRANSFER,456.41,C100110,8256.41,7800.0,C100487,21781.75,22238.16,0
49,CASH_OUT,37274.58,C_MULE_B3,4085.89,0.0,C_MULE_B4,1806.49,39081.07,1
63,CASH_OUT,162.44,C100279,34732.77,34570.33,C100048,12438.05,12600.49,0
81,CASH_OUT,709.06,C100246,30220.2,29511.14,C100166,26898.87,27607.93,0
62,DEBIT,20.62,C100280,1866.41,1845.79,C100238,18449.59,18470.21,0
60,CASH_OUT,706.31,C100495,22009.66,21303.35,C100193,15074.87,15781.18,0
97,PAYMENT,114.3,C100316,26026.6,25912.3,C100461,4497.26,4611.56,0
88,TRANSFER,976.15,C100297,45720.82,44744.67,C100207,21047.08,22023.23,0
34,CASH_IN,181.7,C100202,1733.12,1551.42,C100370,14614.37,14796.07,0
56,CASH_OUT,465.3,C100338,13311.14,12845.84,C100179,16409.95,16875.25,0
17,TRANSFER,66.79,C100152,3317.55,3250.76,C100081,1995.76,2062.55,0
34,CASH_IN,227.22,C100216,24218.47,23991.25,C100225,21248.04,21475.26,0
98,CASH_OUT,667.64,C100298,3472.78,2805.14,C100341,15055.44,15723.08,0
21,CASH_OUT,677.13,C100247,6466.37,5789.24,C100320,10050.7,10727.83,0
5,DEBIT,41.03,C100021,43252.34,43211.31,C100395,27598.31,27639.34,0
47,CASH_OUT,22.76,C100103,23467.97,23445.21,C100116,16004.87,16027.63,0
10,PAYMENT,383.22,C100442,22317.6,21934.38,C100447,22093.35,22476.57,0
80,PAYMENT,324.84,C100148,24062.84,23738.0,C100066,837.54,1162.38,0
70,TRANSFER,521.26,C100100,39870.9,39349.64,C100378,17694.37,18215.63,0
44,CASH_OUT,51.35,C100432,37086.13,37034.78,C100025,15764.14,15815.49,0
90,TRANSFER,38.59,C100220,5077.38,5038.79,C100112,18927.39,18965.98,0
36,CASH_OUT,87.19,C100147,36534.19,36447.0,C100485,19840.57,19927.76,0
49,TRANSFER,24.39,C100242,39428.55,39404.16,C100156,871.01,895.4,0
7,CASH_OUT,1094.2,C100423,48366.11,47271.91,C100146,1122.13,2216.33,0
65,CASH_IN,325.21,C100332,35652.01,35326.8,C100038,17605.2,17930.41,0
52,DEBIT,67.25,C100281,6129.28,6062.03,C100049,6299.82,6367.07,0
35,PAYMENT,306.18,C100431,8259.71,7953.53,C100455,5064.28,5370.46,0
18,CASH_OUT,284.02,C100219,47427.47,47143.45,C100241,7295.93,7579.95,0
91,PAYMENT,16.16,C100174,9247.31,9231.15,C100461,9155.67,9171.83,0
4,PAYMENT,64.71,C100150,38224.52,38159.81,C100253,10749.01,10813.72,0
12,CASH_OUT,1133.55,C100464,21957.27,20823.72,C100471,17639.74,18773.29,0
78,DEBIT,116.04,C100347,10055.24,9939.2,C100044,13318.37,13434.41,0
57,PAYMENT,436.38,C100397,41485.88,41049.5,C100421,26780.48,27216.86,0
43,TRANSFER,131.7,C100442,15311.24,15179.54,C100053,8348.14,8479.84,0
20,DEBIT,63.09,C100478,39948.78,39885.69,C100402,19965.48,20028.57,0
68,TRANSFER,72.2,C100061,9181.78,9109.58,C100203,27764.29,27836.49,0
26,CASH_OUT,114.84,C100428,41958.45,41843.61,C100313,23513.51,23628.35,0
30,CASH_IN,321.68,C100418,35726.11,35404.43,C100171,22848.32,23170.0,0
61,TRANSFER,265.54,C100056,48495.83,48230.29,C100419,16145.87,16411.41,0
77,PAYMENT,167.0,C100314,25582.45,25415.45,C100215,26210.2,26377.2,0
82,TRANSFER,26.0,C100493,37503.03,37477.03,C100456,21311.27,21337.27,0
36,TRANSFER,48.52,C100171,5071.36,5022.84,C100248,23697.81,23746.33,0
82,PAYMENT,317.54,C100048,28775.59,28458.05,C100329,26892.9,27210.44,0
63,DEBIT,180.55,C100385,27170.31,26989.76,C100077,22819.76,23000.31,0
1,CASH_OUT,348.3,C100289,11933.47,11585.17,C100404,7002.68,7350.98,0
80,PAYMENT,62.23,C100170,3956.65,3894.42,C100489,7749.63,7811.86,0
83,DEBIT,243.73,C100286,46163.49,45919.76,C100297,18293.94,18537.67,0
51,PAYMENT,1424.04,C100396,11619.79,10195.75,C100400,16077.07,17501.11,0
42,TRANSFER,42742.06,C_MULE_B3,3479.32,0.0,C_MULE_B0,1929.52,44671.58,1
44,TRANSFER,220.07,C100481,35917.13,35697.06,C100342,8438.46,8658.53,0
83,PAYMENT,78.22,C100333,48689.18,48610.96,C100330,14503.93,14582.15,0
38,PAYMENT,690.38,C100373,37443.01,36752.63,C100407,23845.05,24535.43,0
93,CASH_IN,455.46,C100347,12534.22,12078.76,C100112,5263.73,5719.19,0
85,DEBIT,667.4,C100372,11238.35,10570.95,C100376,24117.74,24785.14,0
2,CASH_OUT,421.95,C100463,11905.08,11483.13,C100054,2951.15,3373.1,0
14,TRANSFER,32655.25,C_MULE_A2,1780.74,0.0,C_MULE_A0,1907.05,34562.3,1
34,PAYMENT,45.01,C100116,49341.21,49296.2,C100133,19505.84,19550.85,0
50,PAYMENT,109.79,C100373,29863.13,29753.34,C100276,11474.69,11584.48,0
83,DEBIT,406.4,C100089,9734.23,9327.83,C100178,16076.55,16482.95,0
10,PAYMENT,23.56,C100178,6480.29,6456.73,C100316,23434.54,23458.1,0
22,TRANSFER,191.31,C100034,23850.03,23658.72,C100089,16210.37,16401.68,0
75,CASH_OUT,648.65,C100081,49820.96,49172.31,C100161,26443.98,27092.63,0
73,PAYMENT,116.6,C100415,19718.29,19601.69,C100381,1701.59,1818.19,0
66,CASH_IN,210.82,C100428,48129.62,47918.8,C100106,3630.78,3841.6,0
53,CASH_OUT,349.02,C100052,35560.76,35211.74,C100321,25588.29,25937.31,0
70,PAYMENT,105.13,C100189,12994.9,12889.77,C100441,18567.11,18672.24,0
52,CASH_OUT,189.17,C100251,18431.86,18242.69,C100440,7432.19,7621.36,0
7,PAYMENT,808.49,C100214,1897.1,1088.61,C100061,7200.28,8008.77,0
15,TRANSFER,167.06,C100084,4124.09,3957.03,C100175,24677.87,24844.93,0
43,TRANSFER,187.4,C100459,22307.03,22119.63,C100127,14075.27,14262.67,0
18,CASH_IN,589.55,C100277,9344.25,8754.7,C100439,18260.85,18850.4,0
17,PAYMENT,127.81,C100492,37535.28,37407.47,C100483,21998.26,22126.07,0
4,CASH_IN,49.4,C100154,23368.2,23318.8,C100308,20112.43,20161.83,0
4,PAYMENT,328.63,C100268,4595.49,4266.86,C100374,18571.44,18900.07,0
79,CASH_OUT,159.12,C100315,21928.48,21769.36,C100323,21603.94,21763.06,0
35,CASH_IN,167.2,C100298,5569.53,5402.33,C100108,24268.75,24435.95,0
56,CASH_IN,7496.19,C100286,1210.23,0.0,C100410,11285.16,18781.35,0
4,CASH_IN,89.11,C100272,14215.48,14126.37,C100242,1099.41,1188.52,0
70,CASH_OUT,116.05,C100290,30950.18,30834.13,C100487,24007.24,24123.29,0
56,PAYMENT,28.25,C100464,20210.99,20182.74,C100470,24976.29,25004.54,0
40,PAYMENT,540.57,C100079,3660.78,3120.21,C100384,5557.27,6097.84,0
4,DEBIT,181.05,C100360,2179.66,1998.61,C100330,24003.29,24184.34,0
86,CASH_IN,32.27,C100407,36505.79,36473.52,C100288,28980.42,29012.69,0
10,CASH_OUT,96.82,C100315,8348.07,8251.25,C100380,11331.19,11428.01,0
86,PAYMENT,335.77,C100448,1784.05,1448.28,C100495,1042.32,1378.09,0
44,CASH_OUT,185.21,C100411,20451.83,20266.62,C100434,26119.88,26305.09,0
14,DEBIT,99.1,C100123,17082.74,16983.64,C100469,25668.12,25767.22,0
22,PAYMENT,114.04,C100046,25226.03,25111.99,C100159,12223.47,12337.51,0
60,CASH_IN,1005.46,C100157,42349.06,41343.6,C100086,3638.2,4643.66,0
11,CASH_IN,130.54,C100106,37246.97,37116.43,C100104,3097.21,3227.75,0
76,CASH_IN,54.58,C100323,39968.07,39913.49,C100463,1397.15,1451.73,0
79,DEBIT,124.08,C100072,22320.7,22196.62,C100309,27339.16,27463.24,0
41,TRANSFER,42053.57,C_MULE_B0,3901.05,0.0,C_MULE_B2,653.44,42707.01,1
60,DEBIT,129.08,C100140,29774.2,29645.12,C100382,25641.69,25770.77,0
40,CASH_IN,219.36,C100057,15401.94,15182.58,C100264,12586.45,12805.81,0
67,DEBIT,31.95,C100285,23411.36,23379.41,C100401,23699.86,23731.81,0
36,DEBIT,58.98,C100358,49071.19,49012.21,C100146,4310.99,4369.97,0
90,CASH_OUT,1532.15,C100240,36643.24,35111.09,C100186,24436.17,25968.32,0
45,TRANSFER,224.68,C100368,37817.03,37592.35,C100376,9707.2,9931.88,0
7,CASH_OUT,43.09,C100110,14099.12,14056.03,C100300,21537.62,21580.71,0
85,TRANSFER,73.38,C100041,3111.0,3037.62,C100470,625.15,698.53,0
55,CASH_IN,40.56,C100075,12723.36,12682.8,C100129,16275.15,16315.71,0
85,PAYMENT,67.5,C100444,32929.3,32861.8,C100018,22168.0,22235.5,0
72,DEBIT,254.83,C100244,37500.36,37245.53,C100242,13909.13,14163.96,0
53,CASH_IN,244.0,C100342,15721.07,15477.07,C100201,15417.55,15661.55,0
29,TRANSFER,28791.68,C_MULE_B3,3896.16,0.0,C_MULE_B1,1324.22,30115.9,1
52,CASH_OUT,126.14,C100010,6152.21,6026.07,C100491,23709.66,23835.8,0
99,PAYMENT,299.4,C100186,29023.93,28724.53,C100116,7868.15,8167.55,0
70,TRANSFER,37.43,C100370,49881.87,49844.44,C100243,11205.1,11242.53,0
70,CASH_OUT,292.74,C100073,13331.64,13038.9,C100402,17531.25,17823.99,0
69,CASH_IN,28.35,C100318,14693.56,14665.21,C100272,18161.73,18190.08,0
7,PAYMENT,158.67,C100498,26223.71,26065.04,C100115,18124.47,18283.14,0
30,DEBIT,150.43,C100296,23295.18,23144.75,C100377,12577.32,12727.75,0
19,TRANSFER,19391.11,C_MULE_B4,3340.21,0.0,C_MULE_B3,1538.27,20929.38,1
6,TRANSFER,159.6,C100327,48382.42,48222.82,C100130,16732.18,16891.78,0
14,CASH_OUT,451.07,C100165,35985.02,35533.95,C100403,22363.42,22814.49,0
13,PAYMENT,94.0,C100498,48432.77,48338.77,C100344,19653.84,19747.84,0
90,DEBIT,485.59,C100380,23822.21,23336.62,C100421,12608.29,13093.88,0
90,CASH_IN,183.31,C100493,42470.36,42287.05,C100031,10711.93,10895.24,0
83,CASH_OUT,246.91,C100362,20298.12,20051.21,C100387,2904.27,3151.18,0
79,TRANSFER,388.94,C100341,23141.64,22752.7,C100442,12296.74,12685.68,0
68,CASH_OUT,104.4,C100099,12746.15,12641.75,C100293,8447.62,8552.02,0
53,TRANSFER,82.11,C100205,31345.79,31263.68,C100276,3946.82,4028.93,0
73,PAYMENT,59.56,C100127,28785.44,28725.88,C100179,12788.84,12848.4,0
26,TRANSFER,300.7,C100057,46402.24,46101.54,C100219,17806.73,18107.43,0
40,CASH_OUT,82.94,C100046,37641.12,37558.18,C100221,18880.89,18963.83,0
31,CASH_OUT,26786.17,C_MULE_C4,2218.43,0.0,C_MULE_C6,1355.64,28141.81,1
13,PAYMENT,106.38,C100109,24881.83,24775.45,C100435,8802.74,8909.12,0
19,DEBIT,228.63,C100451,37507.6,37278.97,C100080,3005.18,3233.81,0
13,TRANSFER,24666.52,C_MULE_C0,1925.32,0.0,C_MULE_C1,1768.2,26434.72,1
53,CASH_IN,37.24,C100170,41317.52,41280.28,C100342,29506.05,29543.29,0
10,CASH_OUT,44381.97,C_MULE_B1,2180.59,0.0,C_MULE_B4,538.36,44920.33,1
81,PAYMENT,333.83,C100011,22078.18,21744.35,C100407,16881.67,17215.5,0
68,CASH_OUT,223.31,C100042,11049.55,10826.24,C100049,3871.96,4095.27,0
14,PAYMENT,186.7,C100150,6819.28,6632.58,C100000,4796.74,4983.44,0
49,DEBIT,27.8,C100124,19654.03,19626.23,C100360,4658.39,4686.19,0
71,CASH_IN,376.56,C100454,23210.94,22834.38,C100123,24368.2,24744.76,0
52,DEBIT,249.46,C100460,38604.46,38355.0,C100126,28619.57,28869.03,0
15,PAYMENT,99.66,C100176,38159.72,38060.06,C100214,26538.37,26638.03,0
32,DEBIT,418.68,C100051,12069.35,11650.67,C100270,3044.71,3463.39,0
38,PAYMENT,61.37,C100000,24083.78,24022.41,C100332,19075.38,19136.75,0
80,CASH_OUT,78.84,C100427,17365.73,17286.89,C100221,23088.68,23167.52,0
89,DEBIT,185.01,C100498,27649.19,27464.18,C100231,15233.75,15418.76,0
43,CASH_OUT,19810.7,C_MULE_A2,4930.68,0.0,C_MULE_A5,1313.4,21124.1,1
92,DEBIT,271.42,C100232,7704.76,7433.34,C100161,26385.63,26657.05,0
2,TRANSFER,374.52,C100059,25057.92,24683.4,C100329,7547.03,7921.55,0
38,CASH_IN,439.56,C100191,11569.36,11129.8,C100132,4900.5,5340.06,0
43,CASH_IN,82.65,C100442,10933.76,10851.11,C100366,1974.16,2056.81,0
64,PAYMENT,342.73,C100320,7325.92,6983.19,C100327,21692.51,22035.24,0
45,DEBIT,106.7,C100188,6342.38,6235.68,C100215,15277.14,15383.84,0
60,TRANSFER,204.19,C100041,30808.71,30604.52,C100468,17406.07,17610.26,0
30,TRANSFER,85.87,C100268,14360.33,14274.46,C100274,10157.02,10242.89,0
36,TRANSFER,34.65,C100452,28220.46,28185.81,C100185,2642.25,2676.9,0
45,CASH_IN,21.52,C100416,33223.98,33202.46,C100062,26470.15,26491.67,0
92,CASH_IN,660.99,C100486,40506.87,39845.88,C100152,27263.36,27924.35,0
43,CASH_IN,70.01,C100419,5353.31,5283.3,C100134,15012.26,15082.27,0
55,PAYMENT,14.47,C100107,12644.74,12630.27,C100016,15475.85,15490.32,0
5,DEBIT,749.84,C100106,47488.37,46738.53,C100161,27035.98,27785.82,0
11,CASH_IN,390.35,C100257,26603.82,26213.47,C100002,5782.17,6172.52,0
27,DEBIT,382.05,C100412,10414.41,10032.36,C100120,22335.69,22717.74,0
83,PAYMENT,565.74,C100319,8334.63,7768.89,C100043,1595.92,2161.66,0
55,TRANSFER,52.0,C100457,13547.73,13495.73,C100295,12915.91,12967.91,0
96,CASH_OUT,63.32,C100492,12981.38,12918.06,C100254,28930.25,28993.57,0
43,PAYMENT,33.4,C100265,19192.32,19158.92,C100057,8405.96,8439.36,0
50,TRANSFER,53.81,C100167,16161.82,16108.01,C100437,14500.07,14553.88,0
79,CASH_IN,38.77,C100307,44322.83,44284.06,C100460,3817.15,3855.92,0
88,CASH_IN,85.01,C100412,21552.06,21467.05,C100491,19966.38,20051.39,0
35,CASH_IN,168.79,C100320,44410.63,44241.84,C100257,24146.52,24315.31,0
99,DEBIT,56.59,C100400,10428.71,10372.12,C100109,1668.76,1725.35,0
42,PAYMENT,1611.4,C100246,42084.56,40473.16,C100276,14739.05,16350.45,0
4,TRANSFER,284.91,C100494,20797.42,20512.51,C100318,10697.76,10982.67,0
6,CASH_OUT,296.3,C100183,11849.72,11553.42,C100429,4387.73,4684.03,0
1,PAYMENT,310.64,C100205,25531.42,25220.78,C100418,6830.65,7141.29,0
55,PAYMENT,87.21,C100012,5058.25,4971.04,C100287,9383.54,9470.75,0
53,CASH_OUT,53.47,C100195,40077.76,40024.29,C100007,7926.43,7979.9,0
12,CASH_IN,149.65,C100086,12083.84,11934.19,C100497,24086.16,24235.81,0
20,DEBIT,102.44,C100374,17336.95,17234.51,C100155,5459.55,5561.99,0
92,PAYMENT,121.71,C100463,39099.42,38977.71,C100359,26274.9,26396.61,0
39,DEBIT,320.08,C100280,45564.28,45244.2,C100226,21226.15,21546.23,0
9,TRANSFER,134.82,C100170,27405.33,27270.51,C100299,24997.64,25132.46,0
10,CASH_OUT,73.48,C100218,10316.91,10243.43,C100159,25027.57,25101.05,0
72,CASH_OUT,270.83,C100416,33015.92,32745.09,C100430,28407.24,28678.07,0
43,PAYMENT,342.61,C100176,1359.77,1017.16,C100182,19033.35,19375.96,0
20,TRANSFER,23109.23,C_MULE_A0,1440.57,0.0,C_MULE_A2,1118.46,24227.69,1
82,CASH_IN,99.32,C100482,14085.89,13986.57,C100363,15330.46,15429.78,0
67,TRANSFER,44.67,C100158,12935.81,12891.14,C100092,5959.3,6003.97,0
50,CASH_IN,127.8,C100084,47003.63,46875.83,C100372,4521.35,4649.15,0
91,CASH_IN,230.05,C100374,5128.7,4898.65,C100265,26083.66,26313.71,0
50,TRANSFER,40.58,C100085,23439.86,23399.28,C100155,11580.46,11621.04,0
24,DEBIT,43.85,C100378,27926.96,27883.11,C100204,13225.11,13268.96,0
30,CASH_OUT,388.05,C100451,33292.13,32904.08,C100466,4380.35,4768.4,0
52,CASH_IN,186.32,C100275,8349.15,8162.83,C100311,29505.15,29691.47,0
32,CASH_OUT,27995.93,C_MULE_C0,1026.18,0.0,C_MULE_C1,1520.41,29516.34,1
88,CASH_OUT,382.65,C100036,24715.28,24332.63,C100340,25216.85,25599.5,0
64,CASH_OUT,2216.88,C100102,17433.0,15216.12,C100154,11506.08,13722.96,0
23,TRANSFER,128.72,C100322,11073.32,10944.6,C100221,18094.94,18223.66,0
53,DEBIT,56.01,C100496,8631.64,8575.63,C100290,21220.61,21276.62,0
60,DEBIT,157.67,C100474,22678.81,22521.14,C100126,18120.26,18277.93,0
87,DEBIT,1554.41,C100142,19237.56,17683.15,C100179,23919.6,25474.01,0
24,CASH_IN,116.39,C100324,25952.86,25836.47,C100236,24745.84,24862.23,0
86,CASH_OUT,198.64,C100108,23270.79,23072.15,C100056,26834.14,27032.78,0
38,CASH_OUT,236.24,C100175,24644.46,24408.22,C100122,2281.53,2517.77,0
22,DEBIT,83.71,C100357,29106.29,29022.58,C100341,24366.15,24449.86,0
55,CASH_IN,284.87,C100019,42882.17,42597.3,C100417,19864.7,20149.57,0
63,CASH_OUT,420.67,C100181,9773.96,9353.29,C100393,7205.0,7625.67,0
77,PAYMENT,61.49,C100177,38946.43,38884.94,C100498,21390.77,21452.26,0
30,CASH_OUT,102.01,C100390,2915.17,2813.16,C100243,13205.65,13307.66,0
20,CASH_IN,147.22,C100112,9791.68,9644.46,C100044,5310.53,5457.75,0
49,TRANSFER,41811.05,C_MULE_A0,3544.96,0.0,C_MULE_A5,1753.1,43564.15,1
43,PAYMENT,441.66,C100212,19569.4,19127.74,C100380,16612.69,17054.35,0
6,CASH_OUT,217.2,C100153,19847.88,19630.68,C100473,3558.56,3775.76,0
97,CASH_OUT,168.1,C100029,48429.73,48261.63,C100436,28766.62,28934.72,0
15,TRANSFER,23494.14,C_MULE_C0,2008.04,0.0,C_MULE_C2,707.69,24201.83,1
87,PAYMENT,71.8,C100235,38975.29,38903.49,C100272,9191.5,9263.3,0
22,CASH_IN,12.68,C100481,19016.29,19003.61,C100185,3478.93,3491.61,0
38,DEBIT,230.16,C100004,37366.67,37136.51,C100355,29857.45,30087.61,0
48,PAYMENT,34.63,C100039,8617.82,8583.19,C100353,24818.51,24853.14,0
61,DEBIT,503.67,C100192,40019.38,39515.71,C100422,16381.12,16884.79,0
72,CASH_IN,62.27,C100445,36032.36,35970.09,C100201,15215.07,15277.34,0
51,PAYMENT,30.13,C100412,26154.54,26124.41,C100069,3217.87,3248.0,0
32,PAYMENT,12.37,C100005,30139.49,30127.12,C100280,27850.56,27862.93,0
20,TRANSFER,237.46,C100363,7383.95,7146.49,C100044,22870.31,23107.77,0
51,TRANSFER,217.93,C100064,17433.67,17215.74,C100220,11775.63,11993.56,0
12,CASH_OUT,28675.05,C_MULE_B2,4467.28,0.0,C_MULE_B0,1686.06,30361.11,1
73,TRANSFER,43.03,C100264,24513.81,24470.78,C100361,25671.83,25714.86,0
17,CASH_IN,388.82,C100069,47322.74,46933.92,C100049,22877.48,23266.3,0
71,PAYMENT,92.65,C100292,12264.07,12171.42,C100233,1614.5,1707.15,0
7,CASH_IN,217.14,C100199,31021.66,30804.52,C100319,4320.01,4537.15,0
82,CASH_OUT,350.19,C100237,4358.81,4008.62,C100238,17669.94,18020.13,0
22,CASH_OUT,28798.21,C_MULE_B3,1946.46,0.0,C_MULE_B2,1758.95,30557.16,1
60,CASH_IN,101.55,C100410,18219.19,18117.64,C100073,7154.48,7256.03,0
79,TRANSFER,292.42,C100141,4257.46,3965.04,C100178,8850.92,9143.34,0
15,TRANSFER,51.94,C100044,11134.51,11082.57,C100052,8443.74,8495.68,0
67,TRANSFER,24.75,C100473,33350.86,33326.11,C100106,25990.18,26014.93,0
28,CASH_OUT,96.13,C100464,38099.45,38003.32,C100267,11402.22,11498.35,0
7,DEBIT,363.72,C100183,34662.34,34298.62,C100050,18677.64,19041.36,0
93,TRANSFER,22.56,C100173,28158.98,28136.42,C100339,17133.85,17156.41,0
50,CASH_OUT,300.21,C100221,38304.03,38003.82,C100474,28952.95,29253.16,0
25,TRANSFER,18885.07,C_MULE_C1,1797.84,0.0,C_MULE_C4,829.2,19714.27,1
7,DEBIT,79.85,C100023,44742.56,44662.71,C100060,8218.15,8298.0,0
23,DEBIT,127.82,C100365,15049.3,14921.48,C100003,17766.26,17894.08,0
72,DEBIT,71.14,C100221,33470.03,33398.89,C100044,14994.81,15065.95,0
26,TRANSFER,41570.18,C_MULE_B4,2423.5,0.0,C_MULE_B0,486.01,42056.19,1
34,PAYMENT,83.84,C100259,35307.05,35223.21,C100138,7469.08,7552.92,0
53,PAYMENT,311.95,C100111,47782.03,47470.08,C100423,27474.24,27786.19,0
80,DEBIT,476.13,C100365,44591.39,44115.26,C100007,3748.85,4224.98,0
41,TRANSFER,85.61,C100458,20709.21,20623.6,C100438,17216.61,17302.22,0
7,TRANSFER,175.91,C100484,3788.66,3612.75,C100195,22279.14,22455.05,0
85,DEBIT,85.15,C100152,38226.85,38141.7,C100345,19547.32,19632.47,0
76,CASH_IN,134.75,C100420,49713.69,49578.94,C100339,22854.92,22989.67,0
31,TRANSFER,127.93,C100007,3304.03,3176.1,C100368,29748.07,29876.0,0
34,TRANSFER,175.28,C100081,6347.31,6172.03,C100101,29785.98,29961.26,0
60,TRANSFER,1079.37,C100079,39613.49,38534.12,C100354,17412.4,18491.77,0
30,TRANSFER,327.95,C100027,28312.62,27984.67,C100091,9966.93,10294.88,0
79,CASH_OUT,645.34,C100467,1709.96,1064.62,C100205,10117.56,10762.9,0
84,PAYMENT,101.32,C100250,7563.36,7462.04,C100495,22727.57,22828.89,0
83,DEBIT,41.55,C100273,27685.07,27643.52,C100365,7705.9,7747.45,0
85,DEBIT,179.32,C100220,28205.94,28026.62,C100230,5989.85,6169.17,0
30,CASH_OUT,30720.5,C_MULE_A2,2638.22,0.0,C_MULE_A5,753.33,31473.83,1
82,DEBIT,70.3,C100041,15187.52,15117.22,C100145,13808.62,13878.92,0
15,DEBIT,116.49,C100232,9177.9,9061.41,C100395,29433.48,29549.97,0
1,CASH_OUT,351.23,C100088,47525.7,47174.47,C100187,25346.89,25698.12,0
44,CASH_OUT,250.23,C100498,30545.29,30295.06,C100474,24950.02,25200.25,0
8,DEBIT,99.73,C100094,16910.64,16810.91,C100477,21688.36,21788.09,0
32,DEBIT,54.05,C100152,27199.47,27145.42,C100410,26925.37,26979.42,0
60,PAYMENT,165.65,C100447,23758.18,23592.53,C100255,21465.63,21631.28,0
31,CASH_IN,69.68,C100135,45648.32,45578.64,C100225,19826.95,19896.63,0
93,DEBIT,131.18,C100431,40142.73,40011.55,C100279,4515.09,4646.27,0
24,TRANSFER,252.97,C100038,28278.22,28025.25,C100062,18718.48,18971.45,0
4,TRANSFER,133.73,C100141,8145.8,8012.07,C100248,24116.87,24250.6,0
97,TRANSFER,69.92,C100072,2091.29,2021.37,C100143,25942.15,26012.07,0
17,CASH_OUT,30016.47,C_MULE_C6,1013.12,0.0,C_MULE_C2,910.6,30927.07,1
82,DEBIT,87.77,C100151,26875.93,26788.16,C100256,22426.64,22514.41,0
72,TRANSFER,753.54,C100494,32026.91,31273.37,C100409,21703.43,22456.97,0
43,CASH_OUT,44.48,C100071,23787.05,23742.57,C100410,930.96,975.44,0
54,CASH_OUT,142.3,C100393,31637.86,31495.56,C100350,14017.43,14159.73,0
29,TRANSFER,27495.55,C_MULE_B3,4865.4,0.0,C_MULE_B2,1395.23,28890.78,1
36,CASH_OUT,167.11,C100044,38111.8,37944.69,C100434,5514.1,5681.21,0
1,TRANSFER,472.89,C100120,49612.07,49139.18,C100409,7188.2,7661.09,0
4,CASH_IN,164.4,C100409,30397.61,30233.21,C100174,29667.65,29832.05,0
75,CASH_IN,24.97,C100481,4937.94,4912.97,C100439,16259.11,16284.08,0
81,CASH_IN,154.18,C100236,6971.91,6817.73,C100080,27405.47,27559.65,0
2,DEBIT,25.72,C100054,7737.74,7712.02,C100483,18982.16,19007.88,0
77,TRANSFER,457.5,C100440,28158.7,27701.2,C100104,12300.91,12758.41,0
16,TRANSFER,147.58,C100096,45553.11,45405.53,C100418,2748.3,2895.88,0
77,CASH_OUT,176.3,C100437,49085.24,48908.94,C100383,17635.83,17812.13,0
49,TRANSFER,86.1,C100055,7464.38,7378.28,C100031,8580.08,8666.18,0
59,DEBIT,419.04,C100451,31442.53,31023.49,C100114,16422.81,16841.85,0
67,CASH_OUT,181.67,C100119,22243.06,22061.39,C100081,25024.46,25206.13,0
20,CASH_IN,75.16,C100129,5984.71,5909.55,C100035,14175.86,14251.02,0
16,CASH_OUT,60.32,C100078,34781.5,34721.18,C100339,13088.76,13149.08,0
86,DEBIT,88.93,C100090,38131.73,38042.8,C100111,12559.71,12648.64,0
53,CASH_OUT,453.81,C100306,42354.61,41900.8,C100431,3493.49,3947.3,0
84,TRANSFER,135.05,C100496,10607.51,10472.46,C100211,20907.87,21042.92,0
37,CASH_OUT,62.04,C100226,20344.44,20282.4,C100428,9214.24,9276.28,0
81,PAYMENT,146.5,C100301,21170.25,21023.75,C100404,25132.9,25279.4,0
81,CASH_OUT,47.31,C100287,47582.98,47535.67,C100327,13142.14,13189.45,0
65,DEBIT,143.89,C100047,25740.69,25596.8,C100046,13890.28,14034.17,0
94,DEBIT,195.87,C100129,5618.01,5422.14,C100034,8991.89,9187.76,0
82,TRANSFER,203.83,C100426,40987.9,40784.07,C100312,22574.42,22778.25,0
76,DEBIT,167.47,C100254,5000.34,4832.87,C100444,29408.18,29575.65,0
62,DEBIT,94.23,C100388,13937.61,13843.38,C100235,17871.97,17966.2,0
8,CASH_IN,17.78,C100135,22289.15,22271.37,C100103,4547.91,4565.69,0
88,CASH_IN,121.8,C100182,46965.8,46844.0,C100232,13269.76,13391.56,0
32,PAYMENT,121.98,C100138,2221.26,2099.28,C100495,15092.37,15214.35,0
8,PAYMENT,409.85,C100472,2821.76,2411.91,C100446,27274.8,27684.65,0
93,PAYMENT,359.16,C100173,46930.58,46571.42,C100084,3396.99,3756.15,0
81,PAYMENT,112.03,C100330,45435.54,45323.51,C100156,18641.49,18753.52,0
73,DEBIT,52.92,C100486,13407.21,13354.29,C100109,3995.74,4048.66,0
82,TRANSFER,275.79,C100465,41074.19,40798.4,C100228,16756.11,17031.9,0
83,DEBIT,53.07,C100253,19092.76,19039.69,C100464,3808.55,3861.62,0
99,CASH_OUT,221.18,C100173,2801.21,2580.03,C100339,12322.9,12544.08,0
87,CASH_IN,24.93,C100372,27401.03,27376.1,C100002,12122.05,12146.98,0
1,PAYMENT,282.78,C100078,46486.06,46203.28,C100233,5685.56,5968.34,0
91,CASH_IN,223.69,C100278,18797.54,18573.85,C100168,10912.29,11135.98,0
61,DEBIT,77.46,C100273,42429.78,42352.32,C100188,22719.68,22797.14,0
14,CASH_IN,156.92,C100138,16691.11,16534.19,C100295,22827.08,22984.0,0
55,DEBIT,840.51,C100068,39899.35,39058.84,C100485,16693.52,17534.03,0
79,CASH_IN,43.98,C100080,4611.3,4567.32,C100373,3004.02,3048.0,0
50,TRANSFER,221.25,C100455,48546.59,48325.34,C100138,10140.49,10361.74,0
7,CASH_OUT,133.26,C100404,1806.51,1673.25,C100321,26331.97,26465.23,0
63,TRANSFER,178.46,C100049,25119.59,24941.13,C100491,17993.47,18171.93,0
95,CASH_OUT,151.57,C100328,2126.31,1974.74,C100455,17742.25,17893.82,0
92,PAYMENT,173.59,C100129,27368.39,27194.8,C100353,16181.29,16354.88,0
29,PAYMENT,88.01,C100199,41951.65,41863.64,C100287,27681.75,27769.76,0
49,PAYMENT,93.24,C100182,28922.44,28829.2,C100438,14909.21,15002.45,0
66,TRANSFER,101.15,C100103,25377.04,25275.89,C100461,21137.55,21238.7,0
21,TRANSFER,15885.37,C_MULE_C5,3073.9,0.0,C_MULE_C2,445.74,16331.11,1
97,TRANSFER,286.0,C100015,11842.03,11556.03,C100412,27294.03,27580.03,0
80,TRANSFER,566.64,C100386,28655.55,28088.91,C100369,6461.5,7028.14,0
59,PAYMENT,124.27,C100323,26931.83,26807.56,C100122,6442.21,6566.48,0
42,PAYMENT,1051.42,C100476,45431.14,44379.72,C100001,3775.32,4826.74,0
24,CASH_OUT,109.88,C100443,37361.57,37251.69,C100012,1479.12,1589.0,0
11,PAYMENT,75.72,C100364,48836.09,48760.37,C100206,22728.77,22804.49,0
92,PAYMENT,237.59,C100371,29719.61,29482.02,C100066,21740.41,21978.0,0
56,PAYMENT,588.81,C100007,8356.77,7767.96,C100086,12494.26,13083.07,0
99,PAYMENT,34.34,C100137,19364.4,19330.06,C100196,2903.89,2938.23,0
98,DEBIT,73.8,C100262,20964.73,20890.93,C100189,23146.13,23219.93,0
52,DEBIT,190.49,C100151,22344.62,22154.13,C100080,17889.69,18080.18,0
52,DEBIT,75.04,C100356,47629.77,47554.73,C100490,2997.36,3072.4,0
48,CASH_OUT,49.55,C100440,31911.39,31861.84,C100239,11989.62,12039.17,0
11,CASH_OUT,17122.47,C_MULE_A3,3706.24,0.0,C_MULE_A4,1725.95,18848.42,1
95,DEBIT,9.98,C100124,4034.15,4024.17,C100164,12784.22,12794.2,0
34,TRANSFER,73.64,C100306,17918.61,17844.97,C100061,27778.16,27851.8,0
98,CASH_IN,164.49,C100271,37344.78,37180.29,C100143,2549.84,2714.33,0
88,CASH_IN,37.78,C100079,40989.75,40951.97,C100028,2864.63,2902.41,0
22,CASH_IN,134.89,C100240,39756.36,39621.47,C100004,17042.61,17177.5,0
16,CASH_IN,103.11,C100079,30808.82,30705.71,C100083,20652.07,20755.18,0
80,DEBIT,83.2,C100445,10184.25,10101.05,C100484,10876.95,10960.15,0
52,PAYMENT,640.79,C100150,48116.66,47475.87,C100498,20273.76,20914.55,0
66,TRANSFER,527.64,C100189,31199.27,30671.63,C100497,7039.59,7567.23,0
57,TRANSFER,87.92,C100122,7338.97,7251.05,C100234,2978.93,3066.85,0
2,TRANSFER,19.76,C100195,41963.45,41943.69,C100381,25994.4,26014.16,0
40,TRANSFER,155.09,C100359,31891.44,31736.35,C100363,7660.56,7815.65,0
15,PAYMENT,239.76,C100446,2900.62,2660.86,C100488,17806.28,18046.04,0
13,DEBIT,175.16,C100204,16935.02,16759.86,C100414,27510.06,27685.22,0
26,CASH_IN,70.98,C100258,25497.04,25426.06,C100005,10290.7,10361.68,0
6,TRANSFER,134.08,C100294,29177.67,29043.59,C100485,7927.08,8061.16,0
94,CASH_OUT,98.67,C100107,8348.58,8249.91,C100182,21854.0,21952.67,0
31,CASH_OUT,302.52,C100141,34108.22,33805.7,C100053,11243.42,11545.94,0
14,DEBIT,572.54,C100376,19890.7,19318.16,C100157,2336.65,2909.19,0
69,TRANSFER,340.11,C100341,40324.11,39984.0,C100349,20513.37,20853.48,0
23,TRANSFER,99.67,C100421,13012.81,12913.14,C100093,6630.24,6729.91,0
2,CASH_OUT,59.8,C100467,27084.39,27024.59,C100281,19339.5,19399.3,0
26,DEBIT,105.47,C100195,46708.04,46602.57,C100375,1725.79,1831.26,0
7,TRANSFER,71.87,C100175,28271.55,28199.68,C100330,21092.63,21164.5,0
2,DEBIT,521.62,C100497,39585.32,39063.7,C100440,4283.78,4805.4,0
46,PAYMENT,77.89,C100091,15624.62,15546.73,C100010,18238.97,18316.86,0
42,TRANSFER,41.89,C100383,26844.41,26802.52,C100382,21462.92,21504.81,0
74,PAYMENT,322.37,C100023,38963.97,38641.6,C100098,28314.97,28637.34,0
93,PAYMENT,174.77,C100206,24612.07,24437.3,C100311,6928.84,7103.61,0
22,DEBIT,615.72,C100429,26593.73,25978.01,C100055,1068.58,1684.3,0
71,CASH_IN,87.97,C100314,5524.38,5436.41,C100438,2409.51,2497.48,0
20,PAYMENT,140.98,C100007,24148.42,24007.44,C100267,727.48,868.46,0
56,TRANSFER,140.1,C100177,23395.19,23255.09,C100137,19733.26,19873.36,0
5,CASH_IN,49.88,C100321,32004.13,31954.25,C100283,26281.93,26331.81,0
36,CASH_IN,42.64,C100317,40738.36,40695.72,C100010,7078.45,7121.09,0
84,CASH_OUT,83.85,C100138,24946.21,24862.36,C100007,23136.57,23220.42,0
42,TRANSFER,77.38,C100458,36807.73,36730.35,C100304,3955.72,4033.1,0
83,PAYMENT,191.76,C100457,33528.12,33336.36,C100076,4170.35,4362.11,0
33,TRANSFER,134.56,C100316,19485.21,19350.65,C100308,5824.77,5959.33,0
93,PAYMENT,34.44,C100007,17202.28,17167.84,C100184,26958.51,26992.95,0
2,CASH_IN,83.91,C100185,31926.22,31842.31,C100303,25009.91,25093.82,0
18,CASH_OUT,61.8,C100004,23889.05,23827.25,C100376,15443.9,15505.7,0
87,CASH_IN,324.38,C100436,27013.77,26689.39,C100480,19887.15,20211.53,0
77,CASH_IN,99.22,C100312,14349.13,14249.91,C100429,4670.74,4769.96,0
30,CASH_IN,57.03,C100349,33729.55,33672.52,C100295,24536.9,24593.93,0
47,CASH_IN,108.53,C100398,22530.8,22422.27,C100151,19428.03,19536.56,0
59,CASH_OUT,553.83,C100034,22157.68,21603.85,C100225,9584.83,10138.66,0
94,CASH_IN,117.43,C100247,26344.72,26227.29,C100422,6471.15,6588.58,0
28,TRANSFER,133.84,C100167,11404.85,11271.01,C100394,25626.78,25760.62,0
82,PAYMENT,81.14,C100435,47205.39,47124.25,C100091,23386.22,23467.36,0
59,TRANSFER,153.32,C100228,6626.71,6473.39,C100483,19021.03,19174.35,0
43,CASH_IN,50.29,C100128,28778.83,28728.54,C100145,10438.52,10488.81,0
40,DEBIT,948.66,C100174,1689.15,740.49,C100140,15380.22,16328.88,0
23,DEBIT,77.43,C100309,38740.75,38663.32,C100499,29747.68,29825.11,0
32,PAYMENT,240.36,C100337,18115.34,17874.98,C100109,2931.16,3171.52,0
1,DEBIT,306.31,C100254,16333.0,16026.69,C100451,27101.38,27407.69,0
44,DEBIT,697.96,C100219,24215.79,23517.83,C100446,26323.85,27021.81,0
32,DEBIT,477.95,C100164,5724.0,5246.05,C100249,12313.55,12791.5,0
47,TRANSFER,89.72,C100061,43558.42,43468.7,C100476,14745.35,14835.07,0
84,TRANSFER,101.39,C100015,30856.78,30755.39,C100110,8445.18,8546.57,0
38,TRANSFER,16856.75,C_MULE_C5,2194.47,0.0,C_MULE_C3,1104.74,17961.49,1
34,CASH_OUT,24462.93,C_MULE_C0,4816.69,0.0,C_MULE_C1,1994.75,26457.68,1
13,TRANSFER,24465.06,C_MULE_B1,3079.63,0.0,C_MULE_B2,624.75,25089.81,1
41,DEBIT,271.4,C100218,9235.54,8964.14,C100242,7086.98,7358.38,0
18,DEBIT,147.93,C100122,1067.26,919.33,C100000,24106.59,24254.52,0
29,DEBIT,269.31,C100179,18133.12,17863.81,C100088,9250.0,9519.31,0
30,TRANSFER,33350.5,C_MULE_B1,2175.06,0.0,C_MULE_B3,1066.9,34417.4,1
34,CASH_OUT,65.15,C100443,6987.26,6922.11,C100124,26765.68,26830.83,0
89,TRANSFER,120.05,C100250,16087.42,15967.37,C100291,1274.11,1394.16,0
15,DEBIT,81.81,C100055,8217.41,8135.6,C100253,29258.56,29340.37,0
95,PAYMENT,1042.25,C100497,32858.88,31816.63,C100494,6232.83,7275.08,0
67,TRANSFER,145.11,C100244,7727.16,7582.05,C100225,16546.35,16691.46,0
58,TRANSFER,41.04,C100035,21654.09,21613.05,C100289,24282.49,24323.53,0
55,CASH_OUT,366.76,C100210,9785.92,9419.16,C100162,22453.7,22820.46,0
9,TRANSFER,492.64,C100374,7087.91,6595.27,C100089,23341.38,23834.02,0
61,CASH_OUT,291.15,C100395,2531.17,2240.02,C100153,3512.93,3804.08,0
18,CASH_OUT,121.64,C100359,23927.86,23806.22,C100328,8939.62,9061.26,0
71,CASH_IN,22.81,C100466,32031.85,32009.04,C100118,17828.74,17851.55,0
38,TRANSFER,83.54,C100469,14304.35,14220.81,C100004,615.02,698.56,0
98,TRANSFER,110.53,C100087,2226.13,2115.6,C100242,7964.22,8074.75,0
88,PAYMENT,260.96,C100474,29197.02,28936.06,C100387,9998.83,10259.79,0
79,TRANSFER,251.86,C100300,15606.17,15354.31,C100325,2687.27,2939.13,0
8,CASH_IN,87.93,C100406,27079.89,26991.96,C100274,14735.78,14823.71,0
90,DEBIT,56.71,C100422,12493.0,12436.29,C100141,23370.14,23426.85,0
40,DEBIT,90.82,C100276,28370.2,28279.38,C100238,17493.31,17584.13,0
28,DEBIT,703.48,C100346,32630.88,31927.4,C100301,27075.78,27779.26,0
64,CASH_OUT,355.79,C100189,14893.18,14537.39,C100452,25016.2,25371.99,0
9,TRANSFER,74.46,C100264,34120.97,34046.51,C100117,10419.28,10493.74,0
73,PAYMENT,240.72,C100311,45318.4,45077.68,C100415,12452.32,12693.04,0
51,CASH_OUT,54.77,C100121,7518.9,7464.13,C100436,19411.2,19465.97,0
98,DEBIT,61.3,C100408,20723.93,20662.63,C100082,6712.87,6774.17,0
30,DEBIT,230.29,C100415,29820.84,29590.55,C100145,10008.98,10239.27,0
83,PAYMENT,446.68,C100293,48252.33,47805.65,C100081,4153.97,4600.65,0
53,DEBIT,415.23,C100282,14089.72,13674.49,C100098,14624.22,15039.45,0
23,TRANSFER,23360.59,C_MULE_C3,4622.99,0.0,C_MULE_C4,311.02,23671.61,1
28,PAYMENT,120.46,C100232,31478.08,31357.62,C100447,22607.03,22727.49,0
59,PAYMENT,337.04,C100269,3033.83,2696.79,C100054,9641.43,9978.47,0
92,DEBIT,38.58,C100216,23506.89,23468.31,C100248,26779.65,26818.23,0
55,PAYMENT,91.81,C100399,13064.64,12972.83,C100309,21219.58,21311.39,0
16,CASH_IN,331.56,C100489,9527.14,9195.58,C100325,22229.05,22560.61,0
86,CASH_OUT,1335.54,C100397,4574.15,3238.61,C100045,1924.43,3259.97,0
5,CASH_OUT,50.12,C100006,42397.91,42347.79,C100342,4292.31,4342.43,0
65,CASH_OUT,314.74,C100125,31028.75,30714.01,C100369,22579.81,22894.55,0
33,CASH_OUT,243.41,C100422,23063.07,22819.66,C100399,15587.55,15830.96,0
16,CASH_IN,120.66,C100393,46292.98,46172.32,C100000,3814.82,3935.48,0
13,DEBIT,94.37,C100150,43865.23,43770.86,C100374,29577.99,29672.36,0
82,PAYMENT,195.52,C100081,33017.69,32822.17,C100008,21750.66,21946.18,0
3,CASH_OUT,152.18,C100329,14910.06,14757.88,C100030,13431.55,13583.73,0
64,TRANSFER,110.73,C100224,28768.98,28658.25,C100437,7449.96,7560.69,0
77,TRANSFER,58.56,C100119,44362.89,44304.33,C100179,19031.28,19089.84,0
3,CASH_OUT,34.55,C100016,33483.7,33449.15,C100281,15057.57,15092.12,0
56,PAYMENT,427.91,C100341,19145.71,18717.8,C100327,3827.94,4255.85,0
7,CASH_IN,77.93,C100141,8354.51,8276.58,C100364,26935.97,27013.9,0
19,TRANSFER,280.14,C100385,22381.16,22101.02,C100395,17205.58,17485.72,0
98,CASH_IN,50.06,C100445,46092.21,46042.15,C100493,9393.47,9443.53,0
74,TRANSFER,165.01,C100189,38806.24,38641.23,C100481,5546.47,5711.48,0
47,CASH_OUT,439.51,C100220,1710.99,1271.48,C100417,17586.0,18025.51,0
72,CASH_IN,92.36,C100124,40724.79,40632.43,C100323,9629.8,9722.16,0
5,DEBIT,64.36,C100388,40142.69,40078.33,C100210,3213.01,3277.37,0
58,PAYMENT,828.84,C100016,13177.84,12349.0,C100416,11210.6,12039.44,0
76,CASH_IN,96.4,C100140,47066.51,46970.11,C100461,11354.33,11450.73,0
57,CASH_IN,234.99,C100409,24452.28,24217.29,C100422,24992.69,25227.68,0
29,CASH_IN,266.17,C100462,40749.46,40483.29,C100158,9387.46,9653.63,0
51,PAYMENT,72.32,C100420,18531.73,18459.41,C100495,19317.83,19390.15,0
45,CASH_IN,629.65,C100189,15642.63,15012.98,C100085,9671.37,10301.02,0
91,PAYMENT,132.19,C100258,23051.84,22919.65,C100415,28784.86,28917.05,0
89,DEBIT,874.37,C100227,10918.78,10044.41,C100132,4458.87,5333.24,0
28,DEBIT,215.77,C100099,48389.01,48173.24,C100103,4014.28,4230.05,0
11,DEBIT,127.08,C100248,35028.42,34901.34,C100438,2846.66,2973.74,0
60,CASH_IN,93.45,C100252,11557.93,11464.48,C100167,18321.91,18415.36,0
37,PAYMENT,577.49,C100094,2567.81,1990.32,C100426,8975.84,9553.33,0
91,CASH_OUT,61.69,C100420,7598.49,7536.8,C100171,21260.33,21322.02,0
66,TRANSFER,58.72,C100362,19727.23,19668.51,C100499,5333.94,5392.66,0
87,TRANSFER,19.99,C100146,28568.06,28548.07,C100438,26938.76,26958.75,0
26,CASH_IN,77.38,C100434,33316.89,33239.51,C100236,21364.74,21442.12,0
82,DEBIT,420.2,C100340,23552.0,23131.8,C100077,12378.68,12798.88,0
47,DEBIT,38.78,C100418,1167.92,1129.14,C100124,5859.7,5898.48,0
30,TRANSFER,37912.66,C_MULE_A2,3508.9,0.0,C_MULE_A3,1319.94,39232.6,1
80,TRANSFER,337.93,C100428,5340.81,5002.88,C100351,8497.19,8835.12,0
67,TRANSFER,287.6,C100337,12787.64,12500.04,C100032,1921.92,2209.52,0
59,CASH_IN,157.98,C100356,49952.01,49794.03,C100205,12868.29,13026.27,0
25,CASH_OUT,1403.83,C100286,26542.64,25138.81,C100311,6455.47,7859.3,0
81,CASH_IN,29.75,C100060,9051.38,9021.63,C100344,810.61,840.36,0
8,CASH_OUT,502.17,C100373,28620.91,28118.74,C100489,21012.25,21514.42,0
21,DEBIT,565.67,C100309,45324.2,44758.53,C100499,7798.22,8363.89,0
76,CASH_OUT,292.17,C100318,45945.9,45653.73,C100038,7381.26,7673.43,0
83,TRANSFER,92.42,C100194,20529.2,20436.78,C100404,19619.86,19712.28,0
82,PAYMENT,98.28,C100477,48756.13,48657.85,C100381,14153.45,14251.73,0
59,CASH_IN,520.61,C100287,15684.79,15164.18,C100028,29444.34,29964.95,0
97,TRANSFER,311.33,C100382,3281.15,2969.82,C100193,29894.55,30205.88,0
90,CASH_IN,670.35,C100495,16273.34,15602.99,C100070,8284.46,8954.81,0
94,DEBIT,425.68,C100333,1348.63,922.95,C100029,15597.32,16023.0,0
29,DEBIT,101.68,C100183,41577.86,41476.18,C100399,20176.51,20278.19,0
92,CASH_IN,108.18,C100164,37973.05,37864.87,C100400,18320.77,18428.95,0
96,CASH_OUT,121.3,C100086,3311.87,3190.57,C100027,29450.04,29571.34,0
18,TRANSFER,304.88,C100246,29020.88,28716.0,C100084,23396.7,23701.58,0
30,TRANSFER,44.72,C100157,5382.21,5337.49,C100199,12901.58,12946.3,0
16,TRANSFER,404.94,C100172,42090.63,41685.69,C100413,13366.77,13771.71,0
32,DEBIT,145.22,C100283,1821.11,1675.89,C100137,16014.88,16160.1,0
75,CASH_OUT,184.91,C100407,43644.21,43459.3,C100381,12857.48,13042.39,0
26,PAYMENT,52.73,C100172,10508.2,10455.47,C100210,6733.2,6785.93,0
49,TRANSFER,76.41,C100205,7393.19,7316.78,C100368,8308.56,8384.97,0
32,TRANSFER,49.46,C100242,6334.68,6285.22,C100160,8719.73,8769.19,0
97,DEBIT,12.32,C100093,39974.83,39962.51,C100437,11975.16,11987.48,0
92,DEBIT,351.79,C100264,45607.88,45256.09,C100359,5933.06,6284.85,0
29,CASH_OUT,24158.38,C_MULE_B4,4634.82,0.0,C_MULE_B2,748.28,24906.66,1
48,DEBIT,471.48,C100057,38965.36,38493.88,C100114,6216.51,6687.99,0
40,TRANSFER,79.48,C100352,8108.27,8028.79,C100340,26676.06,26755.54,0
58,DEBIT,235.34,C100188,15349.7,15114.36,C100454,11725.34,11960.68,0
78,CASH_OUT,81.52,C100099,13303.36,13221.84,C100077,1185.54,1267.06,0
88,PAYMENT,52.52,C100084,27159.59,27107.07,C100247,3127.06,3179.58,0
37,PAYMENT,24.77,C100467,3351.47,3326.7,C100471,21062.42,21087.19,0
91,TRANSFER,773.76,C100051,40330.27,39556.51,C100003,9072.87,9846.63,0
18,CASH_IN,63.35,C100030,31337.38,31274.03,C100357,26642.66,26706.01,0
48,TRANSFER,81.5,C100143,29305.29,29223.79,C100053,8124.32,8205.82,0
94,TRANSFER,237.95,C100225,42896.21,42658.26,C100342,26451.56,26689.51,0
64,TRANSFER,42.36,C100129,22426.86,22384.5,C100243,2833.58,2875.94,0
90,DEBIT,114.16,C100117,46119.46,46005.3,C100206,4840.88,4955.04,0
59,PAYMENT,229.49,C100238,4103.86,3874.37,C100094,23377.21,23606.7,0
15,CASH_OUT,39324.09,C_MULE_A2,2774.7,0.0,C_MULE_A1,1422.89,40746.98,1
39,PAYMENT,462.73,C100002,37869.48,37406.75,C100124,20660.8,21123.53,0
45,PAYMENT,55.86,C100241,34676.38,34620.52,C100447,27859.3,27915.16,0
89,CASH_IN,719.26,C100145,42368.6,41649.34,C100467,28015.02,28734.28,0
61,CASH_OUT,464.55,C100228,43111.72,42647.17,C100207,29280.37,29744.92,0
92,DEBIT,224.34,C100258,49547.83,49323.49,C100047,20376.12,20600.46,0
18,TRANSFER,163.71,C100449,4201.79,4038.08,C100493,22519.04,22682.75,0
81,CASH_IN,30.6,C100230,35665.84,35635.24,C100077,24168.12,24198.72,0
90,PAYMENT,171.7,C100338,16692.67,16520.97,C100335,17871.23,18042.93,0
12,TRANSFER,226.37,C100129,30163.85,29937.48,C100270,17559.47,17785.84,0
15,DEBIT,141.65,C100310,4471.58,4329.93,C100459,18883.19,19024.84,0
61,TRANSFER,426.42,C100134,43418.82,42992.4,C100282,19265.57,19691.99,0
84,CASH_IN,46.18,C100020,7443.55,7397.37,C100434,24681.13,24727.31,0
61,CASH_OUT,32.83,C100484,9176.07,9143.24,C100068,20398.62,20431.45,0
33,TRANSFER,19166.46,C_MULE_A4,1530.84,0.0,C_MULE_A5,475.17,19641.63,1
5,CASH_IN,125.94,C100035,2383.88,2257.94,C100154,12888.92,13014.86,0
19,TRANSFER,230.8,C100261,31171.0,30940.2,C100096,22705.75,22936.55,0
6,CASH_OUT,158.66,C100065,33423.45,33264.79,C100066,21125.72,21284.38,0
39,CASH_OUT,104.97,C100409,30313.77,30208.8,C100322,4682.68,4787.65,0
80,DEBIT,610.07,C100402,15860.43,15250.36,C100132,896.55,1506.62,0
77,CASH_IN,101.55,C100438,25858.32,25756.77,C100124,26999.61,27101.16,0
13,CASH_IN,124.73,C100138,37468.64,37343.91,C100283,21231.55,21356.28,0
34,TRANSFER,29115.92,C_MULE_A1,2278.11,0.0,C_MULE_A2,399.62,29515.54,1
9,CASH_OUT,174.05,C100265,39117.98,38943.93,C100422,25311.79,25485.84,0
96,DEBIT,65.55,C100473,27833.45,27767.9,C100033,533.5,599.05,0
50,PAYMENT,446.88,C100299,49125.7,48678.82,C100391,28782.64,29229.52,0
33,DEBIT,237.22,C100490,21441.69,21204.47,C100153,10921.04,11158.26,0
79,DEBIT,416.27,C100179,32150.47,31734.2,C100333,20451.85,20868.12,0
38,CASH_OUT,44619.26,C_MULE_A1,1278.38,0.0,C_MULE_A3,1089.85,45709.11,1
2,DEBIT,175.18,C100464,5861.27,5686.09,C100038,14449.24,14624.42,0
24,CASH_IN,132.26,C100398,1310.55,1178.29,C100019,19444.55,19576.81,0
92,TRANSFER,1753.54,C100261,31822.81,30069.27,C100396,13574.09,15327.63,0
48,CASH_IN,160.27,C100134,25591.56,25431.29,C100498,28786.66,28946.93,0
74,TRANSFER,14.07,C100099,3959.4,3945.33,C100144,28489.42,28503.49,0
78,CASH_OUT,358.48,C100062,31096.56,30738.08,C100417,8392.68,8751.16,0
39,CASH_OUT,323.96,C100166,48859.11,48535.15,C100266,21481.14,21805.1,0
39,DEBIT,63.9,C100382,26255.15,26191.25,C100286,10645.75,10709.65,0
61,CASH_IN,200.52,C100433,11220.76,11020.24,C100496,21957.47,22157.99,0
74,TRANSFER,74.12,C100216,3896.24,3822.12,C100271,18242.75,18316.87,0
47,DEBIT,961.16,C100391,45534.41,44573.25,C100189,28057.72,29018.88,0
45,PAYMENT,288.38,C100133,19969.53,19681.15,C100195,24182.57,24470.95,0
1,CASH_OUT,150.86,C100081,25812.8,25661.94,C100127,3548.21,3699.07,0
33,CASH_OUT,341.76,C100130,25511.67,25169.91,C100404,1391.5,1733.26,0
71,CASH_IN,414.71,C100303,18994.59,18579.88,C100414,7717.67,8132.38,0
23,DEBIT,110.13,C100178,46964.53,46854.4,C100264,10932.8,11042.93,0
62,DEBIT,57.95,C100274,1761.55,1703.6,C100338,11506.96,11564.91,0
53,CASH_OUT,509.59,C100172,43021.47,42511.88,C100399,11736.22,12245.81,0
65,DEBIT,122.94,C100477,1274.72,1151.78,C100445,12700.26,12823.2,0
35,TRANSFER,68.13,C100143,43012.18,42944.05,C100135,20239.14,20307.27,0
93,CASH_OUT,315.78,C100226,28699.41,28383.63,C100052,9664.24,9980.02,0
93,TRANSFER,190.04,C100095,26633.22,26443.18,C100079,8854.71,9044.75,0
92,TRANSFER,91.71,C100086,18758.26,18666.55,C100204,11150.36,11242.07,0
75,DEBIT,134.34,C100051,11119.12,10984.78,C100010,8489.85,8624.19,0
70,CASH_OUT,110.76,C100265,14501.23,14390.47,C100453,29018.35,29129.11,0
20,CASH_IN,884.49,C100120,29576.84,28692.35,C100146,17819.5,18703.99,0
1,CASH_IN,50.53,C100152,43178.02,43127.49,C100291,20075.28,20125.81,0
49,PAYMENT,77.04,C100466,23212.87,23135.83,C100314,22194.92,22271.96,0
99,CASH_IN,48.12,C100161,39066.07,39017.95,C100139,17369.44,17417.56,0
49,CASH_OUT,162.64,C100310,2223.54,2060.9,C100119,19103.28,19265.92,0
52,TRANSFER,68.4,C100497,29982.98,29914.58,C100352,5671.24,5739.64,0
49,PAYMENT,279.45,C100227,32565.26,32285.81,C100103,13572.51,13851.96,0
34,CASH_IN,98.2,C100382,16327.03,16228.83,C100265,2547.21,2645.41,0
29,DEBIT,19.39,C100074,23170.31,23150.92,C100466,29332.64,29352.03,0
50,PAYMENT,41.69,C100380,38170.28,38128.59,C100059,20951.15,20992.84,0
95,CASH_OUT,253.88,C100201,25672.54,25418.66,C100036,10774.89,11028.77,0
92,DEBIT,119.94,C100218,2928.65,2808.71,C100252,10809.52,10929.46,0
12,TRANSFER,180.5,C100123,43304.89,43124.39,C100414,20995.13,21175.63,0
29,TRANSFER,25591.21,C_MULE_C5,3556.05,0.0,C_MULE_C2,97.17,25688.38,1
69,TRANSFER,104.27,C100167,15313.42,15209.15,C100006,19567.29,19671.56,0
24,CASH_OUT,301.54,C100234,35385.53,35083.99,C100361,10913.14,11214.68,0
15,CASH_OUT,48.52,C100309,4776.36,4727.84,C100391,12661.44,12709.96,0
77,DEBIT,3233.95,C100473,47394.75,44160.8,C100313,25070.42,28304.37,0
57,TRANSFER,128.4,C100168,47414.09,47285.69,C100426,24744.78,24873.18,0
45,TRANSFER,43.16,C100400,4762.73,4719.57,C100341,19173.6,19216.76,0
30,CASH_OUT,158.6,C100402,27496.16,27337.56,C100364,14028.73,14187.33,0
49,CASH_IN,178.4,C100177,29855.07,29676.67,C100131,16458.39,16636.79,0
45,TRANSFER,432.91,C100246,30534.57,30101.66,C100121,6670.85,7103.76,0
6,PAYMENT,133.46,C100001,31309.0,31175.54,C100480,22922.43,23055.89,0
62,CASH_IN,119.85,C100201,44916.36,44796.51,C100399,26212.47,26332.32,0
4,PAYMENT,218.16,C100376,39684.31,39466.15,C100454,9804.19,10022.35,0
53,TRANSFER,128.59,C100302,29066.33,28937.74,C100169,21170.09,21298.68,0
45,TRANSFER,15389.39,C_MULE_A2,4706.14,0.0,C_MULE_A5,1234.53,16623.92,1
80,PAYMENT,50.23,C100343,5962.08,5911.85,C100241,22776.94,22827.17,0
82,CASH_OUT,138.66,C100037,31233.05,31094.39,C100351,27635.23,27773.89,0
14,CASH_OUT,136.4,C100011,6334.25,6197.85,C100404,25390.2,25526.6,0
36,TRANSFER,840.62,C100197,6773.14,5932.52,C100223,26041.22,26881.84,0
30,PAYMENT,230.94,C100255,24895.06,24664.12,C100484,24579.92,24810.86,0
56,TRANSFER,147.91,C100401,46248.68,46100.77,C100098,9444.72,9592.63,0
33,CASH_IN,82.06,C100391,33489.63,33407.57,C100292,10210.47,10292.53,0
17,TRANSFER,633.99,C100017,22697.12,22063.13,C100058,24613.73,25247.72,0
2,TRANSFER,481.54,C100048,42534.74,42053.2,C100045,16025.19,16506.73,0
82,DEBIT,116.41,C100458,24706.17,24589.76,C100042,24307.38,24423.79,0
80,CASH_IN,423.74,C100129,14290.66,13866.92,C100058,2873.39,3297.13,0
88,DEBIT,73.8,C100376,24203.98,24130.18,C100036,16479.07,16552.87,0
95,CASH_OUT,700.05,C100215,8867.87,8167.82,C100338,14450.15,15150.2,0
9,DEBIT,151.98,C100485,20797.99,20646.01,C100287,26713.94,26865.92,0
94,PAYMENT,685.85,C100412,19158.15,18472.3,C100204,2153.93,2839.78,0
41,TRANSFER,403.9,C100195,30201.28,29797.38,C100231,18648.91,19052.81,0
3,TRANSFER,948.76,C100453,25252.18,24303.42,C100034,9450.88,10399.64,0
90,TRANSFER,1191.14,C100103,7148.28,5957.14,C100365,10702.1,11893.24,0
33,PAYMENT,101.1,C100217,3693.26,3592.16,C100034,26094.99,26196.09,0
47,CASH_OUT,138.33,C100204,10567.6,10429.27,C100137,19844.77,19983.1,0
81,DEBIT,531.32,C100151,49140.67,48609.35,C100467,8258.44,8789.76,0
86,CASH_IN,287.54,C100121,26927.78,26640.24,C100278,23082.86,23370.4,0
76,CASH_OUT,108.58,C100393,10175.44,10066.86,C100263,16918.4,17026.98,0
47,DEBIT,85.57,C100013,2767.75,2682.18,C100215,14152.0,14237.57,0
23,CASH_OUT,88.33,C100208,10127.4,10039.07,C100140,24544.19,24632.52,0
28,TRANSFER,27748.75,C_MULE_B1,3866.43,0.0,C_MULE_B3,72.65,27821.4,1
60,TRANSFER,258.12,C100060,39498.89,39240.77,C100108,16054.21,16312.33,0
65,TRANSFER,616.16,C100426,22127.11,21510.95,C100255,14691.95,15308.11,0
47,CASH_IN,192.96,C100051,49886.12,49693.16,C100180,18411.22,18604.18,0
98,CASH_OUT,61.51,C100160,49856.59,49795.08,C100043,5972.52,6034.03,0
5,TRANSFER,81.49,C100236,15941.04,15859.55,C100479,7835.12,7916.61,0
75,CASH_OUT,51.12,C100321,11384.95,11333.83,C100190,27113.06,27164.18,0
77,CASH_OUT,62.47,C100250,33882.15,33819.68,C100405,28432.58,28495.05,0
46,PAYMENT,33.87,C100200,18331.32,18297.45,C100180,19250.55,19284.42,0
7,CASH_OUT,396.02,C100199,1358.2,962.18,C100027,19624.86,20020.88,0
36,CASH_IN,121.37,C100082,15101.96,14980.59,C100022,18957.41,19078.78,0
92,PAYMENT,122.88,C100354,2657.22,2534.34,C100362,24585.96,24708.84,0
67,DEBIT,74.26,C100309,45320.68,45246.42,C100389,21554.24,21628.5,0
12,PAYMENT,349.82,C100270,7821.48,7471.66,C100423,14216.84,14566.66,0
49,PAYMENT,351.81,C100352,21834.6,21482.79,C100067,2683.21,3035.02,0
84,TRANSFER,138.86,C100144,40666.96,40528.1,C100059,21517.74,21656.6,0
3,DEBIT,404.62,C100043,28886.54,28481.92,C100073,16052.37,16456.99,0
50,PAYMENT,221.14,C100094,9831.54,9610.4,C100420,27437.02,27658.16,0
70,CASH_OUT,645.17,C100232,19568.42,18923.25,C100492,7845.46,8490.63,0
65,DEBIT,30.51,C100079,5878.12,5847.61,C100339,11845.82,11876.33,0
48,TRANSFER,276.18,C100203,41207.38,40931.2,C100334,11697.92,11974.1,0
11,CASH_OUT,58.46,C100253,18073.22,18014.76,C100302,5623.07,5681.53,0
38,TRANSFER,571.37,C100411,5252.55,4681.18,C100405,6436.95,7008.32,0
21,TRANSFER,30003.59,C_MULE_A5,4979.57,0.0,C_MULE_A0,1331.37,31334.96,1
44,CASH_OUT,218.24,C100152,34297.29,34079.05,C100358,10323.05,10541.29,0
70,CASH_IN,474.51,C100165,47282.36,46807.85,C100217,6362.25,6836.76,0
52,CASH_IN,35.98,C100250,6089.44,6053.46,C100161,25876.9,25912.88,0
15,CASH_IN,135.33,C100349,12761.06,12625.73,C100429,10669.32,10804.65,0
56,CASH_OUT,56.99,C100079,35395.05,35338.06,C100089,28097.11,28154.1,0
58,DEBIT,132.24,C100394,27960.08,27827.84,C100467,10855.26,10987.5,0
49,CASH_OUT,663.88,C100194,5242.53,4578.65,C100007,5567.7,6231.58,0
77,CASH_IN,80.31,C100371,13332.92,13252.61,C100207,20668.11,20748.42,0
62,CASH_OUT,48.92,C100224,1667.25,1618.33,C100326,26327.19,26376.11,0
46,DEBIT,1877.84,C100457,18381.94,16504.1,C100111,28048.06,29925.9,0
95,PAYMENT,2615.57,C100166,46600.63,43985.06,C100175,4452.54,7068.11,0
53,CASH_IN,915.16,C100426,23049.22,22134.06,C100042,7696.18,8611.34,0
1,CASH_OUT,45.08,C100027,9424.91,9379.83,C100217,29826.12,29871.2,0
28,DEBIT,19.99,C100138,47506.98,47486.99,C100212,8161.74,8181.73,0
19,PAYMENT,296.53,C100203,29313.88,29017.35,C100104,934.43,1230.96,0
82,CASH_OUT,3051.16,C100201,12061.16,9010.0,C100174,16293.41,19344.57,0
82,CASH_OUT,589.86,C100201,22796.46,22206.6,C100329,16831.98,17421.84,0
98,TRANSFER,138.98,C100038,37909.11,37770.13,C100121,27153.2,27292.18,0
85,DEBIT,37.17,C100005,45746.28,45709.11,C100271,584.75,621.92,0
78,PAYMENT,156.17,C100477,19405.68,19249.51,C100152,6875.96,7032.13,0
27,DEBIT,17.76,C100213,14257.66,14239.9,C100427,20652.87,20670.63,0
36,PAYMENT,260.8,C100407,36761.37,36500.57,C100298,7094.55,7355.35,0
81,CASH_OUT,76.94,C100045,32502.13,32425.19,C100231,29609.13,29686.07,0
94,CASH_OUT,1140.34,C100128,32029.92,30889.58,C100341,10890.18,12030.52,0
5,PAYMENT,1138.32,C100151,45774.63,44636.31,C100182,12949.98,14088.3,0
81,PAYMENT,253.99,C100343,12843.49,12589.5,C100287,17071.43,17325.42,0
2,CASH_IN,130.78,C100176,37201.72,37070.94,C100222,8587.4,8718.18,0
54,PAYMENT,542.96,C100182,48174.97,47632.01,C100318,6721.68,7264.64,0
36,TRANSFER,43049.87,C_MULE_C1,4618.18,0.0,C_MULE_C6,1746.12,44795.99,1
73,CASH_IN,677.05,C100381,46598.24,45921.19,C100220,28331.95,29009.0,0
96,CASH_IN,152.91,C100336,13476.34,13323.43,C100372,28702.56,28855.47,0
23,DEBIT,23.14,C100329,26730.06,26706.92,C100025,20269.59,20292.73,0
71,CASH_OUT,68.58,C100285,19645.36,19576.78,C100195,4233.62,4302.2,0
86,DEBIT,159.52,C100353,48273.96,48114.44,C100044,20289.75,20449.27,0
42,DEBIT,37.5,C100287,5693.22,5655.72,C100382,5699.42,5736.92,0
81,CASH_OUT,114.17,C100366,47618.15,47503.98,C100059,1034.48,1148.65,0
35,TRANSFER,301.08,C100220,42902.93,42601.85,C100489,18119.17,18420.25,0
26,DEBIT,35.89,C100020,48535.17,48499.28,C100321,19862.42,19898.31,0
30,DEBIT,170.79,C100449,36368.48,36197.69,C100062,11073.66,11244.45,0
84,PAYMENT,728.62,C100333,28368.15,27639.53,C100498,11205.54,11934.16,0
19,DEBIT,127.75,C100343,47923.94,47796.19,C100165,23255.9,23383.65,0
90,PAYMENT,139.58,C100025,8612.93,8473.35,C100127,19629.05,19768.63,0
30,CASH_OUT,86.31,C100016,22964.13,22877.82,C100253,26329.0,26415.31,0
72,CASH_OUT,300.99,C100418,37695.0,37394.01,C100416,9731.45,10032.44,0
12,PAYMENT,243.38,C100096,21263.77,21020.39,C100365,5192.23,5435.61,0
57,CASH_IN,72.09,C100365,38362.86,38290.77,C100325,16196.73,16268.82,0
94,CASH_OUT,191.74,C100081,43798.96,43607.22,C100454,24474.04,24665.78,0
39,DEBIT,203.63,C100061,10187.98,9984.35,C100371,7294.48,7498.11,0
93,DEBIT,93.94,C100399,28198.92,28104.98,C100225,13145.97,13239.91,0
33,TRANSFER,24571.2,C_MULE_B2,4747.03,0.0,C_MULE_B1,523.01,25094.21,1
3,CASH_IN,20.96,C100033,31789.05,31768.09,C100142,9979.46,10000.42,0
39,CASH_IN,1833.93,C100126,15315.56,13481.63,C100481,21534.94,23368.87,0
42,DEBIT,321.29,C100435,48960.42,48639.13,C100061,19650.07,19971.36,0
68,DEBIT,36.33,C100372,49465.19,49428.86,C100156,16873.24,16909.57,0
50,DEBIT,414.39,C100310,6502.28,6087.89,C100375,22084.46,22498.85,0
65,CASH_OUT,84.99,C100265,41469.28,41384.29,C100366,18599.57,18684.56,0
8,TRANSFER,233.0,C100192,24236.3,24003.3,C100492,19745.39,19978.39,0
52,DEBIT,57.06,C100067,26688.65,26631.59,C100183,4784.03,4841.09,0
97,DEBIT,107.92,C100236,31250.46,31142.54,C100268,21725.5,21833.42,0
18,CASH_IN,112.51,C100371,15387.54,15275.03,C100345,9128.89,9241.4,0
50,TRANSFER,121.15,C100324,42620.84,42499.69,C100042,22742.03,22863.18,0
82,PAYMENT,443.55,C100239,47578.41,47134.86,C100092,14343.28,14786.83,0
88,CASH_OUT,344.22,C100178,21688.98,21344.76,C100017,19425.27,19769.49,0
3,CASH_IN,213.27,C100125,33016.59,32803.32,C100188,23262.68,23475.95,0
14,CASH_OUT,75.01,C100004,43949.71,43874.7,C100266,18093.41,18168.42,0
44,PAYMENT,657.98,C100432,17011.7,16353.72,C100238,25337.61,25995.59,0
64,CASH_IN,7.81,C100260,22744.83,22737.02,C100468,14828.92,14836.73,0
39,CASH_IN,893.03,C100193,2420.86,1527.83,C100461,16561.91,17454.94,0
88,CASH_OUT,17.88,C100178,21530.96,21513.08,C100369,29393.97,29411.85,0
5,CASH_OUT,480.48,C100253,27716.74,27236.26,C100055,14414.85,14895.33,0
67,TRANSFER,87.43,C100398,7973.54,7886.11,C100429,25216.9,25304.33,0
32,DEBIT,131.1,C100361,30201.38,30070.28,C100042,6082.41,6213.51,0
49,TRANSFER,23978.63,C_MULE_C2,1095.86,0.0,C_MULE_C0,1455.52,25434.15,1
78,PAYMENT,206.85,C100071,8026.32,7819.47,C100424,10243.15,10450.0,0
51,DEBIT,21.23,C100180,35936.27,35915.04,C100284,16776.95,16798.18,0
89,CASH_IN,556.33,C100319,24536.03,23979.7,C100449,22140.04,22696.37,0
46,CASH_IN,55.46,C100018,49155.83,49100.37,C100123,4177.2,4232.66,0
37,TRANSFER,105.28,C100439,18928.38,18823.1,C100120,8442.27,8547.55,0
45,CASH_IN,2719.35,C100363,10418.19,7698.84,C100181,24564.63,27283.98,0
51,PAYMENT,81.63,C100346,44085.86,44004.23,C100003,29891.66,29973.29,0
30,TRANSFER,55.3,C100133,33319.82,33264.52,C100064,12454.37,12509.67,0
75,TRANSFER,125.08,C100492,8450.36,8325.28,C100393,11444.13,11569.21,0
60,CASH_IN,79.21,C100296,14685.13,14605.92,C100409,20948.12,21027.33,0
29,CASH_OUT,175.04,C100462,23249.25,23074.21,C100346,570.74,745.78,0
79,PAYMENT,179.61,C100236,24764.69,24585.08,C100401,11316.9,11496.51,0
33,CASH_OUT,17896.12,C_MULE_A0,4185.52,0.0,C_MULE_A5,14.4,17910.52,1
4,DEBIT,232.52,C100018,13929.57,13697.05,C100317,7602.35,7834.87,0
43,PAYMENT,378.38,C100446,1301.47,923.09,C100428,16648.53,17026.91,0
17,CASH_IN,174.93,C100253,47162.15,46987.22,C100148,11381.59,11556.52,0
91,CASH_OUT,44.85,C100424,41476.97,41432.12,C100051,3543.93,3588.78,0
87,DEBIT,272.31,C100088,11137.54,10865.23,C100222,25060.36,25332.67,0
4,CASH_OUT,42.72,C100310,37990.85,37948.13,C100265,29307.79,29350.51,0
57,CASH_IN,36.73,C100059,18569.6,18532.87,C100121,2366.96,2403.69,0
62,CASH_OUT,332.72,C100300,10735.4,10402.68,C100327,13404.31,13737.03,0
38,CASH_OUT,1221.12,C100401,12427.57,11206.45,C100174,26315.89,27537.01,0
38,CASH_IN,44.53,C100213,8564.38,8519.85,C100294,16620.98,16665.51,0
78,CASH_OUT,60.76,C100480,48791.52,48730.76,C100027,29717.46,29778.22,0
31,TRANSFER,17423.13,C_MULE_C6,4223.77,0.0,C_MULE_C3,265.41,17688.54,1
49,CASH_OUT,197.91,C100311,29799.4,29601.49,C100299,13416.16,13614.07,0
84,CASH_IN,209.53,C100372,35429.1,35219.57,C100053,10641.21,10850.74,0
64,CASH_IN,84.45,C100348,48672.41,48587.96,C100487,13721.56,13806.01,0
41,TRANSFER,68.31,C100295,33255.73,33187.42,C100102,2110.9,2179.21,0
45,CASH_IN,291.77,C100099,37190.64,36898.87,C100242,17055.8,17347.57,0
93,DEBIT,769.38,C100392,10154.01,9384.63,C100403,1582.04,2351.42,0
72,CASH_IN,124.11,C100164,23381.81,23257.7,C100069,17158.9,17283.01,0
80,CASH_OUT,93.25,C100152,21166.38,21073.13,C100332,9452.23,9545.48,0
49,PAYMENT,155.14,C100120,45039.82,44884.68,C100300,28513.49,28668.63,0
24,DEBIT,104.65,C100127,5743.17,5638.52,C100380,6918.32,7022.97,0
7,TRANSFER,372.98,C100153,30212.41,29839.43,C100385,9330.96,9703.94,0
64,TRANSFER,256.98,C100405,30563.64,30306.66,C100177,10602.03,10859.01,0
5,DEBIT,151.1,C100284,47071.11,46920.01,C100394,25786.49,25937.59,0
74,CASH_OUT,65.56,C100308,37726.92,37661.36,C100097,4331.3,4396.86,0
22,DEBIT,111.38,C100290,31627.61,31516.23,C100150,7828.81,7940.19,0
97,TRANSFER,105.4,C100104,20032.68,19927.28,C100056,29725.77,29831.17,0
15,PAYMENT,96.59,C100497,10163.21,10066.62,C100275,7011.4,7107.99,0
29,PAYMENT,87.04,C100249,27485.7,27398.66,C100285,20066.22,20153.26,0
51,DEBIT,162.39,C100113,11428.01,11265.62,C100448,7861.56,8023.95,0
38,CASH_OUT,25867.03,C_MULE_C3,3265.99,0.0,C_MULE_C4,1183.34,27050.37,1
50,DEBIT,78.16,C100213,1465.07,1386.91,C100166,5035.09,5113.25,0
46,PAYMENT,123.6,C100362,10711.23,10587.63,C100185,9233.42,9357.02,0
95,DEBIT,121.73,C100368,8564.15,8442.42,C100486,11038.53,11160.26,0
15,CASH_IN,76.91,C100333,24764.2,24687.29,C100343,23844.17,23921.08,0
26,CASH_IN,114.07,C100200,47908.54,47794.47,C100337,13576.1,13690.17,0
47,CASH_OUT,258.56,C100243,6638.93,6380.37,C100233,2968.53,3227.09,0
7,PAYMENT,122.22,C100347,35697.59,35575.37,C100150,15960.01,16082.23,0
87,PAYMENT,89.93,C100159,28165.99,28076.06,C100324,18139.23,18229.16,0
24,CASH_IN,23.04,C100168,19314.92,19291.88,C100323,27955.68,27978.72,0
58,DEBIT,205.83,C100156,44481.93,44276.1,C100120,1413.9,1619.73,0
30,PAYMENT,197.24,C100049,9786.85,9589.61,C100302,27147.24,27344.48,0
55,CASH_OUT,532.69,C100207,27334.35,26801.66,C100467,21102.18,21634.87,0
45,TRANSFER,27067.6,C_MULE_A2,3885.92,0.0,C_MULE_A4,1725.3,28792.9,1
47,PAYMENT,453.86,C100462,26663.86,26210.0,C100002,19353.29,19807.15,0
36,DEBIT,539.99,C100264,5659.36,5119.37,C100418,18010.65,18550.64,0
1,CASH_IN,424.13,C100165,18075.05,17650.92,C100390,23554.97,23979.1,0
29,PAYMENT,229.27,C100072,4400.31,4171.04,C100452,745.01,974.28,0
25,CASH_IN,61.93,C100032,4205.27,4143.34,C100098,9296.54,9358.47,0
28,CASH_OUT,129.91,C100116,31990.44,31860.53,C100446,23006.47,23136.38,0
93,CASH_IN,208.24,C100142,43967.44,43759.2,C100277,4869.6,5077.84,0
71,DEBIT,2105.01,C100012,40908.99,38803.98,C100181,11648.97,13753.98,0
14,PAYMENT,156.29,C100191,26745.64,26589.35,C100067,11568.26,11724.55,0
8,CASH_IN,153.66,C100299,45885.75,45732.09,C100288,18881.43,19035.09,0
42,CASH_IN,91.34,C100127,36939.63,36848.29,C100426,3942.57,4033.91,0
88,DEBIT,300.03,C100493,12230.91,11930.88,C100171,22525.47,22825.5,0
87,DEBIT,145.99,C100415,18260.95,18114.96,C100472,11631.33,11777.32,0
6,CASH_OUT,449.16,C100461,48371.3,47922.14,C100334,28455.01,28904.17,0
62,CASH_OUT,123.08,C100040,23540.32,23417.24,C100036,8730.28,8853.36,0
74,PAYMENT,139.63,C100262,13276.0,13136.37,C100244,25716.38,25856.01,0
22,DEBIT,262.72,C100045,23113.67,22850.95,C100197,15632.68,15895.4,0
62,TRANSFER,141.2,C100227,12313.72,12172.52,C100108,11263.84,11405.04,0
68,CASH_IN,86.63,C100325,30919.11,30832.48,C100006,24455.99,24542.62,0
17,DEBIT,27.98,C100002,21763.22,21735.24,C100475,17130.3,17158.28,0
65,DEBIT,733.46,C100150,17248.98,16515.52,C100433,7799.72,8533.18,0
62,CASH_OUT,1268.91,C100473,33333.64,32064.73,C100281,26367.52,27636.43,0
31,TRANSFER,15040.16,C_MULE_C6,4595.56,0.0,C_MULE_C4,1738.55,16778.71,1
1,CASH_IN,673.31,C100223,35244.51,34571.2,C100355,24348.1,25021.41,0
34,CASH_OUT,89.21,C100478,19084.01,18994.8,C100396,8136.52,8225.73,0
81,TRANSFER,133.75,C100203,45420.29,45286.54,C100423,7538.78,7672.53,0
43,PAYMENT,92.14,C100461,5515.53,5423.39,C100365,8055.28,8147.42,0
72,PAYMENT,48.61,C100242,13819.99,13771.38,C100080,14649.18,14697.79,0
39,TRANSFER,271.24,C100216,26904.3,26633.06,C100388,12995.45,13266.69,0
55,PAYMENT,230.38,C100366,14313.81,14083.43,C100025,19114.32,19344.7,0
1,TRANSFER,99.75,C100037,31846.47,31746.72,C100266,8213.1,8312.85,0
84,CASH_IN,270.33,C100013,28935.79,28665.46,C100374,26899.31,27169.64,0
17,CASH_OUT,120.74,C100362,44798.82,44678.08,C100026,2503.71,2624.45,0
39,CASH_OUT,40911.72,C_MULE_C4,2933.14,0.0,C_MULE_C6,1799.58,42711.3,1
49,CASH_OUT,241.3,C100246,20629.13,20387.83,C100390,26971.83,27213.13,0
42,CASH_IN,118.88,C100284,21602.82,21483.94,C100398,5186.12,5305.0,0
17,TRANSFER,34.47,C100275,47386.73,47352.26,C100008,11374.72,11409.19,0
39,CASH_OUT,205.88,C100034,7550.76,7344.88,C100022,8481.29,8687.17,0
89,PAYMENT,54.08,C100435,12752.95,12698.87,C100494,5499.56,5553.64,0
90,CASH_IN,616.3,C100228,34389.29,33772.99,C100457,2707.18,3323.48,0
33,CASH_OUT,212.55,C100236,42984.83,42772.28,C100149,29901.45,30114.0,0
79,DEBIT,410.46,C100494,18176.6,17766.14,C100231,969.67,1380.13,0
19,CASH_IN,261.17,C100118,42105.49,41844.32,C100270,12906.68,13167.85,0
28,PAYMENT,343.6,C100111,27368.01,27024.41,C100018,23874.72,24218.32,0
45,CASH_IN,104.49,C100393,21336.58,21232.09,C100153,10972.95,11077.44,0
11,PAYMENT,749.55,C100135,28151.51,27401.96,C100196,12463.0,13212.55,0
59,CASH_OUT,570.59,C100289,20818.29,20247.7,C100368,21263.15,21833.74,0
36,CASH_IN,234.14,C100250,10084.69,9850.55,C100029,13324.4,13558.54,0
31,DEBIT,147.47,C100291,1542.13,1394.66,C100114,14184.9,14332.37,0
3,CASH_OUT,29.4,C100444,42501.65,42472.25,C100131,3406.19,3435.59,0
28,DEBIT,10.52,C100054,46667.97,46657.45,C100275,15153.88,15164.4,0
48,TRANSFER,95.62,C100468,47119.72,47024.1,C100497,24626.21,24721.83,0
23,CASH_OUT,23410.05,C_MULE_A0,2351.44,0.0,C_MULE_A2,2.03,23412.08,1
19,DEBIT,105.57,C100152,41615.2,41509.63,C100493,9247.24,9352.81,0
7,PAYMENT,27.93,C100102,33481.05,33453.12,C100328,8544.97,8572.9,0
72,CASH_OUT,59.35,C100412,7630.51,7571.16,C100219,22671.78,22731.13,0
12,CASH_OUT,97.04,C100266,2294.87,2197.83,C100389,23924.67,24021.71,0
48,CASH_IN,134.41,C100445,41837.46,41703.05,C100079,1685.25,1819.66,0
44,DEBIT,31.85,C100242,31012.57,30980.72,C100192,13881.48,13913.33,0
87,PAYMENT,406.22,C100215,10918.22,10512.0,C100479,16382.7,16788.92,0
76,CASH_OUT,85.97,C100324,29622.02,29536.05,C100355,15049.55,15135.52,0
75,PAYMENT,58.1,C100271,11281.26,11223.16,C100322,12809.89,12867.99,0
32,CASH_IN,320.29,C100256,22595.51,22275.22,C100040,19134.89,19455.18,0
50,DEBIT,998.67,C100428,18606.08,17607.41,C100095,6746.63,7745.3,0
74,CASH_IN,124.13,C100220,18006.29,17882.16,C100098,8817.02,8941.15,0
52,TRANSFER,184.43,C100380,25529.07,25344.64,C100488,6559.79,6744.22,0
93,PAYMENT,144.03,C100116,23268.91,23124.88,C100407,24673.37,24817.4,0
27,CASH_OUT,32755.27,C_MULE_B3,1546.92,0.0,C_MULE_B2,195.48,32950.75,1
56,TRANSFER,676.64,C100233,15653.94,14977.3,C100473,10385.16,11061.8,0
98,CASH_IN,63.13,C100295,1393.34,1330.21,C100474,11141.74,11204.87,0
86,DEBIT,326.6,C100167,46879.3,46552.7,C100225,2679.93,3006.53,0
19,DEBIT,67.08,C100227,35336.99,35269.91,C100359,13377.0,13444.08,0
77,DEBIT,332.19,C100391,19160.47,18828.28,C100265,17546.1,17878.29,0
62,TRANSFER,45.31,C100282,14936.62,14891.31,C100104,6214.83,6260.14,0
62,DEBIT,139.62,C100187,23927.63,23788.01,C100163,25866.47,26006.09,0
42,TRANSFER,29.94,C100343,23108.56,23078.62,C100483,688.33,718.27,0
85,DEBIT,204.7,C100061,6101.95,5897.25,C100089,18082.38,18287.08,0
34,CASH_IN,247.5,C100228,30253.23,30005.73,C100121,1284.28,1531.78,0
52,CASH_IN,161.08,C100254,45209.2,45048.12,C100175,28556.02,28717.1,0
49,DEBIT,257.21,C100066,23302.05,23044.84,C100236,27900.65,28157.86,0
48,PAYMENT,173.87,C100138,14644.8,14470.93,C100383,26818.29,26992.16,0
34,DEBIT,321.96,C100479,27958.94,27636.98,C100083,13481.16,13803.12,0
99,TRANSFER,45.99,C100310,19012.76,18966.77,C100179,9640.58,9686.57,0
48,DEBIT,236.26,C100291,15877.23,15640.97,C100317,8381.95,8618.21,0
28,PAYMENT,723.13,C100430,18170.25,17447.12,C100038,11096.51,11819.64,0
82,PAYMENT,139.85,C100156,9967.45,9827.6,C100257,11973.31,12113.16,0
80,CASH_IN,261.9,C100009,13875.11,13613.21,C100016,3152.15,3414.05,0
53,PAYMENT,920.7,C100346,38551.49,37630.79,C100318,11670.32,12591.02,0
98,PAYMENT,728.76,C100305,20702.17,19973.41,C100118,6062.13,6790.89,0
15,CASH_OUT,53.46,C100172,28858.93,28805.47,C100433,14832.25,14885.71,0
11,CASH_OUT,936.97,C100141,46219.4,45282.43,C100350,16486.31,17423.28,0
98,PAYMENT,164.13,C100472,22408.13,22244.0,C100171,23522.06,23686.19,0
34,CASH_OUT,94.65,C100334,12508.04,12413.39,C100467,19654.54,19749.19,0
85,CASH_OUT,357.01,C100081,32656.25,32299.24,C100484,20137.21,20494.22,0
1,TRANSFER,92.06,C100383,33470.75,33378.69,C100499,26489.66,26581.72,0
55,CASH_IN,239.05,C100227,31114.76,30875.71,C100251,15684.81,15923.86,0
72,CASH_IN,125.98,C100301,42526.56,42400.58,C100305,12001.75,12127.73,0
82,PAYMENT,31.82,C100118,40587.35,40555.53,C100408,10989.62,11021.44,0
9,CASH_OUT,502.56,C100396,8839.0,8336.44,C100113,20111.61,20614.17,0
19,TRANSFER,97.02,C100322,8603.75,8506.73,C100241,14681.29,14778.31,0
7,CASH_IN,220.46,C100283,40735.55,40515.09,C100256,10709.76,10930.22,0
41,TRANSFER,102.56,C100048,25371.24,25268.68,C100353,21520.38,21622.94,0
47,PAYMENT,1037.27,C100475,10021.72,8984.45,C100379,25104.26,26141.53,0
10,PAYMENT,48.06,C100271,42645.85,42597.79,C100028,27093.86,27141.92,0
80,CASH_OUT,713.99,C100182,35410.16,34696.17,C100223,17510.28,18224.27,0
96,CASH_IN,221.96,C100021,43827.29,43605.33,C100376,16352.97,16574.93,0
76,CASH_IN,2633.59,C100405,39639.35,37005.76,C100468,19248.62,21882.21,0
4,PAYMENT,60.98,C100466,21299.32,21238.34,C100288,2839.65,2900.63,0
34,PAYMENT,123.62,C100107,45300.85,45177.23,C100039,16147.79,16271.41,0
39,CASH_IN,325.58,C100139,36136.63,35811.05,C100155,7146.37,7471.95,0
14,DEBIT,633.25,C100334,11710.55,11077.3,C100281,24364.76,24998.01,0
66,TRANSFER,346.92,C100295,1263.76,916.84,C100328,5400.22,5747.14,0
54,CASH_OUT,55.69,C100053,2972.88,2917.19,C100152,26285.84,26341.53,0
57,DEBIT,177.14,C100004,49123.38,48946.24,C100252,3401.81,3578.95,0
59,DEBIT,44.47,C100413,14669.29,14624.82,C100455,21161.82,21206.29,0
82,CASH_IN,92.85,C100090,47633.28,47540.43,C100389,4715.63,4808.48,0
34,DEBIT,42.06,C100488,22897.01,22854.95,C100499,9446.79,9488.85,0
21,DEBIT,18.27,C100238,30954.3,30936.03,C100432,21896.89,21915.16,0
55,PAYMENT,75.64,C100284,8879.94,8804.3,C100028,10910.56,10986.2,0
69,PAYMENT,119.54,C100005,4112.13,3992.59,C100117,14466.64,14586.18,0
88,DEBIT,544.65,C100379,28532.56,27987.91,C100368,2789.69,3334.34,0
10,TRANSFER,37.71,C100290,16662.7,16624.99,C100488,14840.89,14878.6,0
29,CASH_OUT,15511.21,C_MULE_B1,2259.81,0.0,C_MULE_B0,1756.1,17267.31,1
64,CASH_OUT,252.97,C100488,9696.87,9443.9,C100454,24105.27,24358.24,0
98,CASH_IN,251.81,C100442,8880.57,8628.76,C100209,28471.3,28723.11,0
31,TRANSFER,223.9,C100450,48641.7,48417.8,C100223,8952.42,9176.32,0
39,CASH_IN,11.34,C100467,40143.29,40131.95,C100018,7262.19,7273.53,0
67,CASH_IN,494.06,C100300,37741.62,37247.56,C100447,14644.96,15139.02,0
10,CASH_IN,79.56,C100477,32183.73,32104.17,C100449,23812.21,23891.77,0
33,PAYMENT,395.6,C100317,21399.47,21003.87,C100238,28728.97,29124.57,0
57,CASH_IN,44.43,C100308,26774.71,26730.28,C100170,12228.22,12272.65,0
61,CASH_IN,417.66,C100027,41605.28,41187.62,C100106,13706.82,14124.48,0
7,TRANSFER,449.42,C100153,46635.38,46185.96,C100431,702.32,1151.74,0
3,CASH_IN,556.89,C100197,20952.14,20395.25,C100338,28242.94,28799.83,0
33,TRANSFER,38.7,C100169,38285.98,38247.28,C100153,10017.93,10056.63,0
91,TRANSFER,132.34,C100214,3686.03,3553.69,C100330,3656.3,3788.64,0
86,CASH_IN,391.54,C100093,6669.7,6278.16,C100047,25397.48,25789.02,0
17,TRANSFER,515.16,C100477,23067.41,22552.25,C100041,2731.44,3246.6,0
99,CASH_OUT,583.87,C100326,30822.12,30238.25,C100073,26047.55,26631.42,0
42,PAYMENT,155.81,C100282,1906.74,1750.93,C100284,20653.14,20808.95,0
12,DEBIT,185.3,C100128,41315.1,41129.8,C100442,20456.77,20642.07,0
12,TRANSFER,121.33,C100476,9515.95,9394.62,C100272,7074.4,7195.73,0
4,CASH_IN,100.82,C100035,13730.23,13629.41,C100064,9118.71,9219.53,0
90,CASH_OUT,42.0,C100033,48883.06,48841.06,C100428,1100.22,1142.22,0
90,DEBIT,140.62,C100364,47159.86,47019.24,C100304,12932.6,13073.22,0
58,PAYMENT,74.43,C100318,27279.45,27205.02,C100092,14474.18,14548.61,0
45,CASH_IN,422.48,C100258,14427.59,14005.11,C100187,17299.86,17722.34,0
73,CASH_OUT,340.85,C100102,3932.01,3591.16,C100243,26788.81,27129.66,0
6,TRANSFER,83.36,C100347,38559.49,38476.13,C100409,10509.82,10593.18,0
5,CASH_OUT,44.2,C100091,43709.4,43665.2,C100042,7537.11,7581.31,0
11,PAYMENT,133.21,C100008,43181.7,43048.49,C100038,18353.76,18486.97,0
92,PAYMENT,107.97,C100101,17227.94,17119.97,C100463,7301.16,7409.13,0
1,DEBIT,48.08,C100318,4053.68,4005.6,C100125,25911.09,25959.17,0
99,CASH_OUT,215.0,C100355,28092.72,27877.72,C100446,24805.58,25020.58,0
17,TRANSFER,24368.61,C_MULE_C0,4843.08,0.0,C_MULE_C4,405.43,24774.04,1
17,TRANSFER,424.18,C100337,17137.88,16713.7,C100071,22330.3,22754.48,0
99,CASH_IN,245.18,C100427,15961.59,15716.41,C100450,29149.55,29394.73,0
28,PAYMENT,23.98,C100403,23362.07,23338.09,C100246,14624.29,14648.27,0
33,CASH_IN,163.72,C100066,20972.21,20808.49,C100242,28885.34,29049.06,0
22,DEBIT,71.9,C100198,31156.68,31084.78,C100151,9821.92,9893.82,0
29,CASH_IN,748.89,C100302,39998.27,39249.38,C100093,8198.9,8947.79,0
96,PAYMENT,120.55,C100398,47025.7,46905.15,C100002,26216.02,26336.57,0
77,CASH_OUT,86.62,C100063,39863.55,39776.93,C100157,11425.77,11512.39,0
97,CASH_IN,28.36,C100276,37897.29,37868.93,C100358,9517.07,9545.43,0
12,CASH_OUT,79.64,C100149,5736.35,5656.71,C100080,6314.34,6393.98,0
49,CASH_OUT,187.23,C100024,12819.46,12632.23,C100380,8730.55,8917.78,0
11,CASH_IN,166.57,C100213,24556.61,24390.04,C100385,10073.11,10239.68,0
80,CASH_IN,54.41,C100393,5024.15,4969.74,C100360,24167.84,24222.25,0
43,TRANSFER,803.25,C100272,37843.2,37039.95,C100061,20927.7,21730.95,0
48,TRANSFER,62.37,C100059,44047.8,43985.43,C100243,13220.09,13282.46,0
75,DEBIT,145.22,C100366,43363.31,43218.09,C100250,25528.68,25673.9,0
23,DEBIT,74.65,C100164,13459.38,13384.73,C100397,9767.77,9842.42,0
41,DEBIT,146.87,C100136,30806.29,30659.42,C100056,29116.42,29263.29,0
78,PAYMENT,199.58,C100201,44541.2,44341.62,C100136,3139.79,3339.37,0
49,CASH_OUT,548.02,C100187,24022.57,23474.55,C100038,8755.02,9303.04,0
86,TRANSFER,478.59,C100045,19715.38,19236.79,C100317,7140.85,7619.44,0
54,TRANSFER,144.65,C100198,29598.67,29454.02,C100181,12872.11,13016.76,0
82,CASH_IN,284.14,C100067,17752.41,17468.27,C100144,20614.28,20898.42,0
22,TRANSFER,37720.17,C_MULE_C3,1699.12,0.0,C_MULE_C4,126.48,37846.65,1
92,CASH_IN,713.86,C100193,25268.49,24554.63,C100148,9057.84,9771.7,0
92,PAYMENT,87.86,C100498,10794.08,10706.22,C100374,7231.93,7319.79,0
81,TRANSFER,431.71,C100173,19713.06,19281.35,C100278,22901.08,23332.79,0
13,CASH_IN,561.31,C100288,26999.07,26437.76,C100077,2243.61,2804.92,0
24,CASH_IN,171.07,C100310,48876.61,48705.54,C100058,1316.67,1487.74,0
12,CASH_IN,117.87,C100016,21862.7,21744.83,C100155,16746.72,16864.59,0
93,TRANSFER,208.5,C100430,16059.89,15851.39,C100197,14999.08,15207.58,0
73,DEBIT,94.66,C100026,37021.06,36926.4,C100038,18711.87,18806.53,0
3,DEBIT,137.66,C100045,5024.04,4886.38,C100209,24542.82,24680.48,0
45,CASH_IN,88.17,C100017,25700.7,25612.53,C100186,8421.98,8510.15,0
46,PAYMENT,84.3,C100436,20882.91,20798.61,C100072,21876.01,21960.31,0
9,PAYMENT,287.23,C100162,3259.52,2972.29,C100489,17911.77,18199.0,0
2,CASH_IN,60.13,C100404,42852.37,42792.24,C100069,14883.7,14943.83,0
89,PAYMENT,92.44,C100159,29409.1,29316.66,C100231,23381.95,23474.39,0
28,TRANSFER,55.99,C100434,16962.34,16906.35,C100490,20048.54,20104.53,0
41,CASH_OUT,44682.11,C_MULE_A0,4813.92,0.0,C_MULE_A1,1298.97,45981.08,1
72,DEBIT,174.81,C100432,40281.2,40106.39,C100259,13827.44,14002.25,0
8,PAYMENT,135.76,C100030,34455.14,34319.38,C100266,16033.14,16168.9,0
70,DEBIT,208.93,C100147,10826.27,10617.34,C100257,1972.86,2181.79,0
46,DEBIT,141.29,C100142,32405.35,32264.06,C100430,10587.04,10728.33,0
15,CASH_OUT,15686.16,C_MULE_B1,1338.79,0.0,C_MULE_B3,1656.77,17342.93,1
42,DEBIT,161.97,C100040,11795.36,11633.39,C100093,22502.39,22664.36,0
71,DEBIT,507.01,C100072,33507.02,33000.01,C100250,8298.14,8805.15,0
72,DEBIT,88.03,C100008,43056.56,42968.53,C100293,23456.89,23544.92,0
46,CASH_OUT,10.73,C100398,20431.57,20420.84,C100075,22392.65,22403.38,0
6,DEBIT,156.66,C100304,24859.72,24703.06,C100419,1244.33,1400.99,0
60,PAYMENT,126.2,C100051,41628.35,41502.15,C100353,5176.62,5302.82,0
74,CASH_IN,41.77,C100051,15833.54,15791.77,C100293,693.22,734.99,0
40,CASH_OUT,1261.56,C100341,39435.51,38173.95,C100093,17840.81,19102.37,0
62,DEBIT,112.77,C100250,33838.06,33725.29,C100340,3874.43,3987.2,0
62,PAYMENT,341.33,C100170,43726.32,43384.99,C100061,1975.44,2316.77,0
47,PAYMENT,116.59,C100381,4187.18,4070.59,C100005,17496.89,17613.48,0
87,TRANSFER,684.07,C100062,15500.3,14816.23,C100107,14085.13,14769.2,0
44,TRANSFER,640.3,C100431,45420.08,44779.78,C100369,20834.74,21475.04,0
57,PAYMENT,62.22,C100214,47555.92,47493.7,C100409,2061.95,2124.17,0
74,CASH_IN,41.01,C100054,6812.34,6771.33,C100446,983.13,1024.14,0
79,CASH_IN,53.7,C100379,20580.97,20527.27,C100260,4678.05,4731.75,0
97,DEBIT,459.22,C100309,10979.07,10519.85,C100076,733.04,1192.26,0
98,CASH_OUT,59.09,C100348,29979.55,29920.46,C100271,16627.84,16686.93,0
71,PAYMENT,160.16,C100454,6377.55,6217.39,C100092,21731.3,21891.46,0
84,CASH_OUT,74.32,C100073,34088.4,34014.08,C100230,8022.65,8096.97,0
44,TRANSFER,76.14,C100095,18301.27,18225.13,C100040,21083.9,21160.04,0
68,PAYMENT,67.73,C100014,31097.23,31029.5,C100042,23872.26,23939.99,0
25,TRANSFER,66.52,C100474,3349.54,3283.02,C100286,22073.98,22140.5,0
56,PAYMENT,39.64,C100308,27998.97,27959.33,C100371,3999.9,4039.54,0
82,CASH_IN,60.67,C100082,42351.9,42291.23,C100420,4567.7,4628.37,0
52,CASH_IN,255.13,C100302,23803.34,23548.21,C100218,3990.84,4245.97,0
51,CASH_IN,164.95,C100312,9488.99,9324.04,C100412,18056.26,18221.21,0
95,CASH_IN,699.89,C100266,26271.39,25571.5,C100010,28451.38,29151.27,0
31,DEBIT,21.86,C100172,4106.77,4084.91,C100340,16706.33,16728.19,0
12,CASH_IN,224.25,C100397,2224.17,1999.92,C100027,27017.69,27241.94,0
51,PAYMENT,776.02,C100248,27474.31,26698.29,C100478,17043.22,17819.24,0
37,PAYMENT,147.39,C100048,6996.38,6848.99,C100452,24213.3,24360.69,0
61,DEBIT,452.24,C100160,43960.66,43508.42,C100406,18943.26,19395.5,0
68,PAYMENT,149.41,C100097,6503.86,6354.45,C100078,21011.32,21160.73,0
77,PAYMENT,66.24,C100087,27672.37,27606.13,C100321,5980.42,6046.66,0
32,PAYMENT,258.59,C100399,33112.74,32854.15,C100211,26368.84,26627.43,0
49,PAYMENT,627.04,C100044,13899.03,13271.99,C100446,29181.65,29808.69,0
71,PAYMENT,53.06,C100401,15082.01,15028.95,C100326,15651.78,15704.84,0
36,CASH_OUT,280.64,C100213,48806.02,48525.38,C100287,7784.28,8064.92,0
77,TRANSFER,455.89,C100304,37747.13,37291.24,C100232,25281.09,25736.98,0
80,CASH_OUT,49.85,C100271,47152.94,47103.09,C100277,7326.11,7375.96,0
93,CASH_OUT,45.85,C100140,44644.07,44598.22,C100215,10538.52,10584.37,0
64,PAYMENT,448.78,C100410,45901.64,45452.86,C100162,21441.55,21890.33,0
91,TRANSFER,91.87,C100240,23009.78,22917.91,C100466,28481.1,28572.97,0
85,PAYMENT,13.72,C100137,39261.01,39247.29,C100344,27902.83,27916.55,0
3,PAYMENT,249.6,C100205,47532.7,47283.1,C100211,20149.32,20398.92,0
3,DEBIT,153.12,C100257,44231.58,44078.46,C100486,3264.82,3417.94,0
60,CASH_IN,57.56,C100420,29818.92,29761.36,C100173,22676.02,22733.58,0
13,TRANSFER,82.27,C100444,15220.14,15137.87,C100015,14301.87,14384.14,0
39,PAYMENT,59.08,C100229,31874.85,31815.77,C100350,10697.61,10756.69,0
97,CASH_OUT,94.12,C100474,12121.54,12027.42,C100316,5897.29,5991.41,0
11,TRANSFER,64.04,C100376,46499.63,46435.59,C100279,27200.79,27264.83,0
32,DEBIT,147.4,C100174,28156.57,28009.17,C100361,7946.95,8094.35,0
82,DEBIT,326.38,C100423,7801.1,7474.72,C100179,21070.87,21397.25,0
18,TRANSFER,24.82,C100125,49492.43,49467.61,C100353,9748.59,9773.41,0
66,PAYMENT,199.5,C100049,11337.02,11137.52,C100475,11239.62,11439.12,0
56,DEBIT,586.53,C100276,6770.28,6183.75,C100011,14293.17,14879.7,0
13,CASH_OUT,131.28,C100013,1079.62,948.34,C100170,27755.16,27886.44,0
10,DEBIT,174.65,C100336,43165.54,42990.89,C100356,3914.8,4089.45,0
63,TRANSFER,78.29,C100289,17830.48,17752.19,C100474,2045.2,2123.49,0
12,PAYMENT,62.37,C100203,2920.04,2857.67,C100069,19040.13,19102.5,0
29,CASH_OUT,246.07,C100076,30320.4,30074.33,C100216,28495.61,28741.68,0
82,DEBIT,468.3,C100073,47879.9,47411.6,C100008,9030.28,9498.58,0
39,DEBIT,118.23,C100070,34967.88,34849.65,C100120,5700.82,5819.05,0
40,CASH_IN,1037.16,C100174,31518.07,30480.91,C100486,1507.64,2544.8,0
56,DEBIT,331.01,C100195,35860.76,35529.75,C100443,29721.78,30052.79,0
48,TRANSFER,127.13,C100013,30943.11,30815.98,C100194,2557.53,2684.66,0
24,CASH_OUT,374.12,C100267,35394.35,35020.23,C100101,3850.16,4224.28,0
58,CASH_IN,255.56,C100435,27878.52,27622.96,C100124,22295.66,22551.22,0
7,DEBIT,236.53,C100054,26256.14,26019.61,C100099,18536.07,18772.6,0
62,DEBIT,172.06,C100302,36803.51,36631.45,C100480,20190.86,20362.92,0
57,TRANSFER,25.96,C100335,14059.58,14033.62,C100053,7537.48,7563.44,0
51,DEBIT,1455.53,C100435,3419.85,1964.32,C100177,16386.04,17841.57,0
69,TRANSFER,15.19,C100265,46531.99,46516.8,C100094,20069.82,20085.01,0
78,TRANSFER,185.79,C100069,46113.83,45928.04,C100480,9433.88,9619.67,0
49,PAYMENT,41.53,C100228,2942.53,2901.0,C100015,25143.29,25184.82,0
79,PAYMENT,344.93,C100241,2426.78,2081.85,C100121,631.88,976.81,0
83,TRANSFER,422.95,C100032,26813.29,26390.34,C100490,18272.09,18695.04,0
34,TRANSFER,19256.4,C_MULE_C1,3082.43,0.0,C_MULE_C6,1594.31,20850.71,1
2,CASH_OUT,41.63,C100012,14523.59,14481.96,C100047,8604.23,8645.86,0
89,PAYMENT,797.92,C100388,23859.37,23061.45,C100188,3851.69,4649.61,0
9,TRANSFER,154.51,C100048,39099.94,38945.43,C100330,17468.2,17622.71,0
27,TRANSFER,89.63,C100312,32400.94,32311.31,C100221,3980.52,4070.15,0
21,CASH_IN,73.21,C100160,12614.17,12540.96,C100405,16691.53,16764.74,0
27,PAYMENT,196.59,C100124,19599.62,19403.03,C100352,11684.5,11881.09,0
9,TRANSFER,3028.04,C100201,25336.53,22308.49,C100196,17793.81,20821.85,0
84,TRANSFER,25.2,C100472,23326.99,23301.79,C100323,27044.15,27069.35,0
30,PAYMENT,233.94,C100011,33919.47,33685.53,C100134,14877.21,15111.15,0
10,CASH_IN,197.87,C100278,7687.5,7489.63,C100216,8872.76,9070.63,0
14,CASH_IN,27.19,C100273,21890.96,21863.77,C100158,13857.81,13885.0,0
94,TRANSFER,69.64,C100058,48029.13,47959.49,C100082,22810.06,22879.7,0
64,PAYMENT,658.38,C100054,6702.14,6043.76,C100018,23291.82,23950.2,0
73,CASH_OUT,201.0,C100153,18386.4,18185.4,C100351,6795.88,6996.88,0
66,TRANSFER,164.82,C100034,26574.79,26409.97,C100342,28991.91,29156.73,0
19,TRANSFER,178.34,C100291,11639.19,11460.85,C100312,11526.09,11704.43,0
97,CASH_IN,425.31,C100435,30393.13,29967.82,C100310,20364.09,20789.4,0
75,PAYMENT,123.58,C100247,14692.85,14569.27,C100043,10826.37,10949.95,0
53,CASH_IN,116.07,C100390,40647.67,40531.6,C100269,16906.83,17022.9,0
97,DEBIT,127.63,C100029,37264.56,37136.93,C100320,12398.88,12526.51,0
15,TRANSFER,40061.9,C_MULE_B4,2402.37,0.0,C_MULE_B2,239.06,40300.96,1
95,DEBIT,404.56,C100414,35722.0,35317.44,C100238,3141.46,3546.02,0
17,PAYMENT,62.95,C100393,21565.54,21502.59,C100269,12295.84,12358.79,0
41,TRANSFER,215.08,C100056,36268.54,36053.46,C100074,6940.52,7155.6,0
18,TRANSFER,16513.82,C_MULE_B2,1957.83,0.0,C_MULE_B3,1473.1,17986.92,1
24,DEBIT,170.91,C100130,4446.96,4276.05,C100452,1477.29,1648.2,0
19,CASH_OUT,77.2,C100261,47900.86,47823.66,C100326,7142.06,7219.26,0
22,CASH_IN,109.28,C100301,6520.77,6411.49,C100276,11096.81,11206.09,0
33,PAYMENT,357.07,C100105,19504.23,19147.16,C100148,7042.22,7399.29,0
88,TRANSFER,624.71,C100449,43691.54,43066.83,C100472,9778.04,10402.75,0
11,TRANSFER,17.62,C100018,45730.16,45712.54,C100233,14809.47,14827.09,0
90,CASH_OUT,108.43,C100204,47479.76,47371.33,C100340,3387.83,3496.26,0
6,CASH_OUT,112.45,C100197,12836.03,12723.58,C100257,6817.96,6930.41,0
58,CASH_OUT,145.69,C100284,24150.96,24005.27,C100121,6627.65,6773.34,0
84,CASH_IN,1762.65,C100470,10774.72,9012.07,C100173,8966.16,10728.81,0
55,PAYMENT,154.55,C100401,10282.59,10128.04,C100054,13673.36,13827.91,0
27,CASH_IN,16.8,C100091,14090.53,14073.73,C100391,8417.19,8433.99,0
33,PAYMENT,114.49,C100415,36346.74,36232.25,C100237,10806.38,10920.87,0
25,CASH_IN,148.99,C100271,49756.5,49607.51,C100189,11998.94,12147.93,0
46,PAYMENT,170.87,C100496,32343.2,32172.33,C100212,11083.86,11254.73,0
1,TRANSFER,34.3,C100171,21058.69,21024.39,C100347,3499.73,3534.03,0
61,CASH_OUT,153.98,C100125,29008.69,28854.71,C100305,29370.29,29524.27,0
96,CASH_OUT,164.51,C100061,48823.56,48659.05,C100342,10669.22,10833.73,0
49,CASH_OUT,217.66,C100243,41388.57,41170.91,C100270,12647.5,12865.16,0
63,CASH_IN,729.81,C100258,14177.46,13447.65,C100363,4120.21,4850.02,0
53,TRANSFER,356.11,C100362,33114.72,32758.61,C100290,4897.81,5253.92,0
19,DEBIT,55.38,C100490,41967.75,41912.37,C100402,19461.66,19517.04,0
23,CASH_IN,138.56,C100467,21573.97,21435.41,C100422,18625.56,18764.12,0
38,PAYMENT,33.32,C100325,48106.91,48073.59,C100409,26581.24,26614.56,0
50,DEBIT,75.3,C100017,30905.3,30830.0,C100118,23965.68,24040.98,0
69,PAYMENT,876.57,C100412,23155.64,22279.07,C100291,6793.09,7669.66,0
3,PAYMENT,59.65,C100029,3990.62,3930.97,C100194,12464.97,12524.62,0
55,CASH_OUT,160.9,C100226,45143.94,44983.04,C100076,14433.16,14594.06,0
37,PAYMENT,227.74,C100010,39489.97,39262.23,C100019,16134.42,16362.16,0
65,CASH_OUT,580.51,C100442,14585.37,14004.86,C100278,22381.49,22962.0,0
56,CASH_IN,41.38,C100364,42965.95,42924.57,C100271,27272.04,27313.42,0
55,DEBIT,264.04,C100266,11176.98,10912.94,C100314,20239.26,20503.3,0
75,PAYMENT,95.2,C100153,36767.68,36672.48,C100431,14180.02,14275.22,0
46,DEBIT,258.15,C100444,38823.11,38564.96,C100461,21740.18,21998.33,0
46,CASH_OUT,22605.25,C_MULE_C0,4390.38,0.0,C_MULE_C2,161.61,22766.86,1
80,PAYMENT,50.47,C100465,30171.76,30121.29,C100344,5804.43,5854.9,0
9,TRANSFER,39.61,C100134,44840.54,44800.93,C100112,26486.14,26525.75,0
67,CASH_OUT,40.83,C100456,10753.78,10712.95,C100417,22212.44,22253.27,0
2,CASH_IN,135.1,C100078,2601.73,2466.63,C100269,2621.0,2756.1,0
27,CASH_IN,606.73,C100186,32364.85,31758.12,C100133,25998.49,26605.22,0
59,DEBIT,55.01,C100138,37213.9,37158.89,C100274,22828.18,22883.19,0
91,TRANSFER,522.96,C100087,12118.49,11595.53,C100029,15534.95,16057.91,0
9,CASH_OUT,57.97,C100443,39268.3,39210.33,C100074,18683.03,18741.0,0
42,PAYMENT,139.02,C100147,48227.39,48088.37,C100388,21427.8,21566.82,0
1,CASH_OUT,355.9,C100184,8168.87,7812.97,C100498,29281.98,29637.88,0
41,CASH_IN,200.93,C100389,13789.43,13588.5,C100319,4674.21,4875.14,0
50,CASH_IN,339.21,C100495,38410.68,38071.47,C100017,5164.68,5503.89,0
58,DEBIT,253.52,C100416,34499.43,34245.91,C100496,3627.13,3880.65,0
50,TRANSFER,122.58,C100339,36409.74,36287.16,C100315,28414.49,28537.07,0
24,PAYMENT,32.87,C100473,39604.72,39571.85,C100169,28283.85,28316.72,0
83,CASH_IN,15.54,C100203,38617.62,38602.08,C100335,15839.52,15855.06,0
36,TRANSFER,41737.72,C_MULE_A5,3101.5,0.0,C_MULE_A1,1001.93,42739.65,1
67,DEBIT,57.46,C100022,32716.3,32658.84,C100162,3067.76,3125.22,0
27,CASH_OUT,52.9,C100312,7400.7,7347.8,C100021,15189.13,15242.03,0
35,CASH_OUT,15215.83,C_MULE_A3,3309.8,0.0,C_MULE_A2,1660.81,16876.64,1
14,CASH_IN,1677.08,C100121,42466.89,40789.81,C100276,27152.38,28829.46,0
4,CASH_OUT,83.97,C100010,37102.9,37018.93,C100185,14982.37,15066.34,0
90,TRANSFER,53.55,C100408,4534.38,4480.83,C100195,21073.49,21127.04,0
13,TRANSFER,39362.27,C_MULE_A1,2919.71,0.0,C_MULE_A2,702.96,40065.23,1
71,DEBIT,125.45,C100315,26806.78,26681.33,C100151,17903.04,18028.49,0
41,PAYMENT,772.1,C100476,5099.0,4326.9,C100009,29772.89,30544.99,0
78,TRANSFER,353.96,C100031,40979.31,40625.35,C100223,24081.08,24435.04,0
1,PAYMENT,380.03,C100037,16775.39,16395.36,C100386,10056.57,10436.6,0
10,DEBIT,107.8,C100159,41101.71,40993.91,C100419,11789.96,11897.76,0
33,CASH_IN,55.46,C100272,27142.46,27087.0,C100241,25647.26,25702.72,0
98,CASH_IN,59.57,C100408,21355.96,21296.39,C100017,16698.35,16757.92,0
36,CASH_OUT,21.1,C100312,8384.73,8363.63,C100012,12795.29,12816.39,0
11,TRANSFER,21167.95,C_MULE_A3,3821.74,0.0,C_MULE_A2,1808.54,22976.49,1
71,PAYMENT,51.92,C100392,48479.17,48427.25,C100362,24872.07,24923.99,0
89,PAYMENT,174.46,C100194,17044.92,16870.46,C100380,3861.23,4035.69,0
39,TRANSFER,402.28,C100457,2214.72,1812.44,C100322,1219.11,1621.39,0
50,CASH_OUT,189.04,C100327,14552.59,14363.55,C100475,17623.71,17812.75,0
81,TRANSFER,75.51,C100083,36173.88,36098.37,C100143,21704.4,21779.91,0
98,TRANSFER,380.22,C100066,33210.06,32829.84,C100341,20258.52,20638.74,0
93,DEBIT,302.77,C100390,26509.23,26206.46,C100147,24404.37,24707.14,0
40,DEBIT,589.39,C100358,12567.96,11978.57,C100065,28322.17,28911.56,0
46,PAYMENT,219.8,C100109,4245.92,4026.12,C100108,5644.83,5864.63,0
78,CASH_IN,168.85,C100446,1168.36,999.51,C100213,5347.82,5516.67,0
35,CASH_IN,44.4,C100448,32165.47,32121.07,C100342,20774.56,20818.96,0
54,CASH_OUT,123.04,C100123,36458.48,36335.44,C100434,15723.69,15846.73,0
74,CASH_OUT,86.82,C100099,13707.45,13620.63,C100289,29343.52,29430.34,0
21,CASH_OUT,274.9,C100442,6787.98,6513.08,C100110,8843.1,9118.0,0
51,DEBIT,182.75,C100140,20187.67,20004.92,C100281,19399.89,19582.64,0
4,CASH_OUT,271.11,C100409,29923.76,29652.65,C100499,6325.89,6597.0,0
9,CASH_OUT,133.07,C100059,24603.59,24470.52,C100413,21523.64,21656.71,0
70,CASH_IN,167.19,C100063,43206.92,43039.73,C100405,1831.23,1998.42,0
60,TRANSFER,463.17,C100194,13992.93,13529.76,C100100,10317.07,10780.24,0
43,CASH_OUT,533.59,C100168,4602.64,4069.05,C100403,4441.47,4975.06,0
98,TRANSFER,123.87,C100336,25762.15,25638.28,C100203,1266.08,1389.95,0
51,CASH_OUT,118.59,C100045,29640.43,29521.84,C100210,18487.42,18606.01,0
18,PAYMENT,434.58,C100342,36105.37,35670.79,C100216,29073.76,29508.34,0
76,TRANSFER,42.29,C100071,29380.14,29337.85,C100002,29447.2,29489.49,0
8,CASH_IN,118.62,C100125,6007.57,5888.95,C100104,22505.29,22623.91,0
22,TRANSFER,26.33,C100015,8814.23,8787.9,C100491,28628.13,28654.46,0
6,PAYMENT,49.3,C100215,2368.78,2319.48,C100370,19282.17,19331.47,0
66,CASH_IN,114.62,C100092,5978.97,5864.35,C100006,5961.86,6076.48,0
88,TRANSFER,149.95,C100200,49516.02,49366.07,C100355,22347.31,22497.26,0
7,CASH_OUT,145.11,C100441,41608.55,41463.44,C100124,3170.26,3315.37,0
10,DEBIT,55.92,C100133,49338.04,49282.12,C100261,21182.37,21238.29,0
70,DEBIT,40.21,C100166,26710.46,26670.25,C100153,2649.13,2689.34,0
56,DEBIT,571.11,C100031,10744.89,10173.78,C100477,6991.04,7562.15,0
72,CASH_OUT,30.87,C100475,25334.66,25303.79,C100385,11970.98,12001.85,0
72,PAYMENT,295.8,C100173,25362.69,25066.89,C100316,25699.49,25995.29,0
43,PAYMENT,439.07,C100375,3280.66,2841.59,C100050,1998.74,2437.81,0
33,CASH_IN,989.67,C100424,35257.46,34267.79,C100054,25260.14,26249.81,0
76,CASH_IN,98.21,C100198,46209.73,46111.52,C100177,9796.77,9894.98,0
8,CASH_IN,374.82,C100055,24838.68,24463.86,C100364,29885.27,30260.09,0
47,DEBIT,452.71,C100414,4470.82,4018.11,C100278,5153.12,5605.83,0
79,PAYMENT,78.57,C100411,26681.01,26602.44,C100282,13159.54,13238.11,0
89,TRANSFER,64.88,C100347,46591.43,46526.55,C100476,5819.3,5884.18,0
39,CASH_OUT,375.57,C100155,10237.07,9861.5,C100406,20926.26,21301.83,0
72,CASH_IN,194.28,C100207,14097.96,13903.68,C100027,1161.43,1355.71,0
76,TRANSFER,79.19,C100461,2947.8,2868.61,C100189,29487.81,29567.0,0
21,DEBIT,309.7,C100051,16032.36,15722.66,C100345,27104.56,27414.26,0
14,CASH_IN,352.13,C100416,16398.74,16046.61,C100415,23770.81,24122.94,0
38,TRANSFER,70.77,C100273,5516.11,5445.34,C100031,24630.56,24701.33,0
72,PAYMENT,660.58,C100430,49664.65,49004.07,C100064,9414.03,10074.61,0
15,CASH_OUT,395.53,C100319,17502.03,17106.5,C100369,11348.16,11743.69,0
33,TRANSFER,71.12,C100411,47631.44,47560.32,C100257,17857.63,17928.75,0
61,CASH_IN,166.67,C100121,20289.85,20123.18,C100402,1238.33,1405.0,0
32,CASH_OUT,28487.69,C_MULE_C3,1832.19,0.0,C_MULE_C5,1366.36,29854.05,1
42,TRANSFER,241.35,C100217,31686.99,31445.64,C100271,14899.49,15140.84,0
42,DEBIT,35.64,C100438,37337.09,37301.45,C100468,28924.61,28960.25,0
2,PAYMENT,124.64,C100227,28778.5,28653.86,C100285,26743.91,26868.55,0
84,CASH_IN,335.88,C100035,37327.58,36991.7,C100138,15374.6,15710.48,0
76,TRANSFER,350.76,C100023,24447.57,24096.81,C100071,1095.43,1446.19,0
2,TRANSFER,105.09,C100460,25986.38,25881.29,C100082,4545.63,4650.72,0
98,DEBIT,54.24,C100450,9573.0,9518.76,C100212,28223.55,28277.79,0
30,CASH_OUT,42.52,C100256,7152.44,7109.92,C100069,5563.0,5605.52,0
87,DEBIT,206.52,C100242,49826.83,49620.31,C100219,18379.19,18585.71,0
53,DEBIT,1990.68,C100124,8074.79,6084.11,C100187,29500.12,31490.8,0
60,DEBIT,1208.83,C100169,3943.54,2734.71,C100440,15703.19,16912.02,0
36,PAYMENT,154.04,C100053,17576.62,17422.58,C100431,9292.8,9446.84,0
2,CASH_OUT,566.2,C100021,34381.19,33814.99,C100372,7701.42,8267.62,0
39,CASH_OUT,50.01,C100405,4503.77,4453.76,C100087,7805.14,7855.15,0
55,PAYMENT,144.35,C100386,8436.57,8292.22,C100089,9806.46,9950.81,0
74,PAYMENT,54.46,C100235,29453.15,29398.69,C100092,18223.06,18277.52,0
53,CASH_OUT,367.01,C100040,47617.89,47250.88,C100151,13448.24,13815.25,0
51,CASH_OUT,172.77,C100168,1775.79,1603.02,C100346,12137.95,12310.72,0
35,PAYMENT,315.59,C100078,1117.94,802.35,C100488,24869.77,25185.36,0
82,DEBIT,149.47,C100267,41043.28,40893.81,C100013,29552.31,29701.78,0
62,TRANSFER,116.18,C100492,13572.79,13456.61,C100137,25880.63,25996.81,0
27,DEBIT,86.37,C100166,42548.11,42461.74,C100408,5104.64,5191.01,0
25,CASH_OUT,87.05,C100315,34880.32,34793.27,C100400,9491.21,9578.26,0
67,CASH_OUT,73.53,C100120,26609.82,26536.29,C100225,24652.37,24725.9,0
21,CASH_IN,3.82,C100340,39934.94,39931.12,C100007,9992.8,9996.62,0
5,TRANSFER,598.51,C100151,20905.84,20307.33,C100285,19637.35,20235.86,0
49,DEBIT,97.16,C100119,16802.03,16704.87,C100268,28327.6,28424.76,0
39,TRANSFER,855.23,C100477,48745.13,47889.9,C100246,5941.45,6796.68,0
11,PAYMENT,155.68,C100303,32355.25,32199.57,C100410,27292.76,27448.44,0
34,DEBIT,157.7,C100085,11161.08,11003.38,C100290,27532.78,27690.48,0
25,TRANSFER,17702.52,C_MULE_C5,3857.1,0.0,C_MULE_C1,1404.6,19107.12,1
91,CASH_IN,368.74,C100044,43590.54,43221.8,C100321,9173.84,9542.58,0
9,CASH_IN,204.2,C100253,34310.67,34106.47,C100423,29370.32,29574.52,0
70,CASH_IN,114.68,C100419,28533.82,28419.14,C100065,21339.71,21454.39,0
11,CASH_OUT,376.66,C100168,5901.22,5524.56,C100281,12158.82,12535.48,0
68,CASH_OUT,242.75,C100018,10207.68,9964.93,C100497,6463.81,6706.56,0
31,DEBIT,118.32,C100398,45092.19,44973.87,C100086,7144.67,7262.99,0
61,DEBIT,156.61,C100455,27809.8,27653.19,C100144,26672.41,26829.02,0
4,PAYMENT,131.89,C100480,41251.0,41119.11,C100280,20163.85,20295.74,0
40,CASH_IN,180.6,C100217,46028.54,45847.94,C100381,24723.62,24904.22,0
50,CASH_OUT,109.5,C100369,9131.27,9021.77,C100121,16290.87,16400.37,0
29,CASH_OUT,120.93,C100133,34959.44,34838.51,C100424,9043.59,9164.52,0
48,DEBIT,62.8,C100421,26973.05,26910.25,C100221,3775.52,3838.32,0
93,DEBIT,200.79,C100343,11728.24,11527.45,C100210,27546.05,27746.84,0
12,TRANSFER,18488.67,C_MULE_B4,3306.97,0.0,C_MULE_B3,1354.62,19843.29,1
93,CASH_OUT,62.87,C100442,2506.13,2443.26,C100170,8547.27,8610.14,0
10,TRANSFER,163.18,C100422,30153.31,29990.13,C100243,25844.78,26007.96,0
49,PAYMENT,291.39,C100055,26160.59,25869.2,C100231,22258.25,22549.64,0
95,CASH_OUT,140.44,C100137,38303.25,38162.81,C100020,20208.09,20348.53,0
11,CASH_OUT,64.85,C100219,49642.47,49577.62,C100218,25630.66,25695.51,0
56,CASH_IN,51.87,C100098,41282.78,41230.91,C100274,11027.27,11079.14,0
12,DEBIT,363.27,C100084,2371.0,2007.73,C100499,3841.3,4204.57,0
36,TRANSFER,34.71,C100279,32896.58,32861.87,C100003,4681.78,4716.49,0
6,TRANSFER,186.36,C100312,29741.87,29555.51,C100109,24447.9,24634.26,0
7,CASH_IN,429.3,C100460,42082.95,41653.65,C100114,16706.67,17135.97,0
94,CASH_OUT,244.04,C100190,3413.85,3169.81,C100308,17263.68,17507.72,0
91,CASH_IN,79.81,C100208,30282.74,30202.93,C100350,23745.67,23825.48,0
63,CASH_IN,328.22,C100285,16432.32,16104.1,C100198,17721.0,18049.22,0
27,TRANSFER,234.5,C100296,42761.59,42527.09,C100453,28538.37,28772.87,0
10,CASH_IN,137.22,C100000,1869.73,1732.51,C100432,11739.19,11876.41,0
85,CASH_OUT,32.45,C100293,24671.19,24638.74,C100273,27398.92,27431.37,0
16,PAYMENT,78.05,C100213,31492.91,31414.86,C100305,16240.59,16318.64,0
57,CASH_IN,46.24,C100403,5918.14,5871.9,C100465,9218.5,9264.74,0
88,DEBIT,109.2,C100448,15327.28,15218.08,C100225,1926.54,2035.74,0
38,DEBIT,667.17,C100098,3910.64,3243.47,C100477,15646.49,16313.66,0
16,CASH_IN,117.22,C100257,19383.38,19266.16,C100389,10179.85,10297.07,0
41,CASH_OUT,40.39,C100330,33712.67,33672.28,C100450,5046.07,5086.46,0
51,CASH_IN,59.0,C100122,23418.69,23359.69,C100108,26710.81,26769.81,0
32,TRANSFER,230.71,C100107,44445.92,44215.21,C100426,20802.57,21033.28,0
99,TRANSFER,124.21,C100238,44091.09,43966.88,C100100,19277.56,19401.77,0
88,CASH_IN,212.71,C100483,34479.26,34266.55,C100475,877.3,1090.01,0
64,DEBIT,26.66,C100245,11484.95,11458.29,C100011,21882.1,21908.76,0
44,TRANSFER,304.52,C100036,48856.74,48552.22,C100323,19819.51,20124.03,0
66,DEBIT,362.05,C100092,16759.79,16397.74,C100005,29875.34,30237.39,0
11,CASH_IN,446.94,C100027,21682.32,21235.38,C100111,16588.48,17035.42,0
31,PAYMENT,22.92,C100463,2560.96,2538.04,C100016,15377.67,15400.59,0
3,CASH_IN,237.54,C100259,25540.63,25303.09,C100227,9702.57,9940.11,0
94,PAYMENT,280.08,C100345,49515.36,49235.28,C100172,2451.96,2732.04,0
26,PAYMENT,312.32,C100261,29702.84,29390.52,C100320,10435.14,10747.46,0
31,PAYMENT,207.88,C100449,37170.08,36962.2,C100401,29642.09,29849.97,0
43,PAYMENT,173.46,C100035,20368.02,20194.56,C100366,18987.57,19161.03,0
57,CASH_IN,191.74,C100080,20054.07,19862.33,C100107,9007.52,9199.26,0
32,CASH_IN,476.45,C100378,10486.68,10010.23,C100448,29931.05,30407.5,0
40,TRANSFER,32524.16,C_MULE_A5,2786.84,0.0,C_MULE_A4,1026.85,33551.01,1
37,CASH_OUT,856.52,C100497,16362.22,15505.7,C100282,6826.12,7682.64,0
19,TRANSFER,24041.4,C_MULE_C6,3012.62,0.0,C_MULE_C2,1892.52,25933.92,1
45,PAYMENT,222.85,C100395,14752.82,14529.97,C100028,18243.78,18466.63,0
96,PAYMENT,25.36,C100015,36346.85,36321.49,C100226,16750.41,16775.77,0
88,TRANSFER,141.96,C100420,44807.4,44665.44,C100229,27864.25,28006.21,0
2,PAYMENT,60.93,C100393,34455.25,34394.32,C100398,10621.76,10682.69,0
45,CASH_OUT,33124.18,C_MULE_A2,4395.74,0.0,C_MULE_A3,143.61,33267.79,1
66,TRANSFER,67.67,C100449,48898.27,48830.6,C100274,23817.64,23885.31,0
28,PAYMENT,261.75,C100010,3567.28,3305.53,C100380,26069.1,26330.85,0
87,PAYMENT,167.78,C100297,22468.84,22301.06,C100269,14709.74,14877.52,0
85,DEBIT,289.47,C100015,41842.81,41553.34,C100052,9863.65,10153.12,0
53,CASH_OUT,107.84,C100376,24425.54,24317.7,C100369,28594.32,28702.16,0
54,PAYMENT,64.51,C100209,36665.69,36601.18,C100345,20910.41,20974.92,0
58,DEBIT,168.15,C100146,2303.25,2135.1,C100177,5129.43,5297.58,0
97,DEBIT,173.84,C100392,44967.8,44793.96,C100425,18006.92,18180.76,0
18,TRANSFER,208.22,C100315,1317.28,1109.06,C100468,6418.97,6627.19,0
88,DEBIT,278.0,C100108,13527.17,13249.17,C100158,22568.99,22846.99,0
39,CASH_OUT,17827.08,C_MULE_B2,4945.51,0.0,C_MULE_B3,297.78,18124.86,1
59,CASH_OUT,249.32,C100191,15545.64,15296.32,C100414,2078.41,2327.73,0
68,DEBIT,42.78,C100180,11861.9,11819.12,C100490,17867.12,17909.9,0
87,CASH_OUT,197.29,C100124,31342.22,31144.93,C100029,3381.32,3578.61,0
78,CASH_OUT,80.09,C100061,48381.45,48301.36,C100147,10590.49,10670.58,0
10,PAYMENT,26.03,C100019,3755.67,3729.64,C100433,29534.95,29560.98,0
56,CASH_IN,146.02,C100290,11661.62,11515.6,C100333,12120.3,12266.32,0
88,TRANSFER,26.9,C100317,32484.22,32457.32,C100442,6905.01,6931.91,0
24,CASH_IN,791.15,C100208,17500.28,16709.13,C100348,27657.47,28448.62,0
93,CASH_OUT,143.52,C100083,4452.38,4308.86,C100468,12041.05,12184.57,0
48,CASH_OUT,362.72,C100146,26290.6,25927.88,C100429,2594.93,2957.65,0
39,TRANSFER,90.82,C100109,16922.58,16831.76,C100115,23966.17,24056.99,0
36,CASH_OUT,55.68,C100352,15099.47,15043.79,C100132,10792.88,10848.56,0
57,TRANSFER,527.8,C100037,14581.89,14054.09,C100457,20823.67,21351.47,0
83,CASH_OUT,197.61,C100163,8860.84,8663.23,C100304,11911.71,12109.32,0
26,DEBIT,744.51,C100448,43980.39,43235.88,C100122,10391.47,11135.98,0
19,PAYMENT,99.22,C100211,46693.55,46594.33,C100392,17603.44,17702.66,0
2,CASH_IN,472.13,C100287,35113.53,34641.4,C100184,6506.86,6978.99,0
51,DEBIT,8.42,C100261,49537.34,49528.92,C100076,23578.0,23586.42,0
19,TRANSFER,67.43,C100345,25364.6,25297.17,C100422,14028.48,14095.91,0
22,DEBIT,275.13,C100232,47131.31,46856.18,C100364,22142.45,22417.58,0
29,TRANSFER,37542.63,C_MULE_A5,4338.86,0.0,C_MULE_A3,841.25,38383.88,1
76,DEBIT,108.79,C100279,1537.77,1428.98,C100437,26389.0,26497.79,0
93,TRANSFER,1343.87,C100166,23510.36,22166.49,C100286,12513.35,13857.22,0
16,PAYMENT,356.95,C100342,35221.7,34864.75,C100415,1210.84,1567.79,0
96,PAYMENT,161.16,C100422,8346.84,8185.68,C100171,24953.26,25114.42,0
26,DEBIT,847.92,C100123,37189.32,36341.4,C100428,22485.58,23333.5,0
37,PAYMENT,39.84,C100459,21425.93,21386.09,C100071,5289.05,5328.89,0
19,CASH_OUT,85.67,C100431,38717.54,38631.87,C100008,2745.86,2831.53,0
26,CASH_IN,177.39,C100365,15127.11,14949.72,C100116,25479.17,25656.56,0
28,CASH_OUT,23099.01,C_MULE_A4,4222.86,0.0,C_MULE_A1,1084.28,24183.29,1
35,DEBIT,119.68,C100154,33026.23,32906.55,C100326,5988.08,6107.76,0
17,CASH_OUT,195.23,C100085,3946.26,3751.03,C100247,3508.45,3703.68,0
74,TRANSFER,464.54,C100215,6498.43,6033.89,C100120,4242.84,4707.38,0
84,TRANSFER,142.21,C100394,10994.66,10852.45,C100227,13201.95,13344.16,0
45,DEBIT,417.75,C100492,47143.44,46725.69,C100056,27340.15,27757.9,0
61,TRANSFER,37.34,C100408,34626.72,34589.38,C100026,9149.2,9186.54,0
14,CASH_OUT,331.42,C100169,28894.71,28563.29,C100495,13373.88,13705.3,0
58,CASH_OUT,57.11,C100479,14230.06,14172.95,C100077,28299.22,28356.33,0
28,DEBIT,106.91,C100101,16778.43,16671.52,C100407,29055.92,29162.83,0
78,PAYMENT,44.29,C100010,30768.78,30724.49,C100420,14306.16,14350.45,0
24,CASH_IN,94.21,C100212,43773.67,43679.46,C100094,25608.19,25702.4,0
12,CASH_IN,73.45,C100434,28124.6,28051.15,C100015,28839.24,28912.69,0
36,CASH_IN,434.1,C100410,9725.16,9291.06,C100175,19410.71,19844.81,0
76,DEBIT,48.65,C100379,38764.6,38715.95,C100267,5276.89,5325.54,0
86,DEBIT,322.44,C100141,6632.75,6310.31,C100499,21672.44,21994.88,0
57,CASH_OUT,116.54,C100074,45470.09,45353.55,C100164,9210.31,9326.85,0
31,TRANSFER,73.75,C100095,16900.12,16826.37,C100288,2683.12,2756.87,0
80,CASH_IN,157.79,C100187,24172.73,24014.94,C100454,8952.48,9110.27,0
18,CASH_OUT,46.12,C100344,10223.73,10177.61,C100246,11256.58,11302.7,0
30,CASH_OUT,644.72,C100060,14411.62,13766.9,C100077,10271.73,10916.45,0
4,PAYMENT,2746.51,C100272,23824.81,21078.3,C100482,6631.72,9378.23,0
36,CASH_IN,48.61,C100307,31152.94,31104.33,C100492,6814.32,6862.93,0
50,CASH_OUT,771.16,C100323,37108.69,36337.53,C100405,4402.01,5173.17,0
8,CASH_IN,100.28,C100180,30847.9,30747.62,C100320,13892.33,13992.61,0
31,CASH_IN,37.55,C100162,6231.46,6193.91,C100017,9849.89,9887.44,0
19,CASH_OUT,31082.96,C_MULE_C1,3504.98,0.0,C_MULE_C4,54.61,31137.57,1
47,PAYMENT,169.41,C100471,33472.05,33302.64,C100335,6108.85,6278.26,0
69,TRANSFER,57.82,C100394,18224.92,18167.1,C100269,27561.48,27619.3,0
91,PAYMENT,1788.94,C100211,24779.68,22990.74,C100231,18421.17,20210.11,0
21,CASH_OUT,125.01,C100464,34106.26,33981.25,C100262,13511.24,13636.25,0
56,DEBIT,1097.36,C100339,1708.23,610.87,C100121,10225.93,11323.29,0
88,CASH_OUT,66.71,C100351,34481.6,34414.89,C100180,23047.72,23114.43,0
25,CASH_OUT,54.93,C100425,18190.81,18135.88,C100078,29153.92,29208.85,0
53,TRANSFER,563.35,C100109,25385.54,24822.19,C100273,20042.46,20605.81,0
51,TRANSFER,74.21,C100481,33528.93,33454.72,C100238,23880.03,23954.24,0
35,CASH_IN,235.05,C100381,30270.81,30035.76,C100130,17694.22,17929.27,0
87,DEBIT,206.74,C100404,19235.53,19028.79,C100398,5738.88,5945.62,0
72,PAYMENT,17.24,C100159,27442.48,27425.24,C100239,28405.14,28422.38,0
19,TRANSFER,156.95,C100052,19909.84,19752.89,C100306,16510.44,16667.39,0
97,CASH_IN,53.46,C100102,27566.34,27512.88,C100482,23879.72,23933.18,0
83,CASH_IN,334.96,C100409,9113.04,8778.08,C100107,20420.98,20755.94,0
40,DEBIT,229.45,C100152,11517.32,11287.87,C100007,19866.95,20096.4,0
85,PAYMENT,517.31,C100361,38719.86,38202.55,C100132,27554.4,28071.71,0
94,CASH_IN,163.5,C100223,37874.8,37711.3,C100317,5367.95,5531.45,0
29,DEBIT,265.33,C100410,31970.63,31705.3,C100483,22474.02,22739.35,0
50,DEBIT,90.78,C100373,24525.83,24435.05,C100091,7281.97,7372.75,0
59,TRANSFER,772.65,C100434,31308.32,30535.67,C100220,5680.11,6452.76,0
1,CASH_IN,105.43,C100223,11870.26,11764.83,C100265,17463.72,17569.15,0
62,PAYMENT,89.54,C100050,4037.72,3948.18,C100387,26875.5,26965.04,0
53,CASH_OUT,128.39,C100266,34880.73,34752.34,C100197,28489.45,28617.84,0
48,CASH_OUT,36.65,C100176,10901.62,10864.97,C100012,17057.68,17094.33,0
6,CASH_IN,500.85,C100079,24512.42,24011.57,C100076,4250.25,4751.1,0
25,PAYMENT,248.86,C100262,6858.66,6609.8,C100205,3122.19,3371.05,0
82,TRANSFER,862.63,C100309,12540.21,11677.58,C100392,5339.0,6201.63,0
38,PAYMENT,135.42,C100329,46099.71,45964.29,C100365,12701.26,12836.68,0
25,TRANSFER,389.7,C100098,7350.83,6961.13,C100430,22436.72,22826.42,0
83,PAYMENT,242.88,C100133,39568.67,39325.79,C100287,13158.3,13401.18,0
48,TRANSFER,44.96,C100099,45265.3,45220.34,C100112,791.21,836.17,0
31,CASH_OUT,524.42,C100247,27289.41,26764.99,C100175,6823.14,7347.56,0
49,PAYMENT,61.99,C100268,13319.14,13257.15,C100058,8538.4,8600.39,0
64,CASH_OUT,48.12,C100071,11974.66,11926.54,C100435,23211.61,23259.73,0
75,DEBIT,908.96,C100004,18898.39,17989.43,C100168,21469.84,22378.8,0
21,PAYMENT,30.88,C100230,49052.2,49021.32,C100484,9387.8,9418.68,0
18,DEBIT,597.33,C100356,27316.91,26719.58,C100316,16714.83,17312.16,0
65,DEBIT,839.69,C100073,19030.01,18190.32,C100061,8361.99,9201.68,0
10,DEBIT,60.05,C100006,8941.12,8881.07,C100438,26838.24,26898.29,0
85,CASH_IN,1127.84,C100098,27085.45,25957.61,C100153,17387.7,18515.54,0
51,TRANSFER,40.76,C100349,16257.48,16216.72,C100070,17816.25,17857.01,0
56,PAYMENT,68.4,C100293,35344.81,35276.41,C100332,11497.12,11565.52,0
24,PAYMENT,43.94,C100058,8949.2,8905.26,C100416,3748.9,3792.84,0
35,CASH_IN,295.33,C100308,38659.35,38364.02,C100173,29884.78,30180.11,0
31,CASH_OUT,391.44,C100237,48741.01,48349.57,C100034,24426.59,24818.03,0
9,PAYMENT,251.22,C100057,33879.79,33628.57,C100380,8293.4,8544.62,0
57,CASH_IN,37.97,C100026,16734.59,16696.62,C100238,10905.51,10943.48,0
92,DEBIT,332.56,C100032,26009.52,25676.96,C100337,5871.7,6204.26,0
21,CASH_OUT,17568.12,C_MULE_B0,3273.27,0.0,C_MULE_B1,768.54,18336.66,1
71,CASH_OUT,330.81,C100248,28001.41,27670.6,C100068,16671.67,17002.48,0
99,CASH_IN,290.86,C100379,10204.88,9914.02,C100123,2887.09,3177.95,0
25,TRANSFER,166.82,C100487,17580.17,17413.35,C100150,1585.55,1752.37,0
50,CASH_OUT,111.57,C100410,36196.69,36085.12,C100488,28303.79,28415.36,0
43,DEBIT,107.42,C100379,6560.06,6452.64,C100059,8999.03,9106.45,0
82,PAYMENT,59.23,C100207,48348.9,48289.67,C100394,16365.38,16424.61,0
27,TRANSFER,201.17,C100307,2471.56,2270.39,C100018,13878.1,14079.27,0
24,DEBIT,534.77,C100446,41440.87,40906.1,C100211,23348.27,23883.04,0
14,PAYMENT,48.1,C100289,40304.79,40256.69,C100372,12984.24,13032.34,0
11,PAYMENT,401.92,C100117,26421.85,26019.93,C100383,12794.7,13196.62,0
20,TRANSFER,266.54,C100208,4790.77,4524.23,C100379,24554.02,24820.56,0
86,CASH_IN,322.08,C100349,7255.65,6933.57,C100179,24503.36,24825.44,0
1,CASH_OUT,26.59,C100359,6771.49,6744.9,C100245,26548.71,26575.3,0
89,DEBIT,75.93,C100337,35665.22,35589.29,C100206,16330.02,16405.95,0
41,CASH_OUT,126.65,C100449,32573.37,32446.72,C100035,14522.72,14649.37,0
86,TRANSFER,197.01,C100162,3977.57,3780.56,C100170,14378.63,14575.64,0
99,CASH_OUT,199.14,C100202,46544.5,46345.36,C100157,1840.45,2039.59,0
25,TRANSFER,18760.66,C_MULE_C6,4782.42,0.0,C_MULE_C2,57.58,18818.24,1
58,CASH_IN,38.67,C100256,14604.86,14566.19,C100061,12050.84,12089.51,0
93,CASH_OUT,81.47,C100256,12314.88,12233.41,C100146,9727.56,9809.03,0
61,CASH_IN,127.82,C100011,23037.3,22909.48,C100332,29194.69,29322.51,0
21,TRANSFER,316.49,C100013,35986.14,35669.65,C100343,20556.43,20872.92,0
47,CASH_OUT,31726.56,C_MULE_B4,3068.4,0.0,C_MULE_B3,1573.68,33300.24,1
41,CASH_OUT,101.26,C100222,11677.95,11576.69,C100176,18460.76,18562.02,0
84,CASH_IN,52.13,C100375,36812.37,36760.24,C100002,4993.91,5046.04,0
16,TRANSFER,36.68,C100013,4728.21,4691.53,C100493,26647.19,26683.87,0
17,CASH_IN,155.71,C100247,48423.54,48267.83,C100040,17508.26,17663.97,0
22,DEBIT,111.94,C100444,36152.33,36040.39,C100233,25345.72,25457.66,0
3,CASH_IN,117.1,C100247,36943.49,36826.39,C100193,6830.65,6947.75,0
67,CASH_IN,268.61,C100006,29217.05,28948.44,C100440,15692.8,15961.41,0
31,TRANSFER,190.52,C100202,36470.75,36280.23,C100225,10781.66,10972.18,0
10,TRANSFER,33373.97,C_MULE_B0,3406.65,0.0,C_MULE_B3,312.99,33686.96,1
43,CASH_IN,707.74,C100301,31104.13,30396.39,C100400,3259.08,3966.82,0
26,PAYMENT,236.5,C100287,30529.64,30293.14,C100207,22622.78,22859.28,0
23,CASH_IN,180.12,C100023,35867.72,35687.6,C100058,5782.07,5962.19,0
29,CASH_IN,131.14,C100356,48245.36,48114.22,C100188,10887.08,11018.22,0
89,CASH_IN,387.57,C100030,43915.58,43528.01,C100489,20146.03,20533.6,0
88,CASH_IN,81.43,C100228,28262.73,28181.3,C100418,3109.95,3191.38,0
22,CASH_IN,151.16,C100429,22111.79,21960.63,C100493,16288.07,16439.23,0
42,CASH_OUT,341.83,C100303,26140.68,25798.85,C100206,16389.44,16731.27,0
20,DEBIT,47.22,C100146,22525.16,22477.94,C100107,11858.32,11905.54,0
15,DEBIT,262.7,C100343,4700.58,4437.88,C100157,27411.88,27674.58,0
19,CASH_IN,44.03,C100037,21014.33,20970.3,C100095,13836.16,13880.19,0
40,CASH_IN,155.15,C100096,5182.45,5027.3,C100097,25323.85,25479.0,0
77,TRANSFER,273.19,C100000,15464.61,15191.42,C100115,8392.39,8665.58,0
38,DEBIT,216.83,C100486,16171.75,15954.92,C100048,16546.74,16763.57,0
33,CASH_IN,240.08,C100152,41020.07,40779.99,C100495,24338.34,24578.42,0
31,CASH_OUT,27945.68,C_MULE_B3,3197.82,0.0,C_MULE_B0,761.19,28706.87,1
21,PAYMENT,92.29,C100136,27543.59,27451.3,C100426,14835.43,14927.72,0
58,PAYMENT,100.4,C100257,49082.24,48981.84,C100387,14544.29,14644.69,0
88,TRANSFER,101.68,C100091,33371.81,33270.13,C100121,18389.36,18491.04,0
41,PAYMENT,154.82,C100463,37490.6,37335.78,C100109,6820.67,6975.49,0
58,PAYMENT,120.58,C100224,6612.36,6491.78,C100024,914.74,1035.32,0
22,CASH_OUT,138.77,C100270,10087.19,9948.42,C100405,27961.34,28100.11,0
57,CASH_OUT,204.92,C100031,14385.38,14180.46,C100488,9923.59,10128.51,0
39,CASH_IN,142.52,C100237,5187.16,5044.64,C100464,26117.64,26260.16,0
71,PAYMENT,454.37,C100024,34759.59,34305.22,C100430,21007.5,21461.87,0
50,CASH_IN,294.69,C100290,14308.24,14013.55,C100417,5876.99,6171.68,0
85,TRANSFER,156.89,C100295,43683.62,43526.73,C100101,29736.59,29893.48,0
60,TRANSFER,141.07,C100423,22724.46,22583.39,C100356,21035.68,21176.75,0
97,DEBIT,278.15,C100082,25982.48,25704.33,C100144,19733.85,20012.0,0
59,DEBIT,43.81,C100414,20356.39,20312.58,C100070,4997.27,5041.08,0
26,CASH_OUT,59.72,C100242,12962.18,12902.46,C100413,18209.02,18268.74,0
99,CASH_OUT,120.51,C100039,40435.92,40315.41,C100183,19309.28,19429.79,0
91,CASH_IN,323.35,C100294,41843.68,41520.33,C100370,3352.35,3675.7,0
11,DEBIT,126.09,C100467,17658.71,17532.62,C100364,9874.62,10000.71,0
47,PAYMENT,204.0,C100209,23103.1,22899.1,C100459,15850.69,16054.69,0
3,PAYMENT,270.52,C100303,5793.18,5522.66,C100375,3951.2,4221.72,0
41,TRANSFER,247.6,C100408,22758.01,22510.41,C100416,18369.57,18617.17,0
60,TRANSFER,386.79,C100142,27468.81,27082.02,C100327,21345.32,21732.11,0
34,PAYMENT,187.28,C100451,15860.82,15673.54,C100370,27340.08,27527.36,0
52,CASH_IN,249.04,C100359,7965.25,7716.21,C100049,22153.7,22402.74,0
91,TRANSFER,135.67,C100113,45992.61,45856.94,C100379,3947.86,4083.53,0
99,TRANSFER,232.91,C100444,48698.55,48465.64,C100485,27781.6,28014.51,0
51,TRANSFER,302.1,C100188,16218.58,15916.48,C100325,11718.26,12020.36,0
82,CASH_OUT,103.85,C100136,35190.34,35086.49,C100437,23406.8,23510.65,0
65,DEBIT,19.67,C100371,40427.31,40407.64,C100106,4228.79,4248.46,0
60,CASH_IN,594.67,C100004,39442.86,38848.19,C100232,5527.4,6122.07,0
79,DEBIT,72.11,C100334,46258.96,46186.85,C100292,6563.57,6635.68,0
2,CASH_IN,208.06,C100270,33431.35,33223.29,C100147,16758.04,16966.1,0
48,DEBIT,64.27,C100321,47985.14,47920.87,C100243,24781.7,24845.97,0
76,CASH_IN,74.5,C100109,2054.5,1980.0,C100411,4418.72,4493.22,0
44,CASH_IN,160.64,C100275,4973.94,4813.3,C100055,24672.54,24833.18,0
77,DEBIT,296.37,C100382,26586.47,26290.1,C100491,11659.04,11955.41,0
90,PAYMENT,56.62,C100463,19876.38,19819.76,C100359,7928.97,7985.59,0
12,TRANSFER,361.38,C100332,38199.39,37838.01,C100139,11830.11,12191.49,0
69,TRANSFER,298.09,C100307,40543.57,40245.48,C100257,7597.7,7895.79,0
9,DEBIT,73.24,C100268,40903.99,40830.75,C100344,3709.6,3782.84,0
44,CASH_IN,401.69,C100186,16793.3,16391.61,C100159,12409.06,12810.75,0
96,TRANSFER,580.47,C100273,33909.24,33328.77,C100348,7602.8,8183.27,0
34,CASH_IN,12.22,C100144,4896.92,4884.7,C100172,2583.81,2596.03,0
17,TRANSFER,40823.51,C_MULE_C6,1677.93,0.0,C_MULE_C1,1098.79,41922.3,1
22,CASH_OUT,39341.35,C_MULE_A3,3270.69,0.0,C_MULE_A4,525.3,39866.65,1
13,CASH_IN,249.84,C100326,49689.35,49439.51,C100287,14730.9,14980.74,0
70,PAYMENT,147.34,C100057,47585.93,47438.59,C100065,4450.94,4598.28,0
59,TRANSFER,135.86,C100164,44873.06,44737.2,C100330,22078.55,22214.41,0
78,PAYMENT,195.76,C100331,32314.3,32118.54,C100122,27486.71,27682.47,0
76,CASH_IN,657.75,C100373,36837.49,36179.74,C100229,20157.81,20815.56,0
6,DEBIT,185.39,C100353,17079.31,16893.92,C100428,1218.0,1403.39,0
29,CASH_OUT,113.87,C100236,12428.86,12314.99,C100430,10322.16,10436.03,0
93,CASH_IN,393.1,C100301,17403.3,17010.2,C100388,977.7,1370.8,0
35,CASH_IN,207.74,C100257,21710.83,21503.09,C100042,3511.87,3719.61,0
56,CASH_IN,145.25,C100247,37749.29,37604.04,C100195,29055.31,29200.56,0
43,TRANSFER,31080.93,C_MULE_A0,4576.44,0.0,C_MULE_A1,1830.54,32911.47,1
48,PAYMENT,657.77,C100320,31176.73,30518.96,C100005,12837.41,13495.18,0
85,CASH_OUT,160.69,C100414,31832.19,31671.5,C100156,21589.15,21749.84,0
38,DEBIT,730.48,C100417,30444.94,29714.46,C100170,12611.56,13342.04,0
79,CASH_IN,246.62,C100081,23115.27,22868.65,C100412,8948.46,9195.08,0
11,DEBIT,552.06,C100391,18027.55,17475.49,C100396,27087.67,27639.73,0
77,PAYMENT,107.72,C100329,15055.08,14947.36,C100394,25500.36,25608.08,0
71,TRANSFER,99.8,C100322,48595.96,48496.16,C100096,3959.07,4058.87,0
1,PAYMENT,121.06,C100002,38541.14,38420.08,C100073,23441.98,23563.04,0
83,CASH_IN,117.66,C100087,44557.88,44440.22,C100217,25850.56,25968.22,0
36,CASH_OUT,55.46,C100477,1293.9,1238.44,C100459,5579.31,5634.77,0
43,CASH_OUT,35.56,C100437,6453.67,6418.11,C100072,2296.36,2331.92,0
48,TRANSFER,781.6,C100003,46037.04,45255.44,C100244,571.49,1353.09,0
50,CASH_OUT,145.76,C100061,3831.53,3685.77,C100070,13142.22,13287.98,0
18,CASH_OUT,20201.21,C_MULE_B3,2825.64,0.0,C_MULE_B2,1599.17,21800.38,1
15,DEBIT,169.14,C100258,20512.74,20343.6,C100265,23612.36,23781.5,0
69,CASH_OUT,829.08,C100310,10311.5,9482.42,C100272,14380.47,15209.55,0
21,CASH_IN,2110.58,C100437,42714.75,40604.17,C100075,12567.65,14678.23,0
4,PAYMENT,205.31,C100086,29590.8,29385.49,C100254,10893.33,11098.64,0
3,DEBIT,812.47,C100000,26988.5,26176.03,C100334,11571.31,12383.78,0
35,CASH_OUT,27500.12,C_MULE_A4,2028.99,0.0,C_MULE_A1,391.46,27891.58,1
66,CASH_OUT,91.1,C100358,33192.79,33101.69,C100435,11779.41,11870.51,0
79,PAYMENT,39.45,C100444,11307.9,11268.45,C100492,22057.76,22097.21,0
9,CASH_OUT,95.13,C100058,32288.45,32193.32,C100062,5212.46,5307.59,0
36,CASH_OUT,216.63,C100148,26858.16,26641.53,C100315,8650.67,8867.3,0
36,CASH_IN,328.81,C100367,14280.91,13952.1,C100393,19112.45,19441.26,0
49,CASH_IN,151.34,C100278,27005.07,26853.73,C100408,13008.79,13160.13,0
88,DEBIT,500.74,C100154,32226.38,31725.64,C100386,21741.9,22242.64,0
71,TRANSFER,92.6,C100409,7673.94,7581.34,C100313,28642.93,28735.53,0
50,CASH_IN,93.42,C100412,7356.14,7262.72,C100405,25277.6,25371.02,0
92,CASH_OUT,248.47,C100115,24197.12,23948.65,C100086,19901.7,20150.17,0
31,PAYMENT,163.06,C100414,26189.89,26026.83,C100144,12630.41,12793.47,0
72,PAYMENT,274.94,C100317,22012.59,21737.65,C100491,10555.68,10830.62,0
5,CASH_OUT,225.15,C100154,23009.51,22784.36,C100481,17964.02,18189.17,0
76,DEBIT,120.0,C100057,9061.67,8941.67,C100260,11046.19,11166.19,0
76,CASH_IN,159.57,C100473,21478.7,21319.13,C100142,4204.12,4363.69,0
26,DEBIT,469.73,C100243,37736.93,37267.2,C100157,1074.23,1543.96,0
33,CASH_OUT,117.21,C100015,38643.69,38526.48,C100180,21633.39,21750.6,0
84,TRANSFER,237.61,C100136,2989.4,2751.79,C100084,11957.5,12195.11,0
85,CASH_IN,62.75,C100266,32893.52,32830.77,C100251,22807.94,22870.69,0
92,CASH_IN,153.98,C100102,41896.85,41742.87,C100261,29584.03,29738.01,0
40,DEBIT,85.79,C100052,19506.97,19421.18,C100136,27489.18,27574.97,0
46,TRANSFER,303.18,C100296,41644.48,41341.3,C100328,24685.51,24988.69,0
91,CASH_OUT,486.1,C100452,8692.33,8206.23,C100060,2470.43,2956.53,0
12,DEBIT,67.77,C100163,19240.46,19172.69,C100073,18103.3,18171.07,0
80,DEBIT,212.93,C100025,4301.74,4088.81,C100446,5498.85,5711.78,0
32,CASH_OUT,77.0,C100011,23917.3,23840.3,C100119,8950.24,9027.24,0
42,CASH_IN,33.21,C100226,48933.43,48900.22,C100100,25364.41,25397.62,0
51,PAYMENT,987.46,C100130,42839.36,41851.9,C100479,13728.53,14715.99,0
9,PAYMENT,416.53,C100037,15512.32,15095.79,C100446,27061.44,27477.97,0
11,TRANSFER,36386.14,C_MULE_C6,2424.42,0.0,C_MULE_C5,1239.97,37626.11,1
58,CASH_IN,304.1,C100031,32777.36,32473.26,C100145,20108.82,20412.92,0
21,TRANSFER,186.99,C100334,30961.46,30774.47,C100195,12939.38,13126.37,0
34,TRANSFER,29301.57,C_MULE_B3,1042.08,0.0,C_MULE_B0,743.56,30045.13,1
40,DEBIT,393.0,C100230,9406.68,9013.68,C100313,21622.23,22015.23,0
16,PAYMENT,299.72,C100039,24414.25,24114.53,C100450,9868.53,10168.25,0
42,TRANSFER,21350.42,C_MULE_C1,3517.15,0.0,C_MULE_C2,941.0,22291.42,1
41,CASH_IN,310.3,C100377,7247.53,6937.23,C100429,19419.35,19729.65,0
47,TRANSFER,155.99,C100071,10647.84,10491.85,C100381,6157.23,6313.22,0
45,PAYMENT,268.55,C100227,35717.72,35449.17,C100073,10388.37,10656.92,0
30,CASH_IN,261.65,C100311,47605.15,47343.5,C100149,15835.41,16097.06,0
30,PAYMENT,34.73,C100320,46212.34,46177.61,C100295,29465.67,29500.4,0
97,CASH_OUT,42.68,C100310,21776.74,21734.06,C100049,27088.69,27131.37,0
55,CASH_IN,79.52,C100267,3893.76,3814.24,C100141,5464.5,5544.02,0
42,CASH_OUT,244.75,C100475,37447.28,37202.53,C100094,19243.0,19487.75,0
89,CASH_IN,22.89,C100134,4009.61,3986.72,C100201,9533.97,9556.86,0
92,CASH_IN,86.88,C100354,15405.61,15318.73,C100322,8898.67,8985.55,0
66,TRANSFER,44.87,C100335,4946.85,4901.98,C100074,28149.0,28193.87,0
89,CASH_IN,327.59,C100456,43133.89,42806.3,C100145,3579.84,3907.43,0
19,CASH_OUT,15.28,C100487,16064.06,16048.78,C100326,5143.32,5158.6,0
10,CASH_OUT,17563.93,C_MULE_C1,2210.16,0.0,C_MULE_C2,1858.54,19422.47,1
80,PAYMENT,133.51,C100092,33150.46,33016.95,C100354,26169.42,26302.93,0
79,PAYMENT,128.37,C100200,24627.91,24499.54,C100438,1841.05,1969.42,0
78,PAYMENT,48.82,C100055,30650.01,30601.19,C100467,16378.97,16427.79,0
9,CASH_OUT,524.7,C100081,2457.71,1933.01,C100320,6796.32,7321.02,0
64,DEBIT,170.33,C100232,31118.1,30947.77,C100475,17071.44,17241.77,0
57,CASH_OUT,86.3,C100028,3470.5,3384.2,C100200,5498.63,5584.93,0
9,CASH_IN,18.58,C100145,19186.04,19167.46,C100293,25731.37,25749.95,0
71,CASH_OUT,206.86,C100271,31800.45,31593.59,C100078,9487.51,9694.37,0
71,TRANSFER,65.71,C100415,10367.58,10301.87,C100123,22821.4,22887.11,0
13,DEBIT,48.43,C100160,38605.22,38556.79,C100449,21748.44,21796.87,0
35,TRANSFER,35.81,C100304,49551.72,49515.91,C100349,28823.73,28859.54,0
63,CASH_OUT,62.71,C100264,5361.5,5298.79,C100202,15660.49,15723.2,0
94,TRANSFER,103.72,C100066,46996.24,46892.52,C100192,5285.9,5389.62,0
58,CASH_OUT,213.49,C100025,37473.76,37260.27,C100260,18361.71,18575.2,0
27,CASH_OUT,56.21,C100050,15313.57,15257.36,C100146,7818.24,7874.45,0
63,CASH_IN,51.95,C100065,20367.61,20315.66,C100180,15035.85,15087.8,0
38,PAYMENT,310.12,C100086,12557.43,12247.31,C100180,7745.91,8056.03,0
5,PAYMENT,766.05,C100437,17544.46,16778.41,C100162,29998.71,30764.76,0
4,PAYMENT,373.02,C100106,41838.77,41465.75,C100327,7958.54,8331.56,0
44,DEBIT,83.22,C100035,27956.79,27873.57,C100318,21111.63,21194.85,0
60,PAYMENT,66.02,C100363,38980.42,38914.4,C100284,13322.24,13388.26,0
62,PAYMENT,241.27,C100172,24228.18,23986.91,C100426,2694.02,2935.29,0
67,CASH_IN,272.1,C100352,20932.1,20660.0,C100221,29394.46,29666.56,0
77,DEBIT,154.17,C100474,19931.91,19777.74,C100459,14127.23,14281.4,0
62,PAYMENT,55.26,C100317,31917.3,31862.04,C100244,16521.16,16576.42,0
91,TRANSFER,939.87,C100167,46819.22,45879.35,C100287,24250.57,25190.44,0
90,CASH_OUT,105.39,C100093,12137.18,12031.79,C100071,3454.05,3559.44,0
73,DEBIT,13.73,C100026,22804.76,22791.03,C100144,10455.73,10469.46,0
44,PAYMENT,34.41,C100303,3178.12,3143.71,C100096,13572.54,13606.95,0
21,CASH_OUT,257.94,C100396,42467.98,42210.04,C100003,20350.51,20608.45,0
42,CASH_OUT,31510.6,C_MULE_B1,4378.25,0.0,C_MULE_B0,1697.89,33208.49,1
23,TRANSFER,1230.74,C100337,7053.2,5822.46,C100322,16244.86,17475.6,0
89,TRANSFER,277.82,C100237,16188.22,15910.4,C100361,26512.25,26790.07,0
6,CASH_IN,86.67,C100287,44151.12,44064.45,C100165,18263.02,18349.69,0
15,TRANSFER,22.55,C100453,37637.36,37614.81,C100301,25723.12,25745.67,0
74,CASH_IN,333.46,C100448,22560.44,22226.98,C100103,24561.5,24894.96,0
65,CASH_IN,424.95,C100490,3341.48,2916.53,C100052,17765.54,18190.49,0
56,PAYMENT,368.55,C100067,30469.67,30101.12,C100001,12252.83,12621.38,0
58,PAYMENT,45.93,C100395,48501.57,48455.64,C100406,8338.12,8384.05,0
10,TRANSFER,34117.41,C_MULE_A2,3823.07,0.0,C_MULE_A5,1556.19,35673.6,1
8,DEBIT,317.18,C100489,38752.66,38435.48,C100146,20927.26,21244.44,0
72,CASH_OUT,377.16,C100352,42696.43,42319.27,C100295,20299.23,20676.39,0
83,TRANSFER,162.33,C100137,34035.4,33873.07,C100119,20599.74,20762.07,0
26,DEBIT,299.34,C100218,35602.78,35303.44,C100180,11291.91,11591.25,0
55,CASH_IN,19.09,C100438,19511.22,19492.13,C100074,28696.36,28715.45,0
51,CASH_OUT,197.73,C100032,29132.14,28934.41,C100459,539.94,737.67,0
97,PAYMENT,18.13,C100380,20713.82,20695.69,C100418,23268.9,23287.03,0
78,PAYMENT,118.88,C100123,15832.77,15713.89,C100209,3691.52,3810.4,0
59,CASH_OUT,1130.98,C100313,24998.71,23867.73,C100116,16432.93,17563.91,0
52,CASH_OUT,73.98,C100295,43395.93,43321.95,C100312,12874.95,12948.93,0
67,CASH_OUT,100.31,C100227,26664.3,26563.99,C100035,7488.55,7588.86,0
91,CASH_IN,71.43,C100027,33751.58,33680.15,C100083,7756.71,7828.14,0
27,CASH_OUT,1201.79,C100445,26561.69,25359.9,C100267,21507.57,22709.36,0
46,CASH_OUT,38838.9,C_MULE_C4,4357.3,0.0,C_MULE_C2,554.77,39393.67,1
17,CASH_OUT,35908.36,C_MULE_A4,4934.92,0.0,C_MULE_A5,714.15,36622.51,1
82,TRANSFER,31.34,C100038,33688.69,33657.35,C100473,15854.76,15886.1,0
5,TRANSFER,163.79,C100352,29968.38,29804.59,C100430,4894.43,5058.22,0
4,CASH_OUT,141.16,C100201,12739.58,12598.42,C100309,3452.57,3593.73,0
68,DEBIT,149.5,C100467,4543.66,4394.16,C100328,25599.34,25748.84,0
30,CASH_IN,158.3,C100262,25542.8,25384.5,C100112,816.87,975.17,0
55,PAYMENT,243.71,C100301,26448.87,26205.16,C100046,29324.78,29568.49,0
17,PAYMENT,196.22,C100329,1373.31,1177.09,C100378,7417.28,7613.5,0
35,CASH_IN,128.34,C100401,29250.34,29122.0,C100333,5274.51,5402.85,0
13,PAYMENT,78.03,C100380,22897.76,22819.73,C100326,1038.43,1116.46,0
51,DEBIT,58.8,C100007,48636.16,48577.36,C100042,22618.21,22677.01,0
81,PAYMENT,105.25,C100225,46355.66,46250.41,C100037,3911.03,4016.28,0
24,PAYMENT,418.09,C100438,8001.22,7583.13,C100323,28368.26,28786.35,0
73,TRANSFER,119.57,C100296,37956.98,37837.41,C100037,7977.61,8097.18,0
33,CASH_IN,105.44,C100477,35712.26,35606.82,C100379,25126.49,25231.93,0
38,TRANSFER,307.99,C100447,44383.49,44075.5,C100430,13961.24,14269.23,0
71,CASH_IN,3755.5,C100338,25431.41,21675.91,C100299,5237.46,8992.96,0
17,DEBIT,138.8,C100138,35531.62,35392.82,C100171,24095.52,24234.32,0
35,CASH_OUT,463.0,C100303,28605.49,28142.49,C100263,13266.5,13729.5,0
46,CASH_IN,125.91,C100460,31076.91,30951.0,C100396,26036.59,26162.5,0
18,CASH_IN,341.96,C100133,24961.0,24619.04,C100305,28310.95,28652.91,0
17,TRANSFER,388.46,C100174,11285.45,10896.99,C100097,28450.73,28839.19,0
22,CASH_IN,80.96,C100160,46684.98,46604.02,C100464,6712.86,6793.82,0
59,DEBIT,384.33,C100244,10661.06,10276.73,C100427,4979.61,5363.94,0
42,CASH_OUT,40897.24,C_MULE_A4,1429.03,0.0,C_MULE_A5,1025.91,41923.15,1
21,PAYMENT,47.66,C100332,24341.04,24293.38,C100400,16483.52,16531.18,0
94,CASH_IN,668.03,C100466,22419.19,21751.16,C100021,19574.53,20242.56,0
13,CASH_OUT,126.18,C100391,43927.62,43801.44,C100231,18154.54,18280.72,0
5,DEBIT,38.37,C100398,1839.71,1801.34,C100365,19982.88,20021.25,0
23,TRANSFER,688.35,C100197,11352.65,10664.3,C100141,2967.68,3656.03,0
59,CASH_IN,205.03,C100273,40884.72,40679.69,C100133,28391.63,28596.66,0
39,PAYMENT,374.17,C100327,40054.64,39680.47,C100495,4851.59,5225.76,0
60,CASH_OUT,41.31,C100005,31047.65,31006.34,C100228,15903.14,15944.45,0
32,DEBIT,78.54,C100372,6761.4,6682.86,C100156,27519.19,27597.73,0
85,PAYMENT,26.58,C100143,46270.43,46243.85,C100287,5255.24,5281.82,0
2,DEBIT,238.83,C100487,29959.29,29720.46,C100328,11451.81,11690.64,0
73,PAYMENT,117.35,C100171,32836.67,32719.32,C100214,14041.57,14158.92,0
76,DEBIT,114.11,C100345,41682.95,41568.84,C100271,5920.65,6034.76,0
53,CASH_OUT,248.92,C100314,30048.37,29799.45,C100062,29476.78,29725.7,0
16,DEBIT,97.58,C100460,13802.55,13704.97,C100214,26213.59,26311.17,0
15,PAYMENT,329.08,C100206,30965.1,30636.02,C100183,7479.49,7808.57,0
83,TRANSFER,154.29,C100374,16996.86,16842.57,C100264,27997.24,28151.53,0
94,CASH_OUT,66.88,C100070,38953.66,38886.78,C100293,12046.04,12112.92,0
56,CASH_OUT,255.82,C100124,13061.07,12805.25,C100002,1777.94,2033.76,0
93,PAYMENT,1326.54,C100023,22134.85,20808.31,C100046,17946.87,19273.41,0
1,TRANSFER,184.7,C100242,32817.87,32633.17,C100322,13221.42,13406.12,0
5,PAYMENT,1024.1,C100251,30008.09,28983.99,C100472,4475.28,5499.38,0
13,CASH_IN,38.29,C100061,9662.72,9624.43,C100415,28159.64,28197.93,0
14,PAYMENT,250.5,C100446,5242.79,4992.29,C100150,4375.78,4626.28,0
77,CASH_OUT,724.96,C100129,24258.51,23533.55,C100065,4532.58,5257.54,0
61,CASH_OUT,143.88,C100083,42591.78,42447.9,C100033,8054.33,8198.21,0
49,CASH_OUT,198.3,C100365,12686.21,12487.91,C100242,13545.89,13744.19,0
92,PAYMENT,47.79,C100040,15922.52,15874.73,C100282,15657.72,15705.51,0
52,CASH_OUT,131.58,C100467,16671.92,16540.34,C100054,7776.24,7907.82,0
16,CASH_OUT,32.96,C100320,36514.86,36481.9,C100492,21062.31,21095.27,0
6,CASH_IN,810.08,C100072,24854.21,24044.13,C100132,3857.0,4667.08,0
40,DEBIT,185.76,C100467,37810.94,37625.18,C100101,7340.31,7526.07,0
13,CASH_IN,143.23,C100047,14307.22,14163.99,C100313,4016.94,4160.17,0
10,PAYMENT,32.64,C100382,37451.32,37418.68,C100258,6128.5,6161.14,0
44,PAYMENT,331.05,C100320,16800.21,16469.16,C100441,12084.09,12415.14,0
10,PAYMENT,267.48,C100329,9767.85,9500.37,C100012,1845.63,2113.11,0
39,CASH_IN,119.83,C100492,9432.34,9312.51,C100285,1504.02,1623.85,0
42,CASH_IN,161.55,C100477,10345.53,10183.98,C100080,27596.99,27758.54,0
89,DEBIT,125.41,C100096,39617.35,39491.94,C100265,514.6,640.01,0
25,TRANSFER,579.51,C100136,8574.14,7994.63,C100053,10696.52,11276.03,0
41,DEBIT,298.08,C100207,26736.45,26438.37,C100135,29921.63,30219.71,0
97,CASH_OUT,163.7,C100395,12162.98,11999.28,C100189,6762.57,6926.27,0
99,CASH_IN,94.58,C100399,33281.46,33186.88,C100214,8625.86,8720.44,0
94,CASH_OUT,188.94,C100276,18718.83,18529.89,C100388,21384.85,21573.79,0
69,CASH_IN,199.14,C100234,28213.55,28014.41,C100180,28930.64,29129.78,0
18,PAYMENT,481.57,C100224,27541.96,27060.39,C100022,21263.36,21744.93,0
19,CASH_OUT,50.67,C100021,24133.27,24082.6,C100092,14074.47,14125.14,0
51,DEBIT,35.1,C100414,7828.11,7793.01,C100417,21286.37,21321.47,0
14,PAYMENT,330.77,C100356,19242.67,18911.9,C100011,23938.8,24269.57,0
40,TRANSFER,32553.76,C_MULE_C2,4057.57,0.0,C_MULE_C3,41.65,32595.41,1
42,CASH_IN,39.52,C100325,28199.54,28160.02,C100471,29929.41,29968.93,0
62,PAYMENT,53.22,C100057,29717.28,29664.06,C100036,28537.56,28590.78,0
7,PAYMENT,145.56,C100481,49351.85,49206.29,C100454,28434.04,28579.6,0
48,TRANSFER,130.16,C100467,39959.16,39829.0,C100247,26713.65,26843.81,0
58,TRANSFER,143.25,C100365,36093.96,35950.71,C100251,14016.35,14159.6,0
30,TRANSFER,40211.01,C_MULE_B2,4915.12,0.0,C_MULE_B4,585.54,40796.55,1
58,DEBIT,174.13,C100167,34555.2,34381.07,C100101,18321.24,18495.37,0
90,CASH_OUT,119.34,C100107,38706.42,38587.08,C100274,19039.61,19158.95,0
67,PAYMENT,203.83,C100335,35252.99,35049.16,C100125,2934.77,3138.6,0
59,CASH_OUT,48.14,C100433,22781.84,22733.7,C100174,20592.76,20640.9,0
40,CASH_IN,298.8,C100461,3358.85,3060.05,C100376,29450.63,29749.43,0
48,PAYMENT,347.99,C100103,24332.14,23984.15,C100306,14643.36,14991.35,0
68,DEBIT,325.98,C100013,42371.25,42045.27,C100400,11391.77,11717.75,0
51,CASH_IN,321.9,C100473,14643.04,14321.14,C100393,8923.26,9245.16,0
49,CASH_IN,79.28,C100294,4280.83,4201.55,C100244,25149.88,25229.16,0
46,DEBIT,416.62,C100227,36121.97,35705.35,C100012,13435.94,13852.56,0
92,CASH_OUT,64.25,C100189,41252.87,41188.62,C100400,17378.93,17443.18,0
47,TRANSFER,89.12,C100327,12962.13,12873.01,C100019,6015.23,6104.35,0
58,DEBIT,37.63,C100483,6513.01,6475.38,C100148,17357.84,17395.47,0
44,TRANSFER,24066.78,C_MULE_A0,1572.54,0.0,C_MULE_A4,1391.75,25458.53,1
89,TRANSFER,33.43,C100160,16621.08,16587.65,C100190,11354.81,11388.24,0
64,DEBIT,22.28,C100089,19154.53,19132.25,C100425,10970.06,10992.34,0
72,CASH_IN,47.86,C100048,32423.39,32375.53,C100267,9078.44,9126.3,0
45,DEBIT,174.41,C100071,20496.94,20322.53,C100206,15170.37,15344.78,0
93,TRANSFER,184.21,C100024,1601.17,1416.96,C100359,8807.74,8991.95,0
65,PAYMENT,122.59,C100022,11993.8,11871.21,C100209,8650.65,8773.24,0
85,CASH_OUT,105.24,C100407,34224.43,34119.19,C100405,20426.81,20532.05,0
47,TRANSFER,171.67,C100238,42080.29,41908.62,C100482,1152.55,1324.22,0
40,CASH_IN,76.22,C100261,16070.48,15994.26,C100369,29657.44,29733.66,0
40,PAYMENT,84.61,C100153,22586.18,22501.57,C100376,4764.61,4849.22,0
13,TRANSFER,588.97,C100353,48004.7,47415.73,C100250,13341.44,13930.41,0
13,CASH_IN,80.38,C100484,22963.47,22883.09,C100264,4889.05,4969.43,0
65,CASH_IN,133.25,C100473,35607.2,35473.95,C100454,7755.49,7888.74,0
91,TRANSFER,89.06,C100338,17217.26,17128.2,C100141,11167.86,11256.92,0
31,PAYMENT,104.27,C100378,45268.57,45164.3,C100043,6976.71,7080.98,0
36,DEBIT,178.0,C100403,37329.04,37151.04,C100019,26271.5,26449.5,0
30,CASH_IN,188.18,C100079,2339.53,2151.35,C100428,7531.97,7720.15,0
98,DEBIT,447.47,C100469,42632.37,42184.9,C100494,19900.86,20348.33,0
74,TRANSFER,1166.8,C100187,3714.4,2547.6,C100367,10868.1,12034.9,0
32,DEBIT,85.02,C100027,29694.38,29609.36,C100069,2742.6,2827.62,0
57,CASH_OUT,60.74,C100194,42886.71,42825.97,C100480,12349.35,12410.09,0
7,PAYMENT,247.0,C100184,30509.54,30262.54,C100214,23390.14,23637.14,0
13,DEBIT,1499.46,C100174,17043.72,15544.26,C100083,16312.01,17811.47,0
12,CASH_IN,596.3,C100102,33347.26,32750.96,C100125,4203.47,4799.77,0
27,CASH_OUT,443.6,C100339,48548.05,48104.45,C100144,11607.48,12051.08,0
29,CASH_IN,85.03,C100220,41885.64,41800.61,C100449,603.56,688.59,0
27,PAYMENT,178.91,C100461,47324.26,47145.35,C100371,13428.26,13607.17,0
37,CASH_OUT,500.19,C100413,11115.46,10615.27,C100102,8114.36,8614.55,0
45,CASH_OUT,167.44,C100234,42553.71,42386.27,C100001,18462.85,18630.29,0
84,CASH_IN,153.84,C100171,34770.71,34616.87,C100356,5861.31,6015.15,0
52,CASH_OUT,133.32,C100012,48268.65,48135.33,C100162,27863.36,27996.68,0
11,TRANSFER,43.05,C100239,15085.67,15042.62,C100348,12462.27,12505.32,0
96,CASH_OUT,17.41,C100263,43270.67,43253.26,C100269,6076.79,6094.2,0
54,TRANSFER,176.53,C100431,25301.48,25124.95,C100045,1092.93,1269.46,0
17,CASH_IN,226.94,C100162,5240.78,5013.84,C100030,21686.54,21913.48,0
28,DEBIT,597.74,C100162,46808.49,46210.75,C100160,1781.19,2378.93,0
19,CASH_IN,222.84,C100410,8571.35,8348.51,C100176,26180.75,26403.59,0
85,CASH_OUT,182.25,C100073,38690.16,38507.91,C100213,2957.69,3139.94,0
68,DEBIT,215.63,C100375,31605.75,31390.12,C100135,13868.74,14084.37,0
3,DEBIT,71.78,C100052,20114.74,20042.96,C100404,23548.12,23619.9,0
21,CASH_IN,242.64,C100301,33836.01,33593.37,C100224,6438.7,6681.34,0
14,TRANSFER,389.36,C100260,43296.19,42906.83,C100308,4887.94,5277.3,0
58,DEBIT,112.27,C100019,47043.29,46931.02,C100213,12280.89,12393.16,0
18,CASH_OUT,370.38,C100123,17577.48,17207.1,C100299,2735.72,3106.1,0
54,TRANSFER,129.65,C100374,17783.48,17653.83,C100449,2540.21,2669.86,0
45,CASH_IN,859.13,C100475,5775.47,4916.34,C100045,11699.99,12559.12,0
27,DEBIT,841.42,C100088,31583.29,30741.87,C100403,17729.62,18571.04,0
40,PAYMENT,428.47,C100249,23133.31,22704.84,C100259,16002.99,16431.46,0
39,CASH_OUT,70.13,C100213,19253.95,19183.82,C100129,18988.57,19058.7,0
40,CASH_IN,39.27,C100034,30985.52,30946.25,C100253,19798.91,19838.18,0
45,TRANSFER,166.38,C100249,12037.86,11871.48,C100106,26950.59,27116.97,0
82,TRANSFER,613.77,C100215,2105.58,1491.81,C100027,3328.61,3942.38,0
76,CASH_OUT,150.74,C100096,32616.73,32465.99,C100467,21914.58,22065.32,0
97,CASH_OUT,57.8,C100216,19063.87,19006.07,C100120,962.79,1020.59,0
74,CASH_OUT,66.74,C100070,29072.39,29005.65,C100317,6525.16,6591.9,0
94,CASH_IN,149.36,C100073,35694.94,35545.58,C100346,3151.34,3300.7,0
40,TRANSFER,109.72,C100243,34950.17,34840.45,C100321,22560.73,22670.45,0
80,PAYMENT,50.4,C100006,41025.72,40975.32,C100420,10994.48,11044.88,0
92,CASH_IN,528.12,C100297,4160.92,3632.8,C100484,16183.67,16711.79,0
63,DEBIT,98.79,C100018,7336.69,7237.9,C100110,24951.79,25050.58,0
24,TRANSFER,21.12,C100202,14011.09,13989.97,C100494,22785.21,22806.33,0
64,CASH_OUT,67.99,C100177,45612.04,45544.05,C100032,16126.96,16194.95,0
19,PAYMENT,515.09,C100286,49718.88,49203.79,C100438,6350.89,6865.98,0
16,TRANSFER,18874.93,C_MULE_C6,1697.15,0.0,C_MULE_C5,896.63,19771.56,1
79,CASH_OUT,1705.61,C100015,23789.57,22083.96,C100057,1706.4,3412.01,0
28,PAYMENT,229.78,C100262,31609.25,31379.47,C100368,541.72,771.5,0
64,TRANSFER,301.35,C100473,46281.12,45979.77,C100187,24029.12,24330.47,0
36,TRANSFER,16066.8,C_MULE_B0,1087.81,0.0,C_MULE_B4,1576.2,17643.0,1
84,PAYMENT,170.17,C100326,2831.38,2661.21,C100306,21600.87,21771.04,0
27,TRANSFER,566.06,C100082,31046.27,30480.21,C100231,3692.66,4258.72,0
36,DEBIT,347.5,C100464,10029.18,9681.68,C100143,4721.66,5069.16,0
21,TRANSFER,319.55,C100307,12065.63,11746.08,C100011,13555.68,13875.23,0
30,PAYMENT,529.46,C100351,36964.64,36435.18,C100057,2073.23,2602.69,0
64,CASH_IN,98.33,C100301,11289.3,11190.97,C100006,3884.09,3982.42,0
77,PAYMENT,149.36,C100482,29810.86,29661.5,C100305,18130.55,18279.91,0
9,PAYMENT,197.19,C100161,12045.51,11848.32,C100352,15496.89,15694.08,0
27,PAYMENT,190.07,C100051,16781.92,16591.85,C100134,9843.3,10033.37,0
48,TRANSFER,46.78,C100050,33982.93,33936.15,C100109,16789.88,16836.66,0
85,CASH_OUT,105.45,C100218,24585.0,24479.55,C100392,23162.1,23267.55,0
77,CASH_OUT,76.29,C100016,40252.21,40175.92,C100251,16594.17,16670.46,0
70,CASH_OUT,35.44,C100190,34239.81,34204.37,C100377,16478.96,16514.4,0
53,DEBIT,100.77,C100297,29600.23,29499.46,C100065,24685.37,24786.14,0
95,PAYMENT,56.08,C100242,14105.19,14049.11,C100486,15386.29,15442.37,0
55,TRANSFER,192.92,C100265,41441.12,41248.2,C100068,13824.99,14017.91,0
71,PAYMENT,379.26,C100187,34521.79,34142.53,C100289,12229.07,12608.33,0
88,TRANSFER,311.94,C100222,35778.61,35466.67,C100041,1902.01,2213.95,0
31,DEBIT,473.49,C100293,1614.98,1141.49,C100114,16725.89,17199.38,0
36,DEBIT,247.48,C100123,10272.47,10024.99,C100037,5103.09,5350.57,0
60,CASH_IN,118.05,C100115,42129.87,42011.82,C100381,25296.5,25414.55,0
32,PAYMENT,269.78,C100457,8022.69,7752.91,C100345,18599.12,18868.9,0
59,TRANSFER,305.92,C100458,24121.15,23815.23,C100141,20337.85,20643.77,0
94,TRANSFER,378.33,C100465,37475.29,37096.96,C100367,6371.72,6750.05,0
98,PAYMENT,613.35,C100309,17029.61,16416.26,C100455,11247.29,11860.64,0
23,TRANSFER,37414.05,C_MULE_B0,2721.93,0.0,C_MULE_B4,460.95,37875.0,1
4,DEBIT,121.63,C100222,17721.42,17599.79,C100051,3904.43,4026.06,0
35,TRANSFER,29475.38,C_MULE_A4,3149.03,0.0,C_MULE_A2,1531.04,31006.42,1
99,CASH_IN,22.08,C100162,35775.29,35753.21,C100049,6718.41,6740.49,0
94,PAYMENT,81.05,C100242,9428.1,9347.05,C100489,6277.97,6359.02,0
49,TRANSFER,821.9,C100182,31068.74,30246.84,C100031,25748.58,26570.48,0
53,TRANSFER,33.86,C100301,37522.39,37488.53,C100342,22673.63,22707.49,0
76,PAYMENT,537.9,C100142,24503.59,23965.69,C100014,28732.3,29270.2,0
28,PAYMENT,1102.63,C100160,12213.81,11111.18,C100147,9874.18,10976.81,0
68,CASH_IN,74.01,C100429,34312.6,34238.59,C100360,4796.75,4870.76,0
19,CASH_OUT,265.81,C100342,28098.32,27832.51,C100442,7403.13,7668.94,0
73,PAYMENT,80.62,C100054,15287.21,15206.59,C100424,7260.4,7341.02,0
54,DEBIT,27.74,C100145,28512.23,28484.49,C100187,7304.09,7331.83,0
18,CASH_OUT,1109.66,C100109,33199.03,32089.37,C100445,1390.56,2500.22,0
96,CASH_IN,133.34,C100006,45022.22,44888.88,C100314,8663.31,8796.65,0
92,DEBIT,190.32,C100236,22708.2,22517.88,C100259,3751.75,3942.07,0
72,PAYMENT,72.27,C100114,1394.11,1321.84,C100395,19250.13,19322.4,0
40,CASH_OUT,17977.99,C_MULE_A3,2127.48,0.0,C_MULE_A5,1422.36,19400.35,1
69,PAYMENT,135.59,C100322,31319.9,31184.31,C100466,3410.61,3546.2,0
56,PAYMENT,27.09,C100473,33672.5,33645.41,C100252,14587.65,14614.74,0
95,DEBIT,307.28,C100230,14647.58,14340.3,C100063,19449.58,19756.86,0
79,CASH_OUT,235.14,C100187,4427.98,4192.84,C100257,12024.9,12260.04,0
92,DEBIT,48.53,C100091,13694.57,13646.04,C100170,7027.58,7076.11,0
60,PAYMENT,1346.64,C100441,38115.37,36768.73,C100029,10575.56,11922.2,0
38,DEBIT,439.33,C100212,5537.66,5098.33,C100112,14003.08,14442.41,0
97,DEBIT,259.09,C100197,16887.42,16628.33,C100051,21371.16,21630.25,0
33,PAYMENT,119.42,C100234,16678.88,16559.46,C100319,22192.43,22311.85,0
5,CASH_IN,499.95,C100270,6925.05,6425.1,C100000,4475.57,4975.52,0
96,CASH_OUT,119.82,C100367,1981.45,1861.63,C100440,18560.87,18680.69,0
43,TRANSFER,199.96,C100154,11247.03,11047.07,C100042,13833.02,14032.98,0
45,CASH_IN,1516.32,C100262,33438.4,31922.08,C100159,17646.32,19162.64,0
35,TRANSFER,1752.99,C100367,23352.28,21599.29,C100131,25063.23,26816.22,0
31,CASH_IN,195.98,C100062,15976.75,15780.77,C100220,7512.15,7708.13,0
9,PAYMENT,287.8,C100107,39266.16,38978.36,C100066,13201.27,13489.07,0
32,DEBIT,152.91,C100261,2731.01,2578.1,C100143,15475.73,15628.64,0
38,PAYMENT,102.51,C100016,47782.05,47679.54,C100036,25895.98,25998.49,0
72,CASH_IN,86.34,C100294,24050.18,23963.84,C100265,27496.33,27582.67,0
63,PAYMENT,74.92,C100379,11806.3,11731.38,C100136,9134.46,9209.38,0
84,CASH_OUT,238.09,C100435,46549.35,46311.26,C100047,15756.86,15994.95,0
20,CASH_IN,128.53,C100397,46675.13,46546.6,C100211,19339.95,19468.48,0
34,DEBIT,124.26,C100152,18538.11,18413.85,C100017,5722.25,5846.51,0
40,TRANSFER,46.63,C100395,43414.96,43368.33,C100249,26611.81,26658.44,0
52,CASH_IN,117.2,C100290,19364.52,19247.32,C100178,3139.91,3257.11,0
76,TRANSFER,149.29,C100449,15068.14,14918.85,C100219,9899.17,10048.46,0
92,CASH_OUT,220.78,C100030,31870.07,31649.29,C100486,28910.77,29131.55,0
23,TRANSFER,60.02,C100496,23250.65,23190.63,C100025,12922.54,12982.56,0
5,CASH_IN,291.91,C100286,43464.16,43172.25,C100474,17761.7,18053.61,0
62,PAYMENT,104.24,C100309,36591.31,36487.07,C100254,6757.08,6861.32,0
55,DEBIT,208.3,C100161,49070.55,48862.25,C100251,3125.86,3334.16,0
93,TRANSFER,34.91,C100455,30617.03,30582.12,C100308,10661.33,10696.24,0
73,PAYMENT,87.81,C100245,47450.91,47363.1,C100388,22791.64,22879.45,0
30,CASH_OUT,55.68,C100387,21687.63,21631.95,C100434,28648.26,28703.94,0
57,PAYMENT,175.05,C100435,41600.37,41425.32,C100085,10238.45,10413.5,0
93,TRANSFER,72.8,C100248,2694.99,2622.19,C100115,10203.56,10276.36,0
36,CASH_OUT,51.01,C100143,49013.77,48962.76,C100242,1125.18,1176.19,0
71,CASH_IN,36.16,C100292,5541.04,5504.88,C100228,19616.66,19652.82,0
20,CASH_IN,33.35,C100086,3102.97,3069.62,C100082,3851.16,3884.51,0
51,TRANSFER,723.18,C100356,22905.38,22182.2,C100301,14746.66,15469.84,0
75,CASH_OUT,232.65,C100243,38813.65,38581.0,C100009,21630.08,21862.73,0
13,TRANSFER,459.48,C100359,15267.48,14808.0,C100008,14322.5,14781.98,0
42,TRANSFER,320.42,C100117,34650.11,34329.69,C100217,10544.45,10864.87,0
5,DEBIT,786.45,C100437,27335.36,26548.91,C100220,20117.62,20904.07,0
48,DEBIT,1597.34,C100339,35033.52,33436.18,C100277,25530.63,27127.97,0
20,TRANSFER,17619.06,C_MULE_C0,1060.79,0.0,C_MULE_C2,1332.68,18951.74,1
37,DEBIT,333.95,C100444,22860.96,22527.01,C100253,926.09,1260.04,0
57,CASH_OUT,58.94,C100166,35372.28,35313.34,C100394,18583.6,18642.54,0
71,TRANSFER,84.0,C100189,12046.19,11962.19,C100369,5734.86,5818.86,0
38,CASH_IN,725.58,C100472,38360.15,37634.57,C100302,25928.89,26654.47,0
40,CASH_OUT,346.41,C100119,5569.28,5222.87,C100258,13884.96,14231.37,0
19,PAYMENT,28.48,C100053,45699.09,45670.61,C100123,23974.53,24003.01,0
31,DEBIT,51.89,C100212,18050.8,17998.91,C100168,20793.97,20845.86,0
12,CASH_OUT,64.4,C100360,40957.55,40893.15,C100028,27770.24,27834.64,0
14,CASH_IN,148.68,C100139,32364.66,32215.98,C100244,13025.5,13174.18,0
17,CASH_IN,576.08,C100006,48593.8,48017.72,C100276,9687.17,10263.25,0
64,DEBIT,183.11,C100055,22446.3,22263.19,C100134,19230.38,19413.49,0
69,CASH_OUT,97.31,C100327,29003.04,28905.73,C100039,16514.16,16611.47,0
61,PAYMENT,142.44,C100376,34004.78,33862.34,C100036,9216.29,9358.73,0
81,TRANSFER,418.98,C100075,35005.67,34586.69,C100003,19012.69,19431.67,0
28,CASH_OUT,179.41,C100325,4993.99,4814.58,C100045,7820.24,7999.65,0
42,TRANSFER,36700.25,C_MULE_B1,1629.59,0.0,C_MULE_B0,1110.18,37810.43,1
45,CASH_IN,305.39,C100102,38417.23,38111.84,C100220,1836.54,2141.93,0
44,TRANSFER,152.36,C100480,48341.68,48189.32,C100001,15293.47,15445.83,0
55,TRANSFER,1690.68,C100122,41875.21,40184.53,C100360,9562.84,11253.52,0
56,PAYMENT,125.61,C100347,25227.35,25101.74,C100106,4675.07,4800.68,0
22,CASH_OUT,50.22,C100290,49066.0,49015.78,C100041,9631.14,9681.36,0
21,PAYMENT,136.03,C100150,4755.15,4619.12,C100044,15540.94,15676.97,0
63,CASH_IN,60.56,C100187,44958.66,44898.1,C100136,23898.5,23959.06,0
65,CASH_IN,52.29,C100157,37603.69,37551.4,C100313,4252.72,4305.01,0
25,CASH_IN,357.91,C100247,16658.41,16300.5,C100375,16913.51,17271.42,0
80,TRANSFER,79.59,C100108,19995.02,19915.43,C100362,18512.57,18592.16,0
28,PAYMENT,200.1,C100076,49545.52,49345.42,C100125,15770.63,15970.73,0
5,CASH_OUT,45.09,C100384,20540.66,20495.57,C100032,22983.25,23028.34,0
42,PAYMENT,278.02,C100139,18828.99,18550.97,C100262,3597.5,3875.52,0
57,CASH_OUT,48.99,C100117,11037.28,10988.29,C100290,7250.28,7299.27,0
11,DEBIT,287.53,C100458,1881.77,1594.24,C100342,5949.83,6237.36,0
72,TRANSFER,527.58,C100023,16498.95,15971.37,C100333,14332.73,14860.31,0
72,TRANSFER,189.0,C100055,25284.59,25095.59,C100439,15793.65,15982.65,0
81,TRANSFER,267.68,C100154,15559.64,15291.96,C100136,25910.71,26178.39,0
76,TRANSFER,257.85,C100414,43288.61,43030.76,C100458,10149.22,10407.07,0
38,DEBIT,398.98,C100242,1026.47,627.49,C100017,24942.9,25341.88,0
25,TRANSFER,75.75,C100028,1500.92,1425.17,C100421,22250.5,22326.25,0
80,CASH_IN,189.15,C100327,1413.35,1224.2,C100290,26136.65,26325.8,0
99,TRANSFER,272.29,C100245,32573.02,32300.73,C100225,2104.81,2377.1,0
30,TRANSFER,99.72,C100328,41664.19,41564.47,C100180,29259.49,29359.21,0
36,DEBIT,66.8,C100486,13930.67,13863.87,C100289,29052.3,29119.1,0
80,TRANSFER,135.73,C100086,21382.12,21246.39,C100374,23049.89,23185.62,0
95,PAYMENT,269.88,C100096,42686.43,42416.55,C100480,10116.79,10386.67,0
36,TRANSFER,66.72,C100134,46061.54,45994.82,C100319,19553.31,19620.03,0
77,CASH_IN,85.68,C100115,5336.88,5251.2,C100372,23721.61,23807.29,0
9,DEBIT,937.42,C100058,49166.88,48229.46,C100163,10029.88,10967.3,0
12,CASH_IN,76.06,C100230,3315.93,3239.87,C100351,4134.3,4210.36,0
3,CASH_OUT,51.28,C100238,30356.53,30305.25,C100348,17637.54,17688.82,0
96,CASH_OUT,96.44,C100488,22417.65,22321.21,C100338,2170.29,2266.73,0
4,DEBIT,105.4,C100072,47252.4,47147.0,C100181,25082.73,25188.13,0
13,CASH_OUT,33.26,C100388,10128.37,10095.11,C100445,28769.79,28803.05,0
9,DEBIT,90.98,C100401,48633.16,48542.18,C100256,2647.17,2738.15,0
65,CASH_IN,73.28,C100233,34859.31,34786.03,C100164,5041.81,5115.09,0
1,PAYMENT,305.45,C100476,46334.58,46029.13,C100197,12216.79,12522.24,0
19,CASH_OUT,41717.66,C_MULE_A5,2615.58,0.0,C_MULE_A1,119.28,41836.94,1
96,CASH_IN,64.69,C100345,44757.7,44693.01,C100354,9739.96,9804.65,0
17,TRANSFER,27638.52,C_MULE_B4,3019.88,0.0,C_MULE_B1,392.96,28031.48,1
59,TRANSFER,812.59,C100243,16473.93,15661.34,C100255,16259.6,17072.19,0
51,CASH_IN,121.48,C100432,32994.78,32873.3,C100241,6044.82,6166.3,0
60,PAYMENT,57.07,C100061,49618.04,49560.97,C100429,23227.84,23284.91,0
74,DEBIT,86.73,C100097,17952.69,17865.96,C100116,28024.8,28111.53,0
65,TRANSFER,264.39,C100271,16200.43,15936.04,C100301,26806.33,27070.72,0
42,DEBIT,277.79,C100140,46018.96,45741.17,C100174,20344.41,20622.2,0
71,CASH_OUT,175.64,C100176,41073.61,40897.97,C100261,1177.16,1352.8,0
40,TRANSFER,249.44,C100229,21390.53,21141.09,C100073,25433.22,25682.66,0
80,CASH_IN,1123.15,C100195,2295.64,1172.49,C100362,4128.75,5251.9,0
51,CASH_IN,141.49,C100414,8880.18,8738.69,C100354,9517.76,9659.25,0
46,PAYMENT,74.95,C100384,26656.06,26581.11,C100191,7589.72,7664.67,0
56,DEBIT,365.24,C100052,44565.18,44199.94,C100092,10982.41,11347.65,0
13,CASH_OUT,1274.8,C100054,27507.81,26233.01,C100297,21777.31,23052.11,0
22,CASH_OUT,215.64,C100047,17312.43,17096.79,C100229,27368.17,27583.81,0
4,CASH_IN,258.97,C100219,43069.19,42810.22,C100157,18630.98,18889.95,0
60,CASH_IN,60.05,C100353,33666.23,33606.18,C100327,13031.64,13091.69,0
86,DEBIT,144.66,C100014,47076.47,46931.81,C100031,5842.25,5986.91,0
40,CASH_IN,679.67,C100020,37504.85,36825.18,C100437,24142.49,24822.16,0
40,PAYMENT,41.37,C100445,22080.57,22039.2,C100284,7479.3,7520.67,0
11,TRANSFER,43795.56,C_MULE_B0,1994.48,0.0,C_MULE_B4,1114.11,44909.67,1
66,TRANSFER,66.58,C100025,12570.92,12504.34,C100126,9525.05,9591.63,0
12,PAYMENT,154.87,C100196,36160.95,36006.08,C100298,3083.18,3238.05,0
14,TRANSFER,41920.97,C_MULE_A2,3279.18,0.0,C_MULE_A4,1305.45,43226.42,1
9,CASH_OUT,49.6,C100118,28760.16,28710.56,C100319,14055.44,14105.04,0
4,CASH_OUT,487.4,C100220,28832.35,28344.95,C100103,8957.79,9445.19,0
18,TRANSFER,31.56,C100035,38068.86,38037.3,C100359,26323.25,26354.81,0
65,CASH_OUT,193.98,C100061,42336.37,42142.39,C100071,1489.73,1683.71,0
94,DEBIT,714.38,C100350,36949.73,36235.35,C100404,6785.98,7500.36,0
83,DEBIT,124.45,C100311,41622.77,41498.32,C100437,5741.44,5865.89,0
39,CASH_OUT,30630.37,C_MULE_B3,4212.97,0.0,C_MULE_B1,1065.46,31695.83,1
48,TRANSFER,66.21,C100376,12557.61,12491.4,C100185,24840.71,24906.92,0
76,DEBIT,64.7,C100022,33397.52,33332.82,C100096,19534.8,19599.5,0
60,DEBIT,154.16,C100430,14419.2,14265.04,C100104,24868.16,25022.32,0
94,TRANSFER,114.52,C100296,41337.75,41223.23,C100067,4660.23,4774.75,0
58,DEBIT,90.29,C100297,46112.86,46022.57,C100239,13650.4,13740.69,0
94,PAYMENT,8.81,C100287,11835.14,11826.33,C100225,19049.97,19058.78,0
26,DEBIT,89.56,C100251,22345.44,22255.88,C100385,3848.83,3938.39,0
23,DEBIT,90.6,C100073,15459.93,15369.33,C100089,9420.5,9511.1,0
92,TRANSFER,142.16,C100026,18870.89,18728.73,C100064,22594.79,22736.95,0
94,DEBIT,121.55,C100381,33952.04,33830.49,C100248,2933.19,3054.74,0
12,DEBIT,228.55,C100464,43126.82,42898.27,C100269,26851.2,27079.75,0
61,CASH_OUT,882.97,C100285,20623.34,19740.37,C100345,14817.13,15700.1,0
90,TRANSFER,404.85,C100364,47963.04,47558.19,C100311,18712.55,19117.4,0
45,CASH_IN,18.72,C100337,34812.06,34793.34,C100455,12366.29,12385.01,0
3,CASH_OUT,116.07,C100172,14538.34,14422.27,C100144,11742.3,11858.37,0
89,CASH_OUT,166.32,C100427,44137.52,43971.2,C100391,19899.14,20065.46,0
65,CASH_IN,59.69,C100015,8461.12,8401.43,C100109,23016.75,23076.44,0
51,TRANSFER,194.0,C100133,8673.39,8479.39,C100195,15958.57,16152.57,0
29,CASH_IN,944.42,C100242,34976.41,34031.99,C100292,7922.09,8866.51,0
59,DEBIT,74.87,C100118,19922.55,19847.68,C100460,24182.88,24257.75,0
1,CASH_OUT,40.06,C100257,38765.19,38725.13,C100093,3877.0,3917.06,0
37,TRANSFER,134.96,C100175,47837.67,47702.71,C100192,29550.31,29685.27,0
57,TRANSFER,166.8,C100153,7387.79,7220.99,C100054,26172.77,26339.57,0
46,DEBIT,700.1,C100187,24892.43,24192.33,C100076,19463.77,20163.87,0
16,TRANSFER,57.84,C100135,43897.3,43839.46,C100459,17975.36,18033.2,0
49,CASH_IN,29.76,C100288,22088.34,22058.58,C100211,29711.98,29741.74,0
8,DEBIT,31.8,C100162,46053.98,46022.18,C100483,6048.47,6080.27,0
26,DEBIT,706.01,C100391,45958.48,45252.47,C100494,7970.06,8676.07,0
14,CASH_IN,208.23,C100090,10671.28,10463.05,C100236,2214.06,2422.29,0
29,DEBIT,42.59,C100306,1184.44,1141.85,C100475,9836.77,9879.36,0
11,CASH_IN,246.3,C100002,16377.2,16130.9,C100449,8215.81,8462.11,0
30,PAYMENT,357.84,C100317,11216.92,10859.08,C100228,1543.4,1901.24,0
52,DEBIT,126.0,C100094,46438.17,46312.17,C100200,7995.31,8121.31,0
80,PAYMENT,78.25,C100169,2619.86,2541.61,C100350,17429.34,17507.59,0
76,TRANSFER,121.76,C100412,49922.94,49801.18,C100304,8593.04,8714.8,0
23,TRANSFER,57.36,C100024,19007.48,18950.12,C100054,4717.03,4774.39,0
76,CASH_IN,280.42,C100010,41037.14,40756.72,C100103,19181.58,19462.0,0
89,PAYMENT,144.93,C100300,15159.29,15014.36,C100472,7788.44,7933.37,0
36,CASH_IN,817.98,C100378,42814.6,41996.62,C100045,11214.33,12032.31,0
16,DEBIT,78.51,C100137,13176.86,13098.35,C100036,5883.58,5962.09,0
70,TRANSFER,460.23,C100411,24491.62,24031.39,C100348,20243.15,20703.38,0
72,PAYMENT,248.46,C100255,36504.06,36255.6,C100360,29588.46,29836.92,0
48,CASH_IN,212.02,C100021,14118.35,13906.33,C100349,23047.93,23259.95,0
18,PAYMENT,234.3,C100378,28183.48,27949.18,C100310,19356.75,19591.05,0
2,PAYMENT,1130.83,C100075,36640.09,35509.26,C100145,29703.71,30834.54,0
96,DEBIT,118.86,C100346,17328.68,17209.82,C100313,20781.89,20900.75,0
32,TRANSFER,61.65,C100424,3578.94,3517.29,C100004,13498.23,13559.88,0
27,CASH_IN,172.06,C100155,14440.49,14268.43,C100169,20998.49,21170.55,0
74,DEBIT,404.43,C100337,22936.91,22532.48,C100131,14989.55,15393.98,0
21,PAYMENT,126.59,C100091,49672.59,49546.0,C100239,23470.91,23597.5,0
66,CASH_OUT,57.35,C100437,6553.77,6496.42,C100310,26267.13,26324.48,0
54,DEBIT,21.54,C100136,44958.91,44937.37,C100488,18511.33,18532.87,0
7,CASH_OUT,44.87,C100189,39862.54,39817.67,C100291,2471.45,2516.32,0
85,TRANSFER,49.17,C100487,30818.75,30769.58,C100050,11240.51,11289.68,0
15,PAYMENT,140.09,C100444,35334.25,35194.16,C100400,21731.47,21871.56,0
26,TRANSFER,44428.51,C_MULE_B1,1315.57,0.0,C_MULE_B4,1460.46,45888.97,1
31,TRANSFER,920.15,C100380,12288.77,11368.62,C100496,27227.76,28147.91,0
14,DEBIT,25.1,C100277,44657.86,44632.76,C100386,9440.79,9465.89,0
79,TRANSFER,56.19,C100027,15893.16,15836.97,C100453,11903.87,11960.06,0
38,DEBIT,105.96,C100089,3819.11,3713.15,C100388,6230.53,6336.49,0
83,TRANSFER,131.22,C100056,1727.98,1596.76,C100149,15031.4,15162.62,0
4,CASH_OUT,214.7,C100054,47957.3,47742.6,C100114,24832.98,25047.68,0
3,CASH_OUT,484.22,C100113,41649.91,41165.69,C100223,18548.29,19032.51,0
73,CASH_IN,111.51,C100235,7051.01,6939.5,C100143,13434.81,13546.32,0
17,CASH_OUT,322.95,C100013,1454.52,1131.57,C100094,13627.18,13950.13,0
91,CASH_IN,82.17,C100159,47131.28,47049.11,C100274,28152.81,28234.98,0
17,TRANSFER,127.6,C100176,9972.71,9845.11,C100179,3480.58,3608.18,0
5,DEBIT,38.73,C100063,25883.52,25844.79,C100423,21686.69,21725.42,0
16,TRANSFER,18.51,C100145,14960.32,14941.81,C100215,19857.24,19875.75,0
30,CASH_IN,170.64,C100304,28976.35,28805.71,C100003,28300.9,28471.54,0
93,CASH_OUT,274.76,C100388,2486.48,2211.72,C100073,1159.65,1434.41,0
64,CASH_OUT,38.13,C100431,33690.77,33652.64,C100065,16017.12,16055.25,0
21,PAYMENT,397.19,C100117,33600.39,33203.2,C100454,7319.64,7716.83,0
51,DEBIT,145.39,C100316,9084.04,8938.65,C100064,2630.3,2775.69,0
58,CASH_IN,110.3,C100477,47834.14,47723.84,C100464,4236.82,4347.12,0
37,DEBIT,436.36,C100120,39693.46,39257.1,C100179,11119.91,11556.27,0
5,TRANSFER,3013.4,C100250,2361.75,0.0,C100191,1858.44,4871.84,0
21,CASH_OUT,354.19,C100155,38462.79,38108.6,C100475,20165.62,20519.81,0
20,CASH_IN,1668.5,C100109,1152.33,0.0,C100034,21821.44,23489.94,0
16,PAYMENT,758.54,C100422,38344.82,37586.28,C100057,16473.24,17231.78,0
13,DEBIT,118.55,C100486,6271.93,6153.38,C100161,8768.74,8887.29,0
86,DEBIT,88.58,C100019,12753.28,12664.7,C100371,28549.15,28637.73,0
93,DEBIT,22.31,C100297,3508.42,3486.11,C100215,675.72,698.03,0
74,TRANSFER,113.93,C100112,17498.63,17384.7,C100499,16893.96,17007.89,0
42,PAYMENT,173.71,C100439,8072.02,7898.31,C100250,5887.28,6060.99,0
84,CASH_OUT,88.74,C100226,23986.0,23897.26,C100049,3956.39,4045.13,0
88,TRANSFER,458.0,C100209,35605.2,35147.2,C100369,7297.37,7755.37,0
1,DEBIT,83.32,C100189,10971.2,10887.88,C100045,10173.49,10256.81,0
68,DEBIT,429.54,C100357,40881.35,40451.81,C100442,27451.29,27880.83,0
30,DEBIT,192.33,C100370,45283.27,45090.94,C100157,19440.43,19632.76,0
20,CASH_IN,62.04,C100044,41387.62,41325.58,C100096,6889.59,6951.63,0
28,CASH_OUT,109.94,C100194,14588.41,14478.47,C100357,9942.54,10052.48,0
78,DEBIT,1056.07,C100169,11358.43,10302.36,C100200,25866.89,26922.96,0
81,TRANSFER,68.42,C100394,40312.39,40243.97,C100396,20328.03,20396.45,0
27,PAYMENT,39.36,C100481,10194.47,10155.11,C100053,16068.0,16107.36,0
79,CASH_OUT,115.32,C100426,14389.73,14274.41,C100463,10410.57,10525.89,0
26,CASH_OUT,94.3,C100222,2137.1,2042.8,C100418,1534.67,1628.97,0
20,TRANSFER,82.02,C100285,4512.83,4430.81,C100439,10213.32,10295.34,0
84,CASH_OUT,277.55,C100412,19160.15,18882.6,C100071,5708.14,5985.69,0
36,PAYMENT,103.19,C100021,1856.49,1753.3,C100333,26000.61,26103.8,0
13,DEBIT,64.81,C100259,18202.95,18138.14,C100106,1988.25,2053.06,0
67,DEBIT,462.89,C100207,27026.88,26563.99,C100461,10977.28,11440.17,0
15,TRANSFER,62.35,C100285,13182.64,13120.29,C100222,27705.71,27768.06,0
64,CASH_IN,276.8,C100457,38671.62,38394.82,C100379,27709.7,27986.5,0
38,CASH_IN,9.86,C100094,9064.91,9055.05,C100261,27379.33,27389.19,0
67,DEBIT,1525.59,C100054,13344.4,11818.81,C100195,19100.22,20625.81,0
80,DEBIT,1261.47,C100115,40719.37,39457.9,C100143,14102.99,15364.46,0
18,CASH_OUT,259.59,C100098,22548.8,22289.21,C100072,16292.61,16552.2,0
50,TRANSFER,25.86,C100386,23928.54,23902.68,C100388,8069.05,8094.91,0
12,PAYMENT,46.34,C100422,34526.67,34480.33,C100081,14161.99,14208.33,0
71,CASH_OUT,141.24,C100407,16710.46,16569.22,C100364,3309.64,3450.88,0
11,CASH_OUT,56.64,C100278,43928.98,43872.34,C100223,13356.96,13413.6,0
17,TRANSFER,17.09,C100003,49567.44,49550.35,C100284,28094.98,28112.07,0
39,TRANSFER,58.93,C100368,22742.73,22683.8,C100323,26916.33,26975.26,0
4,CASH_OUT,277.96,C100065,35752.52,35474.56,C100078,16807.8,17085.76,0
6,DEBIT,67.68,C100216,9312.53,9244.85,C100169,5562.16,5629.84,0
27,DEBIT,85.59,C100414,5723.36,5637.77,C100196,4971.74,5057.33,0
85,PAYMENT,374.44,C100396,21274.23,20899.79,C100424,7420.98,7795.42,0
75,PAYMENT,232.29,C100092,49264.05,49031.76,C100165,23237.32,23469.61,0
97,TRANSFER,130.49,C100129,33530.1,33399.61,C100018,17050.69,17181.18,0
27,DEBIT,41.15,C100044,33046.02,33004.87,C100499,22499.44,22540.59,0
61,CASH_OUT,58.46,C100267,37442.56,37384.1,C100216,20850.34,20908.8,0
82,CASH_IN,41.57,C100283,13383.19,13341.62,C100315,23057.06,23098.63,0
25,TRANSFER,42105.68,C_MULE_B0,4647.67,0.0,C_MULE_B4,739.64,42845.32,1
17,CASH_OUT,38056.22,C_MULE_B1,2987.21,0.0,C_MULE_B4,248.97,38305.19,1
67,TRANSFER,13.19,C100018,17775.83,17762.64,C100252,7045.91,7059.1,0
75,CASH_IN,216.1,C100042,25877.59,25661.49,C100294,3235.79,3451.89,0
20,TRANSFER,390.87,C100062,45348.45,44957.58,C100119,28609.14,29000.01,0
3,CASH_OUT,218.57,C100225,28906.02,28687.45,C100200,2833.54,3052.11,0
48,PAYMENT,44.7,C100047,37087.08,37042.38,C100171,13625.05,13669.75,0
96,TRANSFER,75.94,C100438,3522.89,3446.95,C100284,15146.59,15222.53,0
25,CASH_IN,35.58,C100006,41807.12,41771.54,C100267,6490.65,6526.23,0
51,CASH_IN,253.83,C100025,20153.86,19900.03,C100028,21458.77,21712.6,0
60,CASH_IN,204.73,C100409,24555.63,24350.9,C100353,3607.0,3811.73,0
21,CASH_OUT,144.2,C100253,22751.7,22607.5,C100219,29628.79,29772.99,0
22,CASH_OUT,165.1,C100034,24166.39,24001.29,C100190,13491.62,13656.72,0
82,TRANSFER,164.43,C100107,26642.46,26478.03,C100260,19887.5,20051.93,0
92,PAYMENT,132.36,C100407,28367.42,28235.06,C100393,9928.7,10061.06,0
3,PAYMENT,91.98,C100391,13118.77,13026.79,C100312,8615.28,8707.26,0
66,DEBIT,110.58,C100026,5020.81,4910.23,C100351,9775.35,9885.93,0
27,PAYMENT,130.62,C100310,25755.06,25624.44,C100269,20687.73,20818.35,0
54,TRANSFER,281.19,C100455,9821.44,9540.25,C100133,21158.35,21439.54,0
56,TRANSFER,83.04,C100012,49156.42,49073.38,C100474,1367.63,1450.67,0
6,PAYMENT,369.54,C100320,43195.7,42826.16,C100111,18623.92,18993.46,0
29,CASH_OUT,248.12,C100431,34575.04,34326.92,C100372,12879.69,13127.81,0
28,CASH_IN,568.92,C100324,36058.26,35489.34,C100344,3979.56,4548.48,0
98,PAYMENT,63.25,C100460,45723.93,45660.68,C100384,20527.7,20590.95,0
61,CASH_OUT,38.5,C100325,18957.85,18919.35,C100049,3833.15,3871.65,0
31,PAYMENT,141.07,C100315,35516.73,35375.66,C100074,14192.93,14334.0,0
95,PAYMENT,215.15,C100029,19094.54,18879.39,C100316,3029.34,3244.49,0
11,TRANSFER,33232.1,C_MULE_B1,1570.68,0.0,C_MULE_B4,701.11,33933.21,1
31,TRANSFER,213.16,C100061,28257.75,28044.59,C100170,7973.42,8186.58,0
2,DEBIT,122.46,C100418,45872.71,45750.25,C100261,4326.16,4448.62,0
56,DEBIT,78.09,C100323,39596.72,39518.63,C100201,7689.35,7767.44,0
69,TRANSFER,254.17,C100438,47054.38,46800.21,C100173,11527.72,11781.89,0
97,DEBIT,86.82,C100237,15661.33,15574.51,C100114,9422.23,9509.05,0
58,TRANSFER,23.81,C100059,27426.95,27403.14,C100151,18860.79,18884.6,0
15,DEBIT,210.64,C100148,31575.28,31364.64,C100034,25160.65,25371.29,0
48,TRANSFER,415.48,C100257,12786.78,12371.3,C100432,9248.2,9663.68,0
76,PAYMENT,27.28,C100390,12597.05,12569.77,C100250,2568.52,2595.8,0
82,TRANSFER,23.83,C100385,39001.62,38977.79,C100172,20887.15,20910.98,0
98,TRANSFER,87.34,C100302,49491.83,49404.49,C100327,6175.5,6262.84,0
45,PAYMENT,318.83,C100094,6960.87,6642.04,C100394,20616.89,20935.72,0
83,TRANSFER,169.3,C100305,5142.42,4973.12,C100263,28506.08,28675.38,0
38,PAYMENT,116.67,C100118,35401.31,35284.64,C100480,21195.26,21311.93,0
37,TRANSFER,241.87,C100340,46510.29,46268.42,C100157,16505.7,16747.57,0
51,CASH_OUT,345.62,C100070,49434.82,49089.2,C100017,29167.34,29512.96,0
70,CASH_OUT,220.08,C100258,23690.13,23470.05,C100429,24059.73,24279.81,0
52,TRANSFER,71.02,C100281,16254.43,16183.41,C100102,22081.06,22152.08,0
87,CASH_IN,132.74,C100016,3135.51,3002.77,C100124,15485.29,15618.03,0
8,TRANSFER,37.22,C100146,24849.7,24812.48,C100185,20626.19,20663.41,0
12,PAYMENT,418.74,C100254,33503.36,33084.62,C100195,5598.99,6017.73,0
45,CASH_OUT,248.56,C100090,43703.5,43454.94,C100165,19055.77,19304.33,0
92,PAYMENT,339.22,C100339,49652.23,49313.01,C100326,14988.42,15327.64,0
87,CASH_IN,57.4,C100321,32486.75,32429.35,C100381,11619.66,11677.06,0
50,CASH_IN,78.7,C100122,38755.24,38676.54,C100036,15449.86,15528.56,0
96,CASH_IN,107.62,C100134,21152.38,21044.76,C100279,24658.32,24765.94,0
98,TRANSFER,205.99,C100457,8354.8,8148.81,C100110,19388.2,19594.19,0
38,TRANSFER,65.95,C100085,41684.12,41618.17,C100095,24393.19,24459.14,0
30,PAYMENT,50.63,C100212,7258.12,7207.49,C100389,24101.88,24152.51,0
60,CASH_IN,56.24,C100054,43477.07,43420.83,C100415,3800.04,3856.28,0
14,DEBIT,173.74,C100443,35486.78,35313.04,C100360,13633.99,13807.73,0
76,TRANSFER,72.95,C100127,24270.23,24197.28,C100375,29804.65,29877.6,0
73,PAYMENT,11.28,C100378,41834.25,41822.97,C100408,27506.2,27517.48,0
88,DEBIT,350.77,C100342,4300.25,3949.48,C100029,7342.68,7693.45,0
33,TRANSFER,216.15,C100447,28937.2,28721.05,C100471,23973.09,24189.24,0
97,CASH_IN,574.94,C100185,7743.52,7168.58,C100279,3014.1,3589.04,0
80,CASH_OUT,82.2,C100314,40595.02,40512.82,C100109,11690.74,11772.94,0
18,CASH_OUT,19345.32,C_MULE_A2,4562.35,0.0,C_MULE_A0,1130.37,20475.69,1
31,PAYMENT,682.8,C100187,6379.94,5697.14,C100262,21908.05,22590.85,0
80,CASH_IN,383.85,C100311,49172.07,48788.22,C100242,13640.99,14024.84,0
18,DEBIT,81.81,C100389,15293.15,15211.34,C100331,20335.43,20417.24,0
59,CASH_IN,388.56,C100345,6768.2,6379.64,C100204,7510.52,7899.08,0
19,TRANSFER,34857.86,C_MULE_C6,2778.11,0.0,C_MULE_C0,1926.71,36784.57,1
18,CASH_OUT,120.74,C100111,38156.68,38035.94,C100014,17924.58,18045.32,0
66,PAYMENT,355.65,C100114,13789.01,13433.36,C100247,9192.47,9548.12,0
61,DEBIT,85.36,C100375,9273.77,9188.41,C100413,4421.88,4507.24,0
25,PAYMENT,270.25,C100051,40703.05,40432.8,C100042,27527.02,27797.27,0
11,CASH_OUT,391.07,C100476,26562.08,26171.01,C100212,18386.84,18777.91,0
64,CASH_IN,278.69,C100177,12618.03,12339.34,C100043,23699.06,23977.75,0
97,CASH_IN,91.03,C100123,47171.38,47080.35,C100413,9984.83,10075.86,0
41,DEBIT,28.8,C100114,25457.25,25428.45,C100207,29211.89,29240.69,0
44,TRANSFER,162.93,C100098,2935.42,2772.49,C100372,17276.0,17438.93,0
43,DEBIT,147.7,C100150,22561.55,22413.85,C100088,509.65,657.35,0
32,PAYMENT,76.23,C100376,18525.97,18449.74,C100204,5738.89,5815.12,0
74,TRANSFER,211.76,C100421,24581.52,24369.76,C100078,6644.39,6856.15,0
24,TRANSFER,27952.84,C_MULE_A0,2865.12,0.0,C_MULE_A3,1746.1,29698.94,1
53,CASH_IN,42.18,C100056,39214.89,39172.71,C100219,2807.59,2849.77,0
10,TRANSFER,38114.59,C_MULE_A4,1305.37,0.0,C_MULE_A3,1769.55,39884.14,1
97,TRANSFER,11.04,C100150,40206.22,40195.18,C100358,12195.26,12206.3,0
13,CASH_OUT,39355.53,C_MULE_A4,3652.42,0.0,C_MULE_A2,1564.65,40920.18,1
32,CASH_IN,92.24,C100478,2595.77,2503.53,C100384,5648.9,5741.14,0
17,CASH_OUT,37269.35,C_MULE_A4,1885.66,0.0,C_MULE_A0,691.42,37960.77,1
30,DEBIT,130.52,C100058,10497.33,10366.81,C100240,19529.61,19660.13,0
53,DEBIT,87.3,C100434,45277.51,45190.21,C100341,1167.93,1255.23,0
19,PAYMENT,401.73,C100456,26678.91,26277.18,C100290,11530.21,11931.94,0
54,DEBIT,76.0,C100190,18491.26,18415.26,C100205,19514.32,19590.32,0
59,PAYMENT,27.47,C100323,7843.1,7815.63,C100361,13808.76,13836.23,0
25,CASH_IN,110.14,C100405,21774.75,21664.61,C100041,11963.59,12073.73,0
71,CASH_IN,89.07,C100215,35686.12,35597.05,C100234,15979.78,16068.85,0
47,CASH_IN,47.72,C100433,13463.71,13415.99,C100451,7675.12,7722.84,0
96,CASH_OUT,161.96,C100358,8880.78,8718.82,C100247,27016.92,27178.88,0
61,DEBIT,88.34,C100387,22509.74,22421.4,C100488,10560.31,10648.65,0
30,TRANSFER,40734.47,C_MULE_B2,3559.14,0.0,C_MULE_B1,844.91,41579.38,1
86,CASH_IN,38.85,C100455,13814.08,13775.23,C100242,3048.18,3087.03,0
36,DEBIT,66.37,C100311,44737.37,44671.0,C100035,28440.22,28506.59,0
5,DEBIT,121.31,C100308,41335.49,41214.18,C100127,13691.13,13812.44,0
90,PAYMENT,68.77,C100017,35251.91,35183.14,C100019,24953.71,25022.48,0
35,CASH_OUT,43619.89,C_MULE_C4,1237.13,0.0,C_MULE_C6,1461.41,45081.3,1
43,PAYMENT,187.24,C100417,42004.07,41816.83,C100476,6281.03,6468.27,0
38,CASH_OUT,375.19,C100005,23779.65,23404.46,C100198,10043.83,10419.02,0
41,TRANSFER,279.83,C100158,49490.08,49210.25,C100448,12917.2,13197.03,0
61,CASH_IN,77.05,C100051,8533.49,8456.44,C100137,25019.76,25096.81,0
11,CASH_OUT,249.46,C100458,30680.76,30431.3,C100334,24847.98,25097.44,0
43,CASH_OUT,57.58,C100280,30240.1,30182.52,C100005,18611.37,18668.95,0
4,CASH_OUT,224.91,C100425,15785.33,15560.42,C100386,2625.42,2850.33,0
35,CASH_OUT,41759.13,C_MULE_B1,1487.18,0.0,C_MULE_B4,1324.54,43083.67,1
19,CASH_OUT,19594.69,C_MULE_C3,4073.05,0.0,C_MULE_C5,1377.21,20971.9,1
22,CASH_IN,276.02,C100280,31856.48,31580.46,C100186,19251.52,19527.54,0
13,PAYMENT,153.23,C100047,13496.91,13343.68,C100196,3098.62,3251.85,0
97,CASH_OUT,59.78,C100198,20682.56,20622.78,C100276,24899.27,24959.05,0
47,TRANSFER,21811.28,C_MULE_A5,4390.77,0.0,C_MULE_A4,509.51,22320.79,1
23,DEBIT,802.97,C100190,44242.63,43439.66,C100231,29823.26,30626.23,0
16,DEBIT,524.32,C100160,41409.17,40884.85,C100293,7868.24,8392.56,0
10,TRANSFER,25197.91,C_MULE_C3,3133.91,0.0,C_MULE_C6,1778.15,26976.06,1
91,DEBIT,451.69,C100008,46112.61,45660.92,C100231,1570.0,2021.69,0
81,PAYMENT,799.6,C100372,42949.43,42149.83,C100149,24532.15,25331.75,0
8,CASH_IN,173.19,C100254,33668.58,33495.39,C100127,29149.27,29322.46,0
61,CASH_OUT,173.13,C100383,40881.73,40708.6,C100345,27508.55,27681.68,0
37,PAYMENT,533.63,C100371,35624.14,35090.51,C100374,27051.71,27585.34,0
90,DEBIT,2508.23,C100235,2049.95,0.0,C100325,3285.62,5793.85,0
59,CASH_OUT,192.95,C100425,46093.74,45900.79,C100008,22394.66,22587.61,0
34,PAYMENT,33.81,C100159,33103.03,33069.22,C100436,3050.44,3084.25,0
33,PAYMENT,603.63,C100450,41363.68,40760.05,C100363,21455.19,22058.82,0
10,CASH_IN,1551.67,C100312,22645.1,21093.43,C100089,29272.96,30824.63,0
12,CASH_OUT,224.9,C100073,46557.79,46332.89,C100223,17343.14,17568.04,0
69,CASH_IN,186.71,C100419,34689.73,34503.02,C100049,3843.91,4030.62,0
7,PAYMENT,84.61,C100181,6712.35,6627.74,C100140,4531.46,4616.07,0
74,CASH_OUT,77.32,C100276,40912.56,40835.24,C100032,29777.55,29854.87,0
52,CASH_OUT,162.99,C100152,4251.29,4088.3,C100189,23624.94,23787.93,0
15,TRANSFER,16052.9,C_MULE_B3,4662.02,0.0,C_MULE_B2,22.35,16075.25,1
2,TRANSFER,56.32,C100309,48130.5,48074.18,C100082,10478.11,10534.43,0
83,CASH_IN,168.21,C100223,46592.5,46424.29,C100490,11988.34,12156.55,0
96,DEBIT,85.71,C100097,23020.74,22935.03,C100359,9154.42,9240.13,0
70,DEBIT,292.31,C100227,10304.37,10012.06,C100397,23984.37,24276.68,0
64,CASH_IN,156.58,C100430,41185.32,41028.74,C100122,15681.72,15838.3,0
47,PAYMENT,253.35,C100270,27602.59,27349.24,C100334,29030.05,29283.4,0
80,CASH_OUT,786.01,C100492,31359.91,30573.9,C100350,23878.3,24664.31,0
49,TRANSFER,96.4,C100486,13156.66,13060.26,C100451,9929.23,10025.63,0
42,PAYMENT,230.61,C100288,12436.97,12206.36,C100493,26454.9,26685.51,0
18,CASH_OUT,288.54,C100184,34049.34,33760.8,C100239,16282.1,16570.64,0
96,TRANSFER,271.12,C100372,5055.42,4784.3,C100187,14487.48,14758.6,0
17,CASH_IN,387.57,C100083,25700.9,25313.33,C100259,18522.06,18909.63,0
87,CASH_IN,398.22,C100067,19034.77,18636.55,C100055,13351.43,13749.65,0
97,DEBIT,24.29,C100407,4690.33,4666.04,C100449,1494.91,1519.2,0
9,CASH_IN,84.72,C100219,3338.4,3253.68,C100185,7789.42,7874.14,0
22,DEBIT,73.62,C100084,38330.91,38257.29,C100276,20254.3,20327.92,0
99,CASH_OUT,89.25,C100427,45426.92,45337.67,C100290,5887.79,5977.04,0
5,CASH_IN,166.67,C100474,21539.18,21372.51,C100454,4038.8,4205.47,0
44,TRANSFER,37115.34,C_MULE_A3,2909.02,0.0,C_MULE_A5,596.49,37711.83,1
31,DEBIT,217.45,C100089,26976.1,26758.65,C100322,24342.35,24559.8,0
36,DEBIT,50.28,C100479,47837.41,47787.13,C100362,6044.54,6094.82,0
78,DEBIT,153.71,C100096,15212.17,15058.46,C100049,19107.55,19261.26,0
38,TRANSFER,15636.03,C_MULE_C3,3815.58,0.0,C_MULE_C2,658.86,16294.89,1
67,CASH_OUT,168.11,C100112,32440.21,32272.1,C100335,12281.83,12449.94,0
31,PAYMENT,203.0,C100412,28106.49,27903.49,C100386,8792.02,8995.02,0
75,DEBIT,106.35,C100301,8865.81,8759.46,C100112,8428.81,8535.16,0
79,TRANSFER,451.91,C100302,12897.98,12446.07,C100344,12110.01,12561.92,0
95,DEBIT,68.82,C100088,46973.83,46905.01,C100079,11756.71,11825.53,0
44,CASH_OUT,185.01,C100441,25465.57,25280.56,C100128,11767.2,11952.21,0
50,CASH_IN,419.36,C100289,9252.89,8833.53,C100367,15250.43,15669.79,0
32,TRANSFER,266.67,C100069,39351.34,39084.67,C100208,21353.12,21619.79,0
24,CASH_OUT,372.16,C100422,5841.64,5469.48,C100264,2179.11,2551.27,0
50,PAYMENT,46.67,C100323,8117.0,8070.33,C100169,4427.64,4474.31,0
70,CASH_IN,235.87,C100369,18683.53,18447.66,C100443,25888.12,26123.99,0
47,DEBIT,221.5,C100024,7173.07,6951.57,C100330,2290.07,2511.57,0
85,CASH_OUT,241.44,C100052,8269.39,8027.95,C100001,10337.19,10578.63,0
46,CASH_IN,300.1,C100314,46506.9,46206.8,C100474,23901.87,24201.97,0
16,DEBIT,96.32,C100085,16842.14,16745.82,C100102,6357.95,6454.27,0
1,DEBIT,96.86,C100067,32307.22,32210.36,C100291,26916.93,27013.79,0
98,CASH_OUT,123.9,C100312,35489.84,35365.94,C100208,5142.88,5266.78,0
73,PAYMENT,310.6,C100342,43542.39,43231.79,C100374,18086.72,18397.32,0
31,TRANSFER,347.83,C100280,37302.7,36954.87,C100492,18480.94,18828.77,0
36,DEBIT,291.27,C100111,7112.84,6821.57,C100388,14849.5,15140.77,0
97,DEBIT,144.81,C100312,9454.75,9309.94,C100164,7729.28,7874.09,0
43,CASH_IN,181.82,C100325,48786.41,48604.59,C100419,13817.35,13999.17,0
36,TRANSFER,37007.84,C_MULE_C2,4541.34,0.0,C_MULE_C5,599.73,37607.57,1
53,DEBIT,292.88,C100226,30140.49,29847.61,C100210,20654.57,20947.45,0
91,DEBIT,412.24,C100416,10496.57,10084.33,C100203,28967.08,29379.32,0
65,DEBIT,53.43,C100478,23265.09,23211.66,C100384,24870.52,24923.95,0
66,DEBIT,27.25,C100025,10359.65,10332.4,C100243,6769.14,6796.39,0
5,PAYMENT,198.66,C100061,25044.72,24846.06,C100370,925.7,1124.36,0
97,PAYMENT,493.31,C100253,23434.62,22941.31,C100230,23614.81,24108.12,0
85,CASH_IN,74.86,C100329,18004.31,17929.45,C100403,13284.96,13359.82,0
77,PAYMENT,44.84,C100086,45275.18,45230.34,C100373,3640.35,3685.19,0
60,TRANSFER,926.04,C100299,27675.38,26749.34,C100130,10462.54,11388.58,0
32,TRANSFER,318.87,C100370,6774.63,6455.76,C100177,20063.91,20382.78,0
73,CASH_OUT,28.28,C100165,46402.33,46374.05,C100449,6880.41,6908.69,0
55,PAYMENT,162.36,C100422,25094.08,24931.72,C100203,27682.97,27845.33,0
25,PAYMENT,89.47,C100451,40966.14,40876.67,C100325,13064.73,13154.2,0
31,CASH_IN,165.44,C100391,1087.14,921.7,C100466,7409.28,7574.72,0
86,TRANSFER,108.56,C100172,18366.0,18257.44,C100277,18637.47,18746.03,0
45,CASH_IN,192.2,C100144,48384.89,48192.69,C100017,6051.65,6243.85,0
5,CASH_IN,142.85,C100250,16033.53,15890.68,C100263,15766.45,15909.3,0
38,CASH_OUT,297.74,C100030,31997.12,31699.38,C100320,13507.41,13805.15,0
95,CASH_OUT,22.06,C100305,39227.45,39205.39,C100000,1182.97,1205.03,0
74,DEBIT,85.74,C100341,20478.73,20392.99,C100089,19875.71,19961.45,0
71,TRANSFER,64.73,C100371,28966.68,28901.95,C100466,21972.31,22037.04,0
54,CASH_OUT,37.45,C100122,7493.23,7455.78,C100006,18114.5,18151.95,0
79,TRANSFER,324.41,C100381,46966.04,46641.63,C100207,21750.14,22074.55,0
32,DEBIT,219.43,C100169,22998.94,22779.51,C100135,9449.65,9669.08,0
70,PAYMENT,271.27,C100042,31985.28,31714.01,C100399,10769.2,11040.47,0
95,CASH_OUT,168.81,C100213,46219.92,46051.11,C100392,21252.48,21421.29,0
2,CASH_OUT,66.54,C100220,35881.58,35815.04,C100040,16920.0,16986.54,0
78,DEBIT,245.82,C100105,4938.36,4692.54,C100147,9143.17,9388.99,0
96,CASH_OUT,59.57,C100209,1574.25,1514.68,C100054,4399.99,4459.56,0
84,DEBIT,24.51,C100054,33179.12,33154.61,C100494,13624.01,13648.52,0
66,PAYMENT,49.64,C100269,10008.81,9959.17,C100176,4187.55,4237.19,0
55,DEBIT,97.78,C100228,14409.68,14311.9,C100073,25920.73,26018.51,0
77,CASH_OUT,186.92,C100189,47953.58,47766.66,C100113,26035.44,26222.36,0
55,CASH_OUT,456.35,C100045,5574.73,5118.38,C100203,25883.67,26340.02,0
40,TRANSFER,123.37,C100341,25793.36,25669.99,C100172,13346.52,13469.89,0
6,PAYMENT,1010.76,C100220,4273.99,3263.23,C100133,26095.05,27105.81,0
84,CASH_OUT,151.36,C100247,23769.63,23618.27,C100487,10432.01,10583.37,0
62,DEBIT,42.85,C100392,20398.6,20355.75,C100037,4148.2,4191.05,0
68,TRANSFER,82.99,C100202,38605.47,38522.48,C100190,22084.88,22167.87,0
47,CASH_IN,152.51,C100253,9986.55,9834.04,C100421,11140.54,11293.05,0
27,TRANSFER,34198.5,C_MULE_C6,2277.35,0.0,C_MULE_C2,615.34,34813.84,1
78,PAYMENT,656.58,C100182,21047.53,20390.95,C100097,28832.34,29488.92,0
21,TRANSFER,41752.15,C_MULE_A3,1187.76,0.0,C_MULE_A4,1301.41,43053.56,1
6,CASH_IN,575.76,C100344,44906.54,44330.78,C100104,10238.11,10813.87,0
46,CASH_OUT,26.5,C100254,43541.24,43514.74,C100371,29296.39,29322.89,0
83,CASH_OUT,56.14,C100023,32609.41,32553.27,C100421,27293.45,27349.59,0
41,TRANSFER,646.13,C100448,17776.21,17130.08,C100275,29969.55,30615.68,0
14,DEBIT,60.31,C100140,10314.91,10254.6,C100490,8681.64,8741.95,0
3,PAYMENT,45.4,C100373,17871.89,17826.49,C100111,11199.51,11244.91,0
8,PAYMENT,72.5,C100008,8081.97,8009.47,C100231,27877.08,27949.58,0
81,CASH_IN,677.92,C100436,19785.84,19107.92,C100435,8525.94,9203.86,0
58,PAYMENT,160.45,C100229,22871.21,22710.76,C100285,4522.57,4683.02,0
10,DEBIT,73.38,C100259,47550.66,47477.28,C100120,21746.13,21819.51,0
37,CASH_OUT,16805.85,C_MULE_B3,2510.23,0.0,C_MULE_B4,1122.09,17927.94,1
4,CASH_OUT,75.51,C100431,22073.55,21998.04,C100181,18655.0,18730.51,0
30,TRANSFER,239.69,C100392,19820.97,19581.28,C100147,14030.82,14270.51,0
26,CASH_IN,88.21,C100203,18843.48,18755.27,C100334,19981.2,20069.41,0
82,CASH_IN,1069.2,C100280,16971.05,15901.85,C100056,2684.15,3753.35,0
26,CASH_OUT,258.72,C100489,35525.69,35266.97,C100396,27095.54,27354.26,0
36,TRANSFER,431.62,C100295,14858.32,14426.7,C100365,23468.95,23900.57,0
16,CASH_IN,23.7,C100477,6247.7,6224.0,C100183,8324.6,8348.3,0
2,CASH_IN,150.6,C100017,34082.62,33932.02,C100276,17323.33,17473.93,0
33,DEBIT,64.93,C100191,24296.94,24232.01,C100214,25914.22,25979.15,0
48,PAYMENT,286.19,C100337,9029.53,8743.34,C100312,27742.08,28028.27,0
86,TRANSFER,39.06,C100240,35917.84,35878.78,C100290,5433.06,5472.12,0
35,TRANSFER,54.85,C100383,24084.91,24030.06,C100230,10246.33,10301.18,0
61,CASH_IN,115.91,C100069,26742.66,26626.75,C100268,24106.34,24222.25,0
24,TRANSFER,59.93,C100093,29899.87,29839.94,C100051,20509.27,20569.2,0
94,PAYMENT,149.92,C100412,27775.15,27625.23,C100343,10356.19,10506.11,0
66,TRANSFER,122.38,C100480,3393.34,3270.96,C100128,1545.4,1667.78,0
35,CASH_OUT,121.48,C100060,42676.71,42555.23,C100084,18969.96,19091.44,0
49,CASH_OUT,46.8,C100312,29174.1,29127.3,C100129,3234.3,3281.1,0
64,PAYMENT,108.16,C100334,26985.12,26876.96,C100368,13221.0,13329.16,0
91,CASH_OUT,197.06,C100243,49621.19,49424.13,C100233,5088.61,5285.67,0
47,DEBIT,108.07,C100025,29126.76,29018.69,C100009,25759.4,25867.47,0
71,CASH_IN,110.09,C100404,6125.58,6015.49,C100178,7080.54,7190.63,0
9,PAYMENT,281.72,C100173,43041.23,42759.51,C100057,24807.15,25088.87,0
87,DEBIT,180.99,C100171,13411.91,13230.92,C100382,16850.78,17031.77,0
47,CASH_OUT,43.39,C100306,8899.45,8856.06,C100018,13875.82,13919.21,0
69,CASH_OUT,132.48,C100397,12650.65,12518.17,C100404,13551.79,13684.27,0
94,CASH_OUT,196.68,C100072,4060.01,3863.33,C100318,12459.34,12656.02,0
45,CASH_OUT,14.86,C100441,17743.67,17728.81,C100029,22520.39,22535.25,0
89,DEBIT,160.41,C100022,34605.7,34445.29,C100276,16475.43,16635.84,0
38,PAYMENT,581.11,C100068,49427.73,48846.62,C100199,5132.27,5713.38,0
80,PAYMENT,301.8,C100202,38663.86,38362.06,C100081,27894.9,28196.7,0
89,PAYMENT,211.35,C100478,34406.6,34195.25,C100009,16223.4,16434.75,0
45,TRANSFER,28221.77,C_MULE_B3,2872.43,0.0,C_MULE_B2,105.47,28327.24,1
78,CASH_OUT,161.99,C100016,20838.47,20676.48,C100039,16003.89,16165.88,0
16,CASH_OUT,80.41,C100211,29051.01,28970.6,C100481,14663.53,14743.94,0
40,CASH_IN,107.91,C100466,45755.65,45647.74,C100082,17413.67,17521.58,0
69,CASH_IN,249.96,C100237,29372.09,29122.13,C100105,8285.63,8535.59,0
26,CASH_IN,325.46,C100092,48602.4,48276.94,C100452,22689.58,23015.04,0
84,PAYMENT,20.14,C100211,49926.72,49906.58,C100370,19437.51,19457.65,0
85,DEBIT,94.06,C100053,20704.94,20610.88,C100089,9465.05,9559.11,0
61,TRANSFER,25.22,C100340,29414.5,29389.28,C100175,2227.81,2253.03,0
33,TRANSFER,186.96,C100015,31973.51,31786.55,C100179,27592.81,27779.77,0
43,CASH_OUT,95.14,C100417,47102.06,47006.92,C100484,27658.94,27754.08,0
91,CASH_OUT,132.98,C100154,4727.96,4594.98,C100425,28823.69,28956.67,0
54,CASH_IN,164.22,C100038,19735.55,19571.33,C100485,9123.4,9287.62,0
3,PAYMENT,91.37,C100008,9365.04,9273.67,C100469,10388.29,10479.66,0
19,CASH_OUT,480.49,C100066,18213.6,17733.11,C100480,23006.1,23486.59,0
71,CASH_OUT,72.98,C100439,25978.0,25905.02,C100147,18236.58,18309.56,0
92,CASH_IN,358.27,C100092,29408.71,29050.44,C100086,3285.92,3644.19,0
72,DEBIT,154.36,C100379,23810.44,23656.08,C100350,29733.47,29887.83,0
31,CASH_IN,27.03,C100020,22227.76,22200.73,C100229,5299.33,5326.36,0
30,TRANSFER,316.16,C100207,18790.17,18474.01,C100371,17759.87,18076.03,0
97,TRANSFER,361.87,C100461,5845.43,5483.56,C100033,6035.26,6397.13,0
8,CASH_IN,162.7,C100288,5019.0,4856.3,C100176,23719.11,23881.81,0
7,CASH_IN,135.0,C100368,13270.61,13135.61,C100233,25915.08,26050.08,0
25,TRANSFER,16912.63,C_MULE_A0,4975.61,0.0,C_MULE_A5,760.78,17673.41,1
98,PAYMENT,44.32,C100127,12305.68,12261.36,C100217,8402.35,8446.67,0
43,CASH_IN,169.51,C100269,2449.33,2279.82,C100135,9621.64,9791.15,0
38,PAYMENT,129.41,C100434,10123.44,9994.03,C100377,22948.72,23078.13,0
21,CASH_IN,32.67,C100181,35712.2,35679.53,C100086,14026.28,14058.95,0
64,TRANSFER,363.68,C100450,9505.13,9141.45,C100032,19876.86,20240.54,0
47,CASH_IN,505.85,C100189,19881.97,19376.12,C100038,12803.34,13309.19,0
20,DEBIT,358.89,C100308,43007.65,42648.76,C100223,7250.57,7609.46,0
35,PAYMENT,173.14,C100128,34144.7,33971.56,C100382,1043.72,1216.86,0
29,DEBIT,545.22,C100144,34046.48,33501.26,C100112,5075.83,5621.05,0
61,CASH_IN,120.4,C100320,38017.28,37896.88,C100068,11703.22,11823.62,0
97,CASH_OUT,305.98,C100499,2558.33,2252.35,C100328,19995.69,20301.67,0
66,PAYMENT,404.03,C100082,12586.56,12182.53,C100401,21992.53,22396.56,0
85,CASH_IN,603.2,C100027,13251.22,12648.02,C100124,13165.44,13768.64,0
27,PAYMENT,661.23,C100340,37829.96,37168.73,C100073,22716.28,23377.51,0
58,CASH_OUT,129.19,C100307,21603.02,21473.83,C100368,3954.81,4084.0,0
26,CASH_IN,124.15,C100426,29798.09,29673.94,C100129,28768.28,28892.43,0
18,DEBIT,22.6,C100199,4684.53,4661.93,C100103,28726.84,28749.44,0
86,CASH_OUT,216.4,C100052,9569.57,9353.17,C100420,3348.49,3564.89,0
74,TRANSFER,182.06,C100101,44091.42,43909.36,C100034,17389.06,17571.12,0
18,CASH_OUT,40621.48,C_MULE_A0,1162.42,0.0,C_MULE_A2,1324.58,41946.06,1
30,CASH_OUT,302.77,C100368,46769.54,46466.77,C100394,8013.35,8316.12,0
46,TRANSFER,286.98,C100402,33881.78,33594.8,C100289,7163.15,7450.13,0
19,CASH_IN,253.95,C100147,32341.67,32087.72,C100382,16330.1,16584.05,0
86,CASH_OUT,118.37,C100044,4713.4,4595.03,C100338,9657.31,9775.68,0
4,DEBIT,905.48,C100397,13663.94,12758.46,C100089,19840.99,20746.47,0
85,CASH_IN,43.93,C100021,16723.81,16679.88,C100084,6572.52,6616.45,0
41,CASH_IN,314.52,C100003,35303.24,34988.72,C100150,14433.8,14748.32,0
59,DEBIT,72.1,C100379,23727.82,23655.72,C100055,21812.01,21884.11,0
47,CASH_IN,767.72,C100323,3467.8,2700.08,C100011,22877.09,23644.81,0
48,TRANSFER,30426.85,C_MULE_C6,4928.26,0.0,C_MULE_C5,1422.33,31849.18,1
60,CASH_IN,2195.44,C100155,10230.12,8034.68,C100299,7911.44,10106.88,0
70,TRANSFER,142.13,C100328,4001.68,3859.55,C100017,21301.72,21443.85,0
51,PAYMENT,60.57,C100309,31767.42,31706.85,C100492,14154.77,14215.34,0
50,CASH_IN,302.36,C100195,22956.73,22654.37,C100031,28835.72,29138.08,0
20,CASH_OUT,424.5,C100396,30640.31,30215.81,C100136,19613.5,20038.0,0
81,PAYMENT,55.3,C100163,10307.43,10252.13,C100279,14940.16,14995.46,0
28,CASH_OUT,127.96,C100313,18384.3,18256.34,C100302,8324.44,8452.4,0
79,DEBIT,71.61,C100237,17681.04,17609.43,C100264,9053.46,9125.07,0
68,CASH_OUT,190.8,C100057,11530.94,11340.14,C100251,20854.65,21045.45,0
93,DEBIT,165.56,C100309,45987.0,45821.44,C100250,17310.15,17475.71,0
1,PAYMENT,66.76,C100215,6408.9,6342.14,C100327,7991.69,8058.45,0
75,DEBIT,870.97,C100046,37745.75,36874.78,C100469,9090.84,9961.81,0
34,TRANSFER,32540.59,C_MULE_A1,3995.87,0.0,C_MULE_A4,1374.76,33915.35,1
65,TRANSFER,210.79,C100115,11998.25,11787.46,C100251,21920.94,22131.73,0
3,DEBIT,158.49,C100134,20975.05,20816.56,C100339,17874.49,18032.98,0
22,PAYMENT,96.33,C100486,21645.23,21548.9,C100427,17071.5,17167.83,0
40,CASH_IN,32.96,C100456,31671.62,31638.66,C100098,23795.21,23828.17,0
67,CASH_IN,53.79,C100289,28875.02,28821.23,C100357,20220.78,20274.57,0
34,CASH_OUT,24.03,C100017,43039.69,43015.66,C100182,26322.53,26346.56,0
44,CASH_IN,59.92,C100334,20380.84,20320.92,C100496,1044.7,1104.62,0
76,TRANSFER,84.88,C100396,20077.48,19992.6,C100102,9135.82,9220.7,0
13,DEBIT,136.73,C100236,12485.62,12348.89,C100271,27472.43,27609.16,0
21,TRANSFER,26269.07,C_MULE_A3,1040.66,0.0,C_MULE_A0,1183.16,27452.23,1
79,TRANSFER,186.61,C100237,46591.27,46404.66,C100167,15209.05,15395.66,0
46,TRANSFER,42.87,C100417,7857.23,7814.36,C100463,14724.2,14767.07,0
28,TRANSFER,32597.44,C_MULE_A4,3631.68,0.0,C_MULE_A3,1856.95,34454.39,1
58,PAYMENT,193.74,C100012,39880.08,39686.34,C100472,5918.69,6112.43,0
80,DEBIT,174.24,C100025,30946.94,30772.7,C100174,5169.67,5343.91,0
44,TRANSFER,44.82,C100114,30390.72,30345.9,C100437,27974.12,28018.94,0
11,TRANSFER,36320.32,C_MULE_A1,3961.66,0.0,C_MULE_A4,506.77,36827.09,1
73,CASH_OUT,340.82,C100237,9879.62,9538.8,C100009,22190.42,22531.24,0
31,CASH_OUT,140.28,C100359,44104.1,43963.82,C100329,12108.04,12248.32,0
61,TRANSFER,523.54,C100187,21797.1,21273.56,C100304,6877.77,7401.31,0
28,CASH_OUT,190.26,C100327,32751.02,32560.76,C100101,13660.17,13850.43,0
58,PAYMENT,221.33,C100486,3339.94,3118.61,C100264,1100.38,1321.71,0
45,TRANSFER,78.94,C100277,34953.82,34874.88,C100400,26268.14,26347.08,0
62,TRANSFER,182.27,C100176,44669.18,44486.91,C100305,7754.59,7936.86,0
77,PAYMENT,221.67,C100053,21691.19,21469.52,C100241,3205.52,3427.19,0
36,PAYMENT,608.28,C100395,11762.09,11153.81,C100318,21121.86,21730.14,0
9,PAYMENT,21.07,C100242,45817.75,45796.68,C100360,27242.41,27263.48,0
91,TRANSFER,41.06,C100391,12210.93,12169.87,C100296,28762.71,28803.77,0
13,TRANSFER,103.96,C100495,7338.36,7234.4,C100011,16031.05,16135.01,0
75,PAYMENT,507.46,C100428,12541.45,12033.99,C100044,7036.51,7543.97,0
95,PAYMENT,543.95,C100302,43341.44,42797.49,C100047,728.94,1272.89,0
22,TRANSFER,26424.01,C_MULE_A3,1441.99,0.0,C_MULE_A2,1384.98,27808.99,1
24,CASH_IN,177.7,C100110,18526.46,18348.76,C100392,17826.58,18004.28,0
25,PAYMENT,177.67,C100013,2721.12,2543.45,C100325,21393.34,21571.01,0
68,PAYMENT,161.66,C100040,48541.39,48379.73,C100380,16693.26,16854.92,0
64,TRANSFER,253.12,C100418,8314.31,8061.19,C100172,524.55,777.67,0
37,PAYMENT,305.85,C100448,31133.87,30828.02,C100243,25317.36,25623.21,0
42,DEBIT,116.02,C100484,39405.95,39289.93,C100104,26908.7,27024.72,0
74,PAYMENT,98.2,C100030,16340.78,16242.58,C100168,3540.64,3638.84,0
27,TRANSFER,32249.91,C_MULE_B4,2290.87,0.0,C_MULE_B1,319.39,32569.3,1
81,PAYMENT,33.57,C100043,26354.37,26320.8,C100017,16450.87,16484.44,0
24,TRANSFER,16.29,C100006,22951.65,22935.36,C100137,28668.25,28684.54,0
22,DEBIT,30.33,C100069,34393.57,34363.24,C100152,24538.44,24568.77,0
41,CASH_OUT,393.72,C100163,25013.66,24619.94,C100241,5796.12,6189.84,0
56,TRANSFER,123.46,C100498,5815.51,5692.05,C100182,14197.38,14320.84,0
8,DEBIT,302.95,C100189,40158.55,39855.6,C100231,16455.83,16758.78,0
20,CASH_IN,1243.79,C100438,47660.75,46416.96,C100321,16491.92,17735.71,0
44,DEBIT,169.37,C100150,36761.13,36591.76,C100368,18852.53,19021.9,0
3,TRANSFER,281.07,C100281,42396.95,42115.88,C100041,11798.55,12079.62,0
25,CASH_OUT,26.07,C100022,37842.42,37816.35,C100422,28605.19,28631.26,0
23,TRANSFER,291.72,C100020,12657.21,12365.49,C100049,4266.1,4557.82,0
39,TRANSFER,46.35,C100130,1688.9,1642.55,C100211,22722.67,22769.02,0
66,DEBIT,164.27,C100085,28803.86,28639.59,C100404,3937.15,4101.42,0
2,CASH_OUT,137.76,C100113,33622.22,33484.46,C100218,15020.34,15158.1,0
89,DEBIT,309.2,C100230,30068.15,29758.95,C100463,3197.26,3506.46,0
49,CASH_OUT,101.05,C100340,31784.74,31683.69,C100127,2445.87,2546.92,0
68,CASH_OUT,42.88,C100378,9630.11,9587.23,C100303,22339.07,22381.95,0
80,CASH_IN,161.8,C100128,49545.4,49383.6,C100050,17842.11,18003.91,0
50,TRANSFER,150.61,C100031,33890.79,33740.18,C100323,11111.1,11261.71,0
34,DEBIT,600.45,C100375,47652.28,47051.83,C100403,19744.6,20345.05,0
28,TRANSFER,20561.97,C_MULE_B1,2628.69,0.0,C_MULE_B4,485.39,21047.36,1
79,CASH_IN,104.39,C100118,41580.94,41476.55,C100091,17970.32,18074.71,0
18,DEBIT,217.49,C100077,42616.01,42398.52,C100100,27269.2,27486.69,0
7,PAYMENT,278.19,C100397,30751.17,30472.98,C100227,27677.57,27955.76,0
23,CASH_OUT,38388.13,C_MULE_A5,2943.08,0.0,C_MULE_A1,1966.07,40354.2,1
42,CASH_OUT,119.49,C100443,35156.09,35036.6,C100427,10376.24,10495.73,0
41,CASH_OUT,71.54,C100342,23698.9,23627.36,C100325,16315.02,16386.56,0
77,CASH_OUT,84.02,C100445,9918.01,9833.99,C100149,28343.63,28427.65,0
80,DEBIT,71.12,C100066,3126.18,3055.06,C100362,12001.14,12072.26,0
26,CASH_IN,159.65,C100259,3220.1,3060.45,C100478,6436.64,6596.29,0
18,TRANSFER,37389.69,C_MULE_C1,4740.47,0.0,C_MULE_C5,1985.42,39375.11,1
83,TRANSFER,67.38,C100291,30481.5,30414.12,C100377,19751.32,19818.7,0
82,DEBIT,58.46,C100156,8135.76,8077.3,C100451,15288.47,15346.93,0
3,PAYMENT,67.25,C100328,14934.82,14867.57,C100286,18310.85,18378.1,0
41,TRANSFER,39239.55,C_MULE_B0,1430.37,0.0,C_MULE_B1,1028.58,40268.13,1
26,CASH_OUT,27860.3,C_MULE_A5,2642.41,0.0,C_MULE_A1,226.91,28087.21,1
72,PAYMENT,62.12,C100149,8212.23,8150.11,C100466,15462.67,15524.79,0
36,TRANSFER,717.97,C100208,31131.82,30413.85,C100133,21005.04,21723.01,0
43,TRANSFER,97.1,C100213,10707.77,10610.67,C100409,21254.99,21352.09,0
14,TRANSFER,27745.71,C_MULE_C3,4608.68,0.0,C_MULE_C5,1838.81,29584.52,1
95,DEBIT,45.85,C100484,45431.67,45385.82,C100393,29581.08,29626.93,0
80,TRANSFER,49.16,C100209,14852.86,14803.7,C100446,22022.32,22071.48,0
70,DEBIT,221.27,C100419,3337.34,3116.07,C100215,17108.93,17330.2,0
97,DEBIT,124.81,C100020,14145.66,14020.85,C100273,23067.83,23192.64,0
34,CASH_IN,104.33,C100283,48802.56,48698.23,C100126,5639.26,5743.59,0
22,CASH_IN,218.82,C100350,47485.38,47266.56,C100369,23004.21,23223.03,0
58,TRANSFER,99.9,C100081,22381.73,22281.83,C100225,21401.93,21501.83,0
14,PAYMENT,74.36,C100016,16450.54,16376.18,C100156,14921.54,14995.9,0
5,PAYMENT,53.48,C100321,18667.02,18613.54,C100076,6783.5,6836.98,0
5,PAYMENT,33.24,C100103,39438.46,39405.22,C100160,23025.69,23058.93,0
89,DEBIT,223.81,C100247,42004.96,41781.15,C100002,29334.56,29558.37,0
12,TRANSFER,283.67,C100466,14410.94,14127.27,C100197,25749.23,26032.9,0
10,DEBIT,68.81,C100311,9664.93,9596.12,C100200,18124.28,18193.09,0
36,CASH_IN,485.05,C100290,28908.8,28423.75,C100010,11929.99,12415.04,0
7,DEBIT,17.14,C100056,39841.89,39824.75,C100068,7167.93,7185.07,0
1,PAYMENT,247.8,C100043,44862.4,44614.6,C100187,19890.75,20138.55,0
43,PAYMENT,325.48,C100419,5745.91,5420.43,C100203,11003.81,11329.29,0
26,CASH_OUT,408.14,C100357,26554.84,26146.7,C100460,26623.2,27031.34,0
63,DEBIT,245.24,C100214,49543.23,49297.99,C100357,22353.57,22598.81,0
68,CASH_IN,47.79,C100297,20378.9,20331.11,C100309,590.72,638.51,0
54,CASH_OUT,78.89,C100180,6243.82,6164.93,C100155,26786.07,26864.96,0
33,DEBIT,55.88,C100496,45227.47,45171.59,C100498,18724.83,18780.71,0
12,TRANSFER,38007.07,C_MULE_A4,3988.57,0.0,C_MULE_A2,1213.2,39220.27,1
29,TRANSFER,25500.7,C_MULE_B4,1902.87,0.0,C_MULE_B3,446.55,25947.25,1
28,CASH_IN,222.53,C100069,8708.69,8486.16,C100123,29073.73,29296.26,0
3,CASH_OUT,420.82,C100043,34819.63,34398.81,C100085,19251.83,19672.65,0
97,TRANSFER,410.92,C100157,49499.3,49088.38,C100048,27184.89,27595.81,0
1,CASH_IN,140.96,C100238,42305.83,42164.87,C100201,24705.38,24846.34,0
74,DEBIT,187.47,C100043,28580.35,28392.88,C100080,1274.9,1462.37,0
35,CASH_IN,258.98,C100442,13936.62,13677.64,C100042,9111.33,9370.31,0
68,TRANSFER,79.11,C100371,9030.0,8950.89,C100309,7897.95,7977.06,0
10,CASH_IN,43.01,C100431,15116.77,15073.76,C100307,8173.26,8216.27,0
30,TRANSFER,244.75,C100214,25192.97,24948.22,C100164,29963.8,30208.55,0
7,TRANSFER,99.86,C100176,36827.64,36727.78,C100262,25113.38,25213.24,0
16,TRANSFER,197.9,C100452,6674.24,6476.34,C100062,2268.11,2466.01,0
22,PAYMENT,193.26,C100334,41397.28,41204.02,C100494,26051.88,26245.14,0
99,DEBIT,130.12,C100074,41316.4,41186.28,C100454,7874.1,8004.22,0
38,TRANSFER,41997.76,C_MULE_B0,2552.23,0.0,C_MULE_B2,76.52,42074.28,1
61,DEBIT,139.83,C100409,2552.94,2413.11,C100398,8244.37,8384.2,0
33,DEBIT,53.35,C100227,7330.77,7277.42,C100333,19581.94,19635.29,0
33,CASH_OUT,399.56,C100110,31167.32,30767.76,C100184,29932.29,30331.85,0
71,CASH_OUT,648.95,C100309,42785.09,42136.14,C100340,19167.91,19816.86,0
12,CASH_IN,125.94,C100049,12479.86,12353.92,C100223,20062.93,20188.87,0
72,CASH_IN,19.41,C100477,2781.98,2762.57,C100219,12816.75,12836.16,0
77,DEBIT,370.06,C100164,32440.67,32070.61,C100134,22686.71,23056.77,0
59,DEBIT,69.63,C100428,33617.94,33548.31,C100284,24036.32,24105.95,0
36,DEBIT,360.94,C100460,41370.74,41009.8,C100306,22942.26,23303.2,0
20,DEBIT,72.73,C100420,42402.29,42329.56,C100309,5522.47,5595.2,0
5,DEBIT,382.69,C100438,19279.22,18896.53,C100411,19883.98,20266.67,0
49,DEBIT,107.42,C100315,13836.13,13728.71,C100187,16547.93,16655.35,0
11,CASH_IN,336.27,C100343,24719.34,24383.07,C100056,16908.71,17244.98,0
11,PAYMENT,52.39,C100132,3069.19,3016.8,C100258,26371.81,26424.2,0
86,TRANSFER,16.08,C100481,34871.33,34855.25,C100216,4928.84,4944.92,0
81,CASH_IN,48.98,C100366,34673.76,34624.78,C100288,670.96,719.94,0
42,PAYMENT,304.23,C100206,18376.09,18071.86,C100470,29745.94,30050.17,0
63,CASH_IN,158.42,C100312,35989.13,35830.71,C100447,7761.55,7919.97,0
27,TRANSFER,24229.42,C_MULE_A5,3997.08,0.0,C_MULE_A0,631.79,24861.21,1
16,DEBIT,37.06,C100328,16913.56,16876.5,C100140,4324.69,4361.75,0
55,DEBIT,216.79,C100288,15603.97,15387.18,C100417,10520.54,10737.33,0
47,PAYMENT,78.5,C100166,4432.58,4354.08,C100173,21576.91,21655.41,0
5,CASH_IN,64.24,C100478,5444.44,5380.2,C100221,22118.36,22182.6,0
50,PAYMENT,113.68,C100173,20121.58,20007.9,C100470,6877.59,6991.27,0
76,CASH_OUT,65.83,C100261,5476.96,5411.13,C100346,24320.36,24386.19,0
65,DEBIT,125.18,C100460,35347.97,35222.79,C100139,3793.64,3918.82,0
62,CASH_OUT,476.18,C100017,48447.34,47971.16,C100174,28979.9,29456.08,0
4,PAYMENT,88.64,C100252,23985.69,23897.05,C100496,14792.61,14881.25,0
93,DEBIT,74.34,C100411,2277.82,2203.48,C100078,18764.84,18839.18,0
49,TRANSFER,16013.21,C_MULE_C4,1390.06,0.0,C_MULE_C3,250.57,16263.78,1
28,PAYMENT,431.04,C100482,24061.59,23630.55,C100222,1861.16,2292.2,0
59,TRANSFER,538.8,C100070,25384.52,24845.72,C100205,25882.25,26421.05,0
76,TRANSFER,48.79,C100243,1547.83,1499.04,C100074,9945.67,9994.46,0
54,PAYMENT,66.6,C100431,2382.05,2315.45,C100217,16888.87,16955.47,0
50,TRANSFER,76.31,C100218,29350.12,29273.81,C100082,8128.47,8204.78,0
37,PAYMENT,48.07,C100342,39392.51,39344.44,C100318,14153.07,14201.14,0
37,PAYMENT,76.36,C100286,10829.39,10753.03,C100356,27737.35,27813.71,0
30,TRANSFER,120.72,C100463,41877.49,41756.77,C100170,6097.19,6217.91,0
53,DEBIT,103.08,C100267,21980.96,21877.88,C100325,25160.25,25263.33,0
85,DEBIT,1512.64,C100289,42258.48,40745.84,C100447,3124.01,4636.65,0
49,TRANSFER,31.46,C100101,24890.35,24858.89,C100410,11379.73,11411.19,0
35,TRANSFER,375.18,C100040,47836.68,47461.5,C100473,25236.67,25611.85,0
54,CASH_OUT,105.95,C100357,5291.75,5185.8,C100291,19913.27,20019.22,0
64,PAYMENT,322.29,C100299,15191.21,14868.92,C100387,27006.94,27329.23,0
18,PAYMENT,109.65,C100355,12566.15,12456.5,C100259,9948.55,10058.2,0
54,DEBIT,69.22,C100235,40762.92,40693.7,C100371,18101.22,18170.44,0
87,CASH_IN,41.73,C100343,26617.45,26575.72,C100479,9422.53,9464.26,0
45,DEBIT,268.69,C100272,2682.45,2413.76,C100470,11747.72,12016.41,0
87,CASH_OUT,60.09,C100048,46175.57,46115.48,C100488,10046.25,10106.34,0
46,PAYMENT,123.6,C100034,47708.41,47584.81,C100046,24225.1,24348.7,0
3,CASH_IN,349.57,C100489,33006.13,32656.56,C100360,13698.04,14047.61,0
71,DEBIT,125.44,C100338,11084.65,10959.21,C100499,9948.47,10073.91,0
84,DEBIT,73.83,C100319,2133.16,2059.33,C100335,3582.34,3656.17,0
68,CASH_OUT,140.98,C100360,22618.25,22477.27,C100192,19652.61,19793.59,0
36,DEBIT,97.44,C100335,27856.32,27758.88,C100035,26478.89,26576.33,0
36,DEBIT,118.14,C100387,43087.26,42969.12,C100324,20523.25,20641.39,0
19,TRANSFER,331.82,C100122,36123.31,35791.49,C100210,21963.41,22295.23,0
32,PAYMENT,600.67,C100168,47979.11,47378.44,C100453,18998.21,19598.88,0
48,DEBIT,152.92,C100198,39436.6,39283.68,C100041,26470.0,26622.92,0
62,DEBIT,97.0,C100106,23187.97,23090.97,C100297,2681.13,2778.13,0
71,PAYMENT,138.03,C100496,8296.11,8158.08,C100376,21748.39,21886.42,0
94,PAYMENT,66.97,C100002,18800.89,18733.92,C100158,6933.08,7000.05,0
14,CASH_OUT,106.73,C100083,30967.13,30860.4,C100141,7795.09,7901.82,0
24,CASH_IN,24.61,C100083,12803.44,12778.83,C100306,6208.66,6233.27,0
47,CASH_IN,340.91,C100260,39072.51,38731.6,C100167,9391.73,9732.64,0
8,DEBIT,33.11,C100177,18079.33,18046.22,C100172,19269.91,19303.02,0
84,DEBIT,62.31,C100312,27839.66,27777.35,C100014,3977.25,4039.56,0
86,DEBIT,61.79,C100386,1726.67,1664.88,C100434,21618.74,21680.53,0
62,CASH_IN,290.95,C100205,33273.65,32982.7,C100135,27828.61,28119.56,0
40,TRANSFER,134.23,C100405,24601.48,24467.25,C100168,9749.39,9883.62,0
88,PAYMENT,321.23,C100030,20465.67,20144.44,C100066,4007.24,4328.47,0
58,CASH_IN,130.47,C100170,14173.59,14043.12,C100277,23340.39,23470.86,0
66,CASH_OUT,26.28,C100032,34036.78,34010.5,C100127,24279.39,24305.67,0
76,PAYMENT,870.42,C100397,6406.12,5535.7,C100437,3115.99,3986.41,0
16,TRANSFER,345.22,C100342,45713.59,45368.37,C100104,10144.09,10489.31,0
23,TRANSFER,30.6,C100373,24950.87,24920.27,C100328,28264.65,28295.25,0
7,PAYMENT,519.7,C100392,31870.2,31350.5,C100334,9111.98,9631.68,0
10,TRANSFER,167.48,C100394,40477.36,40309.88,C100180,29338.94,29506.42,0
39,TRANSFER,41526.97,C_MULE_B3,4515.64,0.0,C_MULE_B2,836.24,42363.21,1
77,PAYMENT,121.27,C100361,37950.44,37829.17,C100004,11133.86,11255.13,0
3,DEBIT,552.25,C100043,44371.58,43819.33,C100169,3191.76,3744.01,0
15,TRANSFER,21034.26,C_MULE_B2,3597.32,0.0,C_MULE_B0,1275.21,22309.47,1
36,CASH_IN,164.33,C100093,41569.83,41405.5,C100087,23967.78,24132.11,0
44,TRANSFER,186.46,C100441,49016.91,48830.45,C100408,17987.12,18173.58,0
64,CASH_OUT,109.07,C100453,19738.22,19629.15,C100339,3118.44,3227.51,0
58,PAYMENT,65.11,C100131,15361.83,15296.72,C100069,13095.95,13161.06,0
60,DEBIT,240.42,C100407,10194.25,9953.83,C100316,10754.28,10994.7,0
3,CASH_IN,115.51,C100445,38178.67,38063.16,C100085,8080.4,8195.91,0
98,PAYMENT,1625.96,C100396,36312.48,34686.52,C100210,2125.5,3751.46,0
63,CASH_OUT,516.27,C100165,21820.17,21303.9,C100285,6842.47,7358.74,0
99,CASH_IN,514.46,C100157,4057.31,3542.85,C100306,25199.8,25714.26,0
60,CASH_IN,470.52,C100224,36525.41,36054.89,C100287,15012.48,15483.0,0
79,DEBIT,685.55,C100150,48293.46,47607.91,C100101,28625.88,29311.43,0
11,CASH_OUT,538.82,C100201,31959.16,31420.34,C100432,3498.29,4037.11,0
82,CASH_OUT,337.16,C100000,39055.26,38718.1,C100188,21464.89,21802.05,0
44,CASH_OUT,294.27,C100417,17671.58,17377.31,C100476,24292.13,24586.4,0
84,DEBIT,5.72,C100068,9683.93,9678.21,C100117,24047.77,24053.49,0
71,PAYMENT,35.49,C100463,15188.05,15152.56,C100146,5979.26,6014.75,0
36,TRANSFER,27.48,C100019,36118.72,36091.24,C100130,14541.07,14568.55,0
21,PAYMENT,98.54,C100439,10934.85,10836.31,C100169,11742.59,11841.13,0
32,PAYMENT,157.32,C100419,23847.79,23690.47,C100487,4632.16,4789.48,0
93,CASH_OUT,52.31,C100183,12222.32,12170.01,C100376,25407.17,25459.48,0
47,TRANSFER,91.24,C100440,27950.62,27859.38,C100285,14257.67,14348.91,0
19,TRANSFER,68.08,C100381,32958.22,32890.14,C100282,9714.52,9782.6,0
54,PAYMENT,659.7,C100355,35207.95,34548.25,C100195,2427.33,3087.03,0
66,CASH_IN,34.57,C100421,33291.6,33257.03,C100232,20807.72,20842.29,0
98,DEBIT,116.37,C100273,18710.85,18594.48,C100378,19862.2,19978.57,0
76,CASH_IN,47.51,C100467,43066.62,43019.11,C100276,29973.01,30020.52,0
37,PAYMENT,47.48,C100458,23291.5,23244.02,C100159,17262.38,17309.86,0
35,TRANSFER,1468.95,C100158,6210.28,4741.33,C100455,8755.66,10224.61,0
80,TRANSFER,290.81,C100105,36890.19,36599.38,C100341,25754.53,26045.34,0
53,PAYMENT,155.13,C100142,31958.2,31803.07,C100227,3007.8,3162.93,0
14,CASH_IN,84.19,C100442,5940.22,5856.03,C100394,12026.27,12110.46,0
68,DEBIT,101.07,C100129,13632.57,13531.5,C100041,27123.12,27224.19,0
28,DEBIT,286.19,C100153,11929.28,11643.09,C100199,17524.83,17811.02,0
8,CASH_OUT,196.22,C100124,40399.58,40203.36,C100161,28865.86,29062.08,0
8,CASH_IN,38.53,C100224,45574.99,45536.46,C100411,3768.18,3806.71,0
18,TRANSFER,68.21,C100194,9975.43,9907.22,C100406,2121.72,2189.93,0
61,PAYMENT,59.11,C100232,28832.59,28773.48,C100179,8904.06,8963.17,0
22,TRANSFER,42.16,C100282,44676.71,44634.55,C100036,20154.74,20196.9,0
2,DEBIT,30.6,C100143,13111.7,13081.1,C100447,16765.97,16796.57,0
72,CASH_IN,400.4,C100162,47132.88,46732.48,C100214,29990.89,30391.29,0
15,PAYMENT,163.26,C100159,47963.28,47800.02,C100338,4449.02,4612.28,0
10,CASH_OUT,196.14,C100142,25417.94,25221.8,C100426,28908.74,29104.88,0
9,DEBIT,131.98,C100151,25533.9,25401.92,C100242,3324.33,3456.31,0
37,TRANSFER,793.74,C100148,26378.72,25584.98,C100412,22555.78,23349.52,0
68,CASH_IN,83.71,C100204,31576.28,31492.57,C100386,17132.67,17216.38,0
71,CASH_IN,43.2,C100071,17079.22,17036.02,C100377,28830.16,28873.36,0
96,CASH_IN,220.8,C100421,43818.75,43597.95,C100100,17743.84,17964.64,0
21,TRANSFER,15178.02,C_MULE_C0,1995.62,0.0,C_MULE_C1,1465.49,16643.51,1
70,TRANSFER,302.24,C100120,31659.15,31356.91,C100212,27678.71,27980.95,0
3,CASH_IN,360.21,C100425,39399.35,39039.14,C100200,24609.13,24969.34,0
37,CASH_OUT,181.79,C100257,39562.93,39381.14,C100335,2911.21,3093.0,0
87,PAYMENT,65.91,C100361,29965.86,29899.95,C100330,27561.3,27627.21,0
41,TRANSFER,31.61,C100327,25178.33,25146.72,C100286,5009.93,5041.54,0
72,PAYMENT,241.53,C100233,8482.22,8240.69,C100363,13768.44,14009.97,0
40,TRANSFER,1727.67,C100352,46513.13,44785.46,C100182,23412.84,25140.51,0
98,DEBIT,111.44,C100319,8595.25,8483.81,C100280,21262.95,21374.39,0
38,CASH_OUT,428.73,C100088,37889.26,37460.53,C100379,8426.21,8854.94,0
28,PAYMENT,303.01,C100010,44396.61,44093.6,C100030,23415.72,23718.73,0
6,CASH_IN,417.6,C100233,45312.83,44895.23,C100208,3525.46,3943.06,0
70,CASH_OUT,456.78,C100082,17704.82,17248.04,C100056,7618.4,8075.18,0
58,CASH_IN,67.88,C100290,35124.04,35056.16,C100163,7858.07,7925.95,0
24,PAYMENT,384.38,C100482,46250.38,45866.0,C100196,28218.99,28603.37,0
54,CASH_OUT,65.4,C100320,3507.17,3441.77,C100316,17990.84,18056.24,0
9,PAYMENT,361.32,C100247,18641.79,18280.47,C100121,2263.68,2625.0,0
33,TRANSFER,44654.61,C_MULE_C3,1361.54,0.0,C_MULE_C1,881.6,45536.21,1
66,TRANSFER,259.49,C100027,36291.98,36032.49,C100274,2707.38,2966.87,0
20,PAYMENT,36.6,C100489,8290.87,8254.27,C100107,8761.71,8798.31,0
48,CASH_OUT,24445.18,C_MULE_B1,3650.04,0.0,C_MULE_B4,1601.66,26046.84,1
15,CASH_IN,175.41,C100466,21199.1,21023.69,C100162,9630.67,9806.08,0
21,CASH_OUT,662.51,C100194,9439.89,8777.38,C100140,7946.57,8609.08,0
33,CASH_OUT,99.59,C100323,29067.63,28968.04,C100180,538.6,638.19,0
31,PAYMENT,60.61,C100236,18964.54,18903.93,C100342,18050.13,18110.74,0
11,DEBIT,34.09,C100315,6628.11,6594.02,C100412,10874.01,10908.1,0
31,TRANSFER,552.92,C100191,35976.74,35423.82,C100332,1827.98,2380.9,0
68,DEBIT,305.32,C100483,18848.21,18542.89,C100073,16818.22,17123.54,0
84,CASH_IN,356.7,C100055,34105.82,33749.12,C100086,963.74,1320.44,0
82,CASH_IN,119.61,C100432,11861.59,11741.98,C100140,1354.69,1474.3,0
5,TRANSFER,18.38,C100127,35940.4,35922.02,C100335,530.0,548.38,0
11,CASH_OUT,1297.51,C100373,25637.25,24339.74,C100021,14451.14,15748.65,0
47,CASH_IN,87.35,C100132,32023.92,31936.57,C100414,16176.62,16263.97,0
57,PAYMENT,126.59,C100375,33949.21,33822.62,C100384,10650.43,10777.02,0
64,DEBIT,127.81,C100434,28337.68,28209.87,C100307,3285.65,3413.46,0
18,TRANSFER,220.76,C100192,17989.69,17768.93,C100382,1462.99,1683.75,0
13,DEBIT,86.94,C100280,31211.79,31124.85,C100137,16364.26,16451.2,0
13,PAYMENT,553.16,C100245,17580.17,17027.01,C100416,10102.74,10655.9,0
16,TRANSFER,24611.77,C_MULE_A0,3915.42,0.0,C_MULE_A2,404.5,25016.27,1
73,PAYMENT,55.64,C100342,25766.16,25710.52,C100196,22485.52,22541.16,0
12,CASH_OUT,2614.93,C100308,11378.09,8763.16,C100011,8294.81,10909.74,0
38,CASH_OUT,19906.73,C_MULE_C2,2431.35,0.0,C_MULE_C3,1206.01,21112.74,1
77,DEBIT,234.86,C100396,17797.33,17562.47,C100404,21512.12,21746.98,0
64,CASH_OUT,394.03,C100358,19924.65,19530.62,C100113,3555.12,3949.15,0
23,CASH_OUT,30267.49,C_MULE_C0,2778.63,0.0,C_MULE_C1,1481.32,31748.81,1
29,PAYMENT,1647.25,C100139,23925.74,22278.49,C100220,6841.53,8488.78,0
99,TRANSFER,217.81,C100023,12721.22,12503.41,C100368,10754.89,10972.7,0
8,PAYMENT,683.29,C100074,15910.76,15227.47,C100270,22164.66,22847.95,0
68,CASH_IN,170.88,C100145,23551.28,23380.4,C100251,23512.71,23683.59,0
77,CASH_IN,149.73,C100357,35793.25,35643.52,C100389,15277.67,15427.4,0
51,PAYMENT,1040.25,C100464,46729.28,45689.03,C100075,23144.2,24184.45,0
44,CASH_OUT,79.98,C100251,8091.0,8011.02,C100092,10758.18,10838.16,0
73,CASH_OUT,102.52,C100291,14476.74,14374.22,C100297,26706.11,26808.63,0
95,TRANSFER,88.72,C100177,40054.34,39965.62,C100466,9719.72,9808.44,0
51,CASH_IN,396.26,C100195,37566.59,37170.33,C100255,22929.84,23326.1,0
36,CASH_IN,139.13,C100480,37363.58,37224.45,C100324,20253.07,20392.2,0
49,DEBIT,23.17,C100268,26799.28,26776.11,C100063,22705.79,22728.96,0
89,TRANSFER,297.63,C100436,3508.81,3211.18,C100391,14286.83,14584.46,0
87,TRANSFER,82.45,C100407,48998.68,48916.23,C100173,12609.58,12692.03,0
23,CASH_IN,273.88,C100148,18031.31,17757.43,C100411,8040.62,8314.5,0
1,CASH_OUT,460.64,C100221,48492.01,48031.37,C100256,1645.91,2106.55,0
17,PAYMENT,516.6,C100266,16383.36,15866.76,C100314,18206.76,18723.36,0
99,PAYMENT,145.38,C100464,21064.57,20919.19,C100104,29894.8,30040.18,0
19,CASH_OUT,405.39,C100125,25571.84,25166.45,C100359,20430.51,20835.9,0
81,CASH_IN,60.82,C100349,14293.75,14232.93,C100165,17859.3,17920.12,0
83,CASH_IN,95.16,C100194,6993.19,6898.03,C100317,13488.95,13584.11,0
94,CASH_OUT,69.52,C100283,33162.21,33092.69,C100267,9804.03,9873.55,0
44,TRANSFER,135.28,C100328,29606.34,29471.06,C100148,29033.39,29168.67,0
17,CASH_OUT,32583.71,C_MULE_C3,1501.3,0.0,C_MULE_C2,451.92,33035.63,1
93,CASH_OUT,95.86,C100361,43619.46,43523.6,C100056,21984.58,22080.44,0
35,TRANSFER,217.78,C100235,23225.64,23007.86,C100129,9018.45,9236.23,0
97,TRANSFER,576.36,C100414,36929.89,36353.53,C100014,19655.06,20231.42,0
90,PAYMENT,23.83,C100306,21152.17,21128.34,C100005,22800.49,22824.32,0
66,DEBIT,107.26,C100047,34632.49,34525.23,C100147,16118.04,16225.3,0
24,CASH_IN,19.91,C100179,38949.84,38929.93,C100474,19774.08,19793.99,0
67,CASH_OUT,79.85,C100050,41151.4,41071.55,C100233,13717.89,13797.74,0
58,PAYMENT,239.5,C100479,16221.72,15982.22,C100113,996.67,1236.17,0
62,PAYMENT,204.31,C100329,16597.58,16393.27,C100280,7966.92,8171.23,0
33,DEBIT,122.21,C100298,25001.13,24878.92,C100151,13876.77,13998.98,0
63,CASH_IN,389.53,C100013,25778.53,25389.0,C100295,4153.61,4543.14,0
13,TRANSFER,17713.46,C_MULE_B0,4772.91,0.0,C_MULE_B1,1798.56,19512.02,1
81,CASH_OUT,78.46,C100384,14593.44,14514.98,C100320,21547.28,21625.74,0
79,PAYMENT,459.08,C100381,22418.31,21959.23,C100139,10351.79,10810.87,0
52,PAYMENT,96.55,C100223,28876.22,28779.67,C100356,15653.28,15749.83,0
82,TRANSFER,163.02,C100398,43044.29,42881.27,C100191,11210.44,11373.46,0
7,TRANSFER,471.29,C100352,33439.4,32968.11,C100320,15098.73,15570.02,0
43,TRANSFER,32646.55,C_MULE_C3,3128.41,0.0,C_MULE_C2,1910.19,34556.74,1
28,CASH_OUT,87.93,C100425,38377.46,38289.53,C100276,23521.34,23609.27,0
98,DEBIT,146.08,C100253,15835.68,15689.6,C100157,12967.66,13113.74,0
57,DEBIT,280.13,C100152,16943.23,16663.1,C100160,11632.26,11912.39,0
48,TRANSFER,25.24,C100279,48425.21,48399.97,C100418,19436.29,19461.53,0
32,TRANSFER,39289.52,C_MULE_A4,3455.05,0.0,C_MULE_A3,1206.03,40495.55,1
26,PAYMENT,92.93,C100366,6906.99,6814.06,C100360,24065.41,24158.34,0
95,DEBIT,652.64,C100464,17594.47,16941.83,C100395,2069.51,2722.15,0
31,TRANSFER,39.12,C100117,31052.88,31013.76,C100148,5926.19,5965.31,0
55,CASH_OUT,65.19,C100096,33221.71,33156.52,C100338,16964.65,17029.84,0
11,TRANSFER,61.27,C100083,32762.04,32700.77,C100181,4139.86,4201.13,0
24,TRANSFER,487.13,C100285,10910.93,10423.8,C100397,26662.82,27149.95,0
38,DEBIT,173.64,C100292,40880.18,40706.54,C100057,19710.12,19883.76,0
3,PAYMENT,1038.79,C100113,36012.53,34973.74,C100488,4084.78,5123.57,0
7,CASH_OUT,38.14,C100025,21467.95,21429.81,C100398,6152.48,6190.62,0
75,PAYMENT,192.84,C100235,7493.12,7300.28,C100144,12772.44,12965.28,0
61,CASH_IN,199.41,C100432,19569.58,19370.17,C100193,25151.33,25350.74,0
65,CASH_OUT,93.95,C100253,22613.18,22519.23,C100399,16151.72,16245.67,0
97,TRANSFER,245.34,C100131,45462.62,45217.28,C100308,3576.9,3822.24,0
17,TRANSFER,125.36,C100198,3804.86,3679.5,C100474,28133.57,28258.93,0
3,TRANSFER,3.5,C100287,38944.72,38941.22,C100254,19736.89,19740.39,0
52,DEBIT,36.12,C100329,1550.8,1514.68,C100028,11549.74,11585.86,0
20,DEBIT,410.93,C100423,30105.02,29694.09,C100282,25217.76,25628.69,0
1,CASH_OUT,301.04,C100360,46871.26,46570.22,C100181,24298.33,24599.37,0
35,TRANSFER,197.67,C100316,33101.74,32904.07,C100286,25845.13,26042.8,0
54,CASH_OUT,65.41,C100443,46982.04,46916.63,C100270,29894.9,29960.31,0
19,PAYMENT,496.3,C100135,11036.19,10539.89,C100360,16277.4,16773.7,0
21,CASH_OUT,697.39,C100071,24543.73,23846.34,C100167,18371.26,19068.65,0
33,PAYMENT,475.55,C100466,26702.79,26227.24,C100007,13886.56,14362.11,0
67,CASH_OUT,273.53,C100322,38105.15,37831.62,C100197,6806.0,7079.53,0
63,CASH_OUT,422.87,C100076,28796.27,28373.4,C100432,25161.83,25584.7,0
21,CASH_OUT,298.57,C100295,23314.79,23016.22,C100470,10173.93,10472.5,0
35,CASH_OUT,77.67,C100278,8514.57,8436.9,C100002,24946.8,25024.47,0
76,DEBIT,510.02,C100213,3618.88,3108.86,C100164,10552.84,11062.86,0
89,CASH_OUT,129.14,C100004,16116.66,15987.52,C100358,15876.39,16005.53,0
72,TRANSFER,43.56,C100001,3797.83,3754.27,C100183,19380.28,19423.84,0
83,DEBIT,141.14,C100407,37721.76,37580.62,C100040,6800.28,6941.42,0
64,CASH_OUT,158.78,C100261,21365.06,21206.28,C100164,19167.03,19325.81,0
31,CASH_OUT,126.74,C100085,23605.31,23478.57,C100080,6701.23,6827.97,0
86,CASH_OUT,257.87,C100332,28069.24,27811.37,C100226,6596.07,6853.94,0
96,TRANSFER,152.78,C100143,32491.97,32339.19,C100208,27383.85,27536.63,0
12,DEBIT,87.07,C100258,38292.55,38205.48,C100016,23147.73,23234.8,0
47,CASH_OUT,33.19,C100133,25766.47,25733.28,C100005,14932.54,14965.73,0
76,DEBIT,35.83,C100173,31710.05,31674.22,C100429,20624.05,20659.88,0
6,TRANSFER,137.01,C100122,35831.58,35694.57,C100380,23212.78,23349.79,0
27,CASH_OUT,371.85,C100006,44270.16,43898.31,C100397,3070.28,3442.13,0
9,DEBIT,218.74,C100229,19201.32,18982.58,C100192,3641.49,3860.23,0
17,CASH_OUT,284.46,C100179,33180.07,32895.61,C100360,23570.15,23854.61,0
72,CASH_OUT,125.11,C100300,2257.65,2132.54,C100066,6577.14,6702.25,0
58,CASH_IN,38.23,C100235,43472.92,43434.69,C100441,16758.14,16796.37,0
31,DEBIT,356.35,C100091,12649.78,12293.43,C100473,8071.44,8427.79,0
62,CASH_OUT,166.33,C100090,14838.94,14672.61,C100311,18797.73,18964.06,0
98,CASH_OUT,54.41,C100396,16322.32,16267.91,C100141,27846.87,27901.28,0
30,DEBIT,211.78,C100463,20173.94,19962.16,C100290,29435.71,29647.49,0
93,PAYMENT,221.06,C100092,19844.89,19623.83,C100035,16140.04,16361.1,0
64,DEBIT,56.08,C100241,42614.94,42558.86,C100483,16818.46,16874.54,0
92,DEBIT,318.2,C100103,5339.87,5021.67,C100142,24509.75,24827.95,0
50,TRANSFER,967.22,C100489,30781.52,29814.3,C100362,12799.62,13766.84,0
70,TRANSFER,174.55,C100220,44103.7,43929.15,C100058,22386.53,22561.08,0
56,CASH_OUT,358.38,C100346,16323.19,15964.81,C100261,23956.39,24314.77,0
42,PAYMENT,147.66,C100421,7246.08,7098.42,C100036,29997.74,30145.4,0
97,PAYMENT,170.98,C100148,35975.99,35805.01,C100256,25291.52,25462.5,0
23,TRANSFER,102.52,C100228,26392.91,26290.39,C100322,3952.77,4055.29,0
31,TRANSFER,31516.07,C_MULE_B1,1534.87,0.0,C_MULE_B3,1039.31,32555.38,1
22,DEBIT,136.75,C100432,26206.59,26069.84,C100431,10759.58,10896.33,0
4,PAYMENT,234.58,C100452,7209.27,6974.69,C100066,9186.97,9421.55,0
30,CASH_IN,105.35,C100448,7008.93,6903.58,C100259,5600.07,5705.42,0
36,DEBIT,91.32,C100100,10125.64,10034.32,C100498,6444.06,6535.38,0
6,PAYMENT,36.66,C100199,14485.1,14448.44,C100322,5268.25,5304.91,0
18,CASH_IN,173.48,C100022,31030.23,30856.75,C100316,9971.03,10144.51,0
46,TRANSFER,59.33,C100186,49595.13,49535.8,C100245,7160.34,7219.67,0
73,CASH_IN,105.66,C100145,10841.88,10736.22,C100115,28232.84,28338.5,0
69,DEBIT,27.25,C100295,30105.34,30078.09,C100356,27065.57,27092.82,0
73,TRANSFER,119.97,C100363,22932.51,22812.54,C100094,10416.25,10536.22,0
23,CASH_IN,171.3,C100453,34763.92,34592.62,C100264,4559.6,4730.9,0
32,DEBIT,66.06,C100191,48711.37,48645.31,C100001,13399.42,13465.48,0
23,TRANSFER,412.95,C100013,26036.15,25623.2,C100066,21982.74,22395.69,0
89,TRANSFER,522.14,C100199,27744.05,27221.91,C100021,11202.63,11724.77,0
85,PAYMENT,109.26,C100363,39096.0,38986.74,C100499,10230.86,10340.12,0
37,DEBIT,215.26,C100373,39065.57,38850.31,C100339,28412.4,28627.66,0
55,DEBIT,1064.53,C100061,32996.56,31932.03,C100087,12731.79,13796.32,0
88,DEBIT,174.32,C100463,21631.68,21457.36,C100285,18349.56,18523.88,0
56,DEBIT,111.03,C100015,24754.22,24643.19,C100351,17001.61,17112.64,0
68,DEBIT,75.67,C100130,40854.95,40779.28,C100286,13390.98,13466.65,0
26,DEBIT,528.33,C100001,19005.57,18477.24,C100133,2727.58,3255.91,0
35,PAYMENT,647.86,C100363,45330.5,44682.64,C100162,29697.22,30345.08,0
12,DEBIT,168.33,C100002,47252.92,47084.59,C100374,25747.87,25916.2,0
63,CASH_IN,65.27,C100433,47148.94,47083.67,C100345,1389.88,1455.15,0
87,DEBIT,58.36,C100411,10836.6,10778.24,C100044,23532.19,23590.55,0
83,CASH_IN,63.01,C100326,43856.78,43793.77,C100225,27828.4,27891.41,0
55,CASH_OUT,161.29,C100127,31102.13,30940.84,C100431,5251.08,5412.37,0
22,TRANSFER,656.6,C100284,39253.52,38596.92,C100064,24315.74,24972.34,0
19,PAYMENT,82.03,C100444,40584.86,40502.83,C100005,10052.43,10134.46,0
19,TRANSFER,35159.37,C_MULE_C0,1487.96,0.0,C_MULE_C5,281.75,35441.12,1
47,PAYMENT,197.37,C100075,7233.74,7036.37,C100477,15067.65,15265.02,0
82,CASH_IN,48.91,C100253,3617.4,3568.49,C100293,24108.16,24157.07,0
62,PAYMENT,105.11,C100153,12134.42,12029.31,C100173,12844.52,12949.63,0
50,CASH_OUT,224.87,C100104,14320.84,14095.97,C100047,15610.37,15835.24,0
54,TRANSFER,125.51,C100310,26384.51,26259.0,C100024,18080.55,18206.06,0
32,CASH_OUT,340.92,C100468,26674.78,26333.86,C100084,27004.45,27345.37,0
1,PAYMENT,1076.21,C100245,4701.17,3624.96,C100117,2276.66,3352.87,0
11,CASH_IN,269.83,C100145,5304.01,5034.18,C100388,27878.66,28148.49,0
72,CASH_IN,40.24,C100036,13183.08,13142.84,C100448,8911.04,8951.28,0
41,CASH_OUT,714.45,C100383,16350.87,15636.42,C100325,26845.5,27559.95,0
78,CASH_OUT,96.44,C100114,7509.51,7413.07,C100072,9187.95,9284.39,0
79,CASH_IN,137.67,C100162,12762.07,12624.4,C100360,9678.13,9815.8,0
13,PAYMENT,87.96,C100001,28901.97,28814.01,C100090,11413.21,11501.17,0
94,DEBIT,17.85,C100380,35531.21,35513.36,C100102,28923.62,28941.47,0
24,TRANSFER,333.41,C100136,40674.12,40340.71,C100184,23972.56,24305.97,0
39,PAYMENT,816.51,C100171,25566.5,24749.99,C100081,14768.16,15584.67,0
57,CASH_OUT,237.74,C100417,35453.46,35215.72,C100323,12858.76,13096.5,0
48,CASH_IN,52.08,C100407,30824.54,30772.46,C100143,5632.42,5684.5,0
8,CASH_OUT,190.08,C100434,39663.34,39473.26,C100466,24851.49,25041.57,0
80,TRANSFER,544.75,C100416,15071.24,14526.49,C100136,2326.03,2870.78,0
47,TRANSFER,100.52,C100062,18876.99,18776.47,C100222,29981.38,30081.9,0
20,TRANSFER,39.72,C100313,2356.45,2316.73,C100236,1564.18,1603.9,0
18,CASH_OUT,309.49,C100150,14082.78,13773.29,C100266,22694.48,23003.97,0
2,PAYMENT,211.04,C100425,25987.81,25776.77,C100427,27692.81,27903.85,0
85,CASH_OUT,135.01,C100019,49148.48,49013.47,C100336,15039.99,15175.0,0
60,CASH_IN,167.73,C100440,39059.57,38891.84,C100402,5237.91,5405.64,0
44,PAYMENT,441.41,C100319,22886.69,22445.28,C100084,7629.38,8070.79,0
39,DEBIT,66.25,C100130,44314.15,44247.9,C100148,3792.47,3858.72,0
7,CASH_IN,40.25,C100435,44947.77,44907.52,C100183,5125.68,5165.93,0
92,CASH_OUT,259.11,C100091,37987.54,37728.43,C100399,12726.43,12985.54,0
60,CASH_IN,1314.77,C100145,48029.27,46714.5,C100305,20974.8,22289.57,0
74,PAYMENT,187.57,C100433,33104.51,32916.94,C100243,8916.19,9103.76,0
69,CASH_OUT,49.39,C100352,12652.09,12602.7,C100069,23154.26,23203.65,0
96,PAYMENT,114.35,C100407,19411.69,19297.34,C100392,2629.33,2743.68,0
14,TRANSFER,1133.62,C100407,20738.84,19605.22,C100366,23098.07,24231.69,0
83,DEBIT,60.57,C100208,39369.86,39309.29,C100384,2943.04,3003.61,0
48,CASH_IN,76.86,C100135,14114.49,14037.63,C100153,15479.39,15556.25,0
31,PAYMENT,246.33,C100393,10852.22,10605.89,C100268,12674.47,12920.8,0
39,CASH_IN,15.27,C100446,17362.07,17346.8,C100240,26040.45,26055.72,0
55,TRANSFER,1371.18,C100052,9525.7,8154.52,C100031,7711.87,9083.05,0
86,CASH_OUT,105.92,C100268,36961.31,36855.39,C100237,8142.74,8248.66,0
94,CASH_OUT,247.55,C100209,30131.55,29884.0,C100077,14219.92,14467.47,0
16,DEBIT,98.55,C100094,3960.11,3861.56,C100030,20136.52,20235.07,0
43,TRANSFER,24.62,C100012,21498.56,21473.94,C100216,3341.77,3366.39,0
77,PAYMENT,181.02,C100406,14370.39,14189.37,C100394,25643.6,25824.62,0
25,TRANSFER,327.27,C100185,46972.7,46645.43,C100164,24725.86,25053.13,0
88,TRANSFER,109.43,C100054,3117.34,3007.91,C100433,23927.91,24037.34,0
93,CASH_IN,181.43,C100435,27683.28,27501.85,C100150,5049.89,5231.32,0
89,PAYMENT,112.75,C100126,47669.89,47557.14,C100440,29677.55,29790.3,0
34,DEBIT,676.46,C100031,9478.24,8801.78,C100400,26606.19,27282.65,0
7,CASH_OUT,209.15,C100300,27636.31,27427.16,C100213,18459.2,18668.35,0
94,CASH_OUT,1104.51,C100499,28814.88,27710.37,C100276,17769.27,18873.78,0
80,PAYMENT,125.98,C100389,7576.17,7450.19,C100414,21258.38,21384.36,0
58,PAYMENT,204.84,C100411,41001.99,40797.15,C100286,27874.09,28078.93,0
34,DEBIT,45.69,C100465,20846.41,20800.72,C100062,16224.12,16269.81,0
17,PAYMENT,787.36,C100210,42122.46,41335.1,C100061,25704.0,26491.36,0
43,TRANSFER,43.75,C100273,26872.11,26828.36,C100169,6369.21,6412.96,0
22,CASH_OUT,74.87,C100231,31609.8,31534.93,C100136,10488.52,10563.39,0
91,TRANSFER,284.62,C100159,49459.71,49175.09,C100450,16943.17,17227.79,0
2,DEBIT,158.01,C100391,11531.26,11373.25,C100290,9679.93,9837.94,0
68,CASH_IN,188.8,C100278,19855.61,19666.81,C100268,12680.94,12869.74,0
6,TRANSFER,162.34,C100375,29869.98,29707.64,C100112,27170.6,27332.94,0
66,CASH_IN,78.07,C100136,28293.96,28215.89,C100178,15057.54,15135.61,0
8,CASH_OUT,207.36,C100383,28135.48,27928.12,C100346,24524.2,24731.56,0
35,TRANSFER,57.18,C100341,35709.3,35652.12,C100298,24118.79,24175.97,0
45,PAYMENT,258.0,C100448,46878.79,46620.79,C100129,20808.81,21066.81,0
39,CASH_OUT,661.39,C100194,23020.95,22359.56,C100354,2563.97,3225.36,0
31,CASH_OUT,97.9,C100264,5400.91,5303.01,C100330,14572.56,14670.46,0
67,CASH_IN,396.97,C100477,46238.84,45841.87,C100035,10209.73,10606.7,0
16,PAYMENT,34.74,C100330,31868.32,31833.58,C100392,5658.89,5693.63,0
7,CASH_OUT,162.96,C100241,21025.58,20862.62,C100015,3503.11,3666.07,0
67,PAYMENT,161.38,C100433,36984.84,36823.46,C100244,20670.9,20832.28,0
95,PAYMENT,19.49,C100111,6352.58,6333.09,C100353,1961.74,1981.23,0
62,PAYMENT,613.28,C100161,1193.1,579.82,C100081,24137.16,24750.44,0
67,TRANSFER,190.8,C100362,1480.47,1289.67,C100484,6051.82,6242.62,0
72,DEBIT,20.44,C100492,16291.95,16271.51,C100494,16934.24,16954.68,0
66,CASH_OUT,102.15,C100251,37492.29,37390.14,C100138,19365.77,19467.92,0
72,CASH_IN,94.07,C100347,40798.79,40704.72,C100150,13969.35,14063.42,0
22,DEBIT,448.32,C100348,30937.82,30489.5,C100373,29637.67,30085.99,0
9,CASH_OUT,45.4,C100199,7618.89,7573.49,C100251,887.04,932.44,0
55,DEBIT,70.68,C100015,14557.39,14486.71,C100173,27440.7,27511.38,0
9,TRANSFER,126.17,C100412,13682.62,13556.45,C100076,25276.04,25402.21,0
1,CASH_OUT,110.36,C100004,30034.88,29924.52,C100109,29992.88,30103.24,0
17,TRANSFER,48.04,C100183,16899.26,16851.22,C100028,5404.73,5452.77,0
40,DEBIT,69.56,C100200,49670.18,49600.62,C100366,23819.65,23889.21,0
6,TRANSFER,314.7,C100037,32792.1,32477.4,C100438,10363.99,10678.69,0
84,TRANSFER,165.45,C100434,21634.43,21468.98,C100166,766.35,931.8,0
34,PAYMENT,105.85,C100373,45411.19,45305.34,C100053,7571.06,7676.91,0
4,DEBIT,175.88,C100459,39487.92,39312.04,C100438,20075.48,20251.36,0
66,PAYMENT,173.87,C100200,27637.87,27464.0,C100028,29623.94,29797.81,0
15,CASH_OUT,149.86,C100026,45251.13,45101.27,C100499,24171.77,24321.63,0
24,TRANSFER,69.32,C100132,37213.99,37144.67,C100382,26838.2,26907.52,0
55,TRANSFER,429.12,C100409,33963.68,33534.56,C100125,22107.36,22536.48,0
98,CASH_IN,260.19,C100278,19604.2,19344.01,C100468,8824.36,9084.55,0
28,CASH_OUT,16.82,C100031,20769.89,20753.07,C100417,13984.99,14001.81,0
51,PAYMENT,154.3,C100134,11012.63,10858.33,C100030,6417.12,6571.42,0
45,DEBIT,704.86,C100322,27964.41,27259.55,C100105,11643.93,12348.79,0
35,DEBIT,66.84,C100018,22380.43,22313.59,C100358,1772.72,1839.56,0
12,CASH_IN,117.5,C100280,46002.77,45885.27,C100400,7873.19,7990.69,0
48,PAYMENT,89.8,C100342,29837.45,29747.65,C100160,5741.24,5831.04,0
26,PAYMENT,1218.43,C100045,46005.2,44786.77,C100234,11925.44,13143.87,0
57,PAYMENT,17.13,C100023,13684.04,13666.91,C100353,27931.25,27948.38,0
24,CASH_OUT,54.55,C100232,4003.63,3949.08,C100143,13003.13,13057.68,0
17,PAYMENT,219.8,C100044,32312.9,32093.1,C100054,19194.95,19414.75,0
73,CASH_IN,437.25,C100300,22075.33,21638.08,C100205,23503.12,23940.37,0
21,PAYMENT,178.33,C100227,37811.85,37633.52,C100494,9199.64,9377.97,0
21,CASH_OUT,30644.46,C_MULE_B2,3472.25,0.0,C_MULE_B3,512.5,31156.96,1
55,PAYMENT,148.12,C100030,26217.82,26069.7,C100129,19438.51,19586.63,0
64,TRANSFER,96.28,C100328,9896.06,9799.78,C100437,946.89,1043.17,0
5,TRANSFER,834.84,C100255,10924.38,10089.54,C100048,11351.46,12186.3,0
11,DEBIT,1052.01,C100459,24949.28,23897.27,C100222,5566.24,6618.25,0
11,CASH_IN,53.23,C100149,21529.73,21476.5,C100363,14069.26,14122.49,0
12,CASH_OUT,35788.48,C_MULE_C3,1845.0,0.0,C_MULE_C6,641.18,36429.66,1
21,CASH_OUT,26760.76,C_MULE_B4,3321.92,0.0,C_MULE_B0,967.41,27728.17,1
2,CASH_IN,171.08,C100093,37264.76,37093.68,C100091,11466.41,11637.49,0
35,PAYMENT,813.73,C100107,27881.01,27067.28,C100301,29569.97,30383.7,0
29,DEBIT,62.15,C100164,46733.54,46671.39,C100028,26872.62,26934.77,0
87,DEBIT,301.15,C100339,16435.6,16134.45,C100377,20136.48,20437.63,0
95,TRANSFER,143.71,C100473,41739.01,41595.3,C100257,12853.2,12996.91,0
3,CASH_OUT,165.29,C100350,42592.17,42426.88,C100238,24152.12,24317.41,0
2,PAYMENT,568.93,C100087,18279.81,17710.88,C100258,5251.48,5820.41,0
90,DEBIT,25.77,C100088,4302.65,4276.88,C100282,27701.76,27727.53,0
94,DEBIT,30.17,C100184,20234.97,20204.8,C100405,23333.49,23363.66,0
76,TRANSFER,317.44,C100223,27459.75,27142.31,C100028,26087.44,26404.88,0
41,PAYMENT,584.44,C100421,14046.94,13462.5,C100238,29614.84,30199.28,0
15,CASH_IN,667.67,C100248,48283.82,47616.15,C100131,17795.57,18463.24,0
64,DEBIT,112.72,C100012,36280.72,36168.0,C100086,19795.58,19908.3,0
68,DEBIT,84.38,C100228,7316.23,7231.85,C100112,13351.82,13436.2,0
15,CASH_IN,214.14,C100096,31913.38,31699.24,C100255,2450.3,2664.44,0
58,TRANSFER,7.07,C100284,25311.74,25304.67,C100311,18404.05,18411.12,0
64,CASH_OUT,212.34,C100491,31823.26,31610.92,C100498,20083.75,20296.09,0
44,PAYMENT,706.43,C100140,24964.53,24258.1,C100050,3133.52,3839.95,0
20,CASH_IN,112.11,C100087,7423.48,7311.37,C100100,3290.06,3402.17,0
88,PAYMENT,262.24,C100195,8578.76,8316.52,C100331,8156.71,8418.95,0
80,DEBIT,137.81,C100174,48780.94,48643.13,C100333,8561.26,8699.07,0
44,CASH_OUT,36000.54,C_MULE_C2,3871.39,0.0,C_MULE_C0,515.34,36515.88,1
32,CASH_IN,135.18,C100132,25601.72,25466.54,C100223,21171.8,21306.98,0
29,CASH_IN,341.35,C100183,24296.93,23955.58,C100421,6969.19,7310.54,0
35,DEBIT,241.21,C100085,45336.72,45095.51,C100276,14391.84,14633.05,0
3,CASH_IN,48.49,C100363,34362.21,34313.72,C100289,19632.86,19681.35,0
12,CASH_OUT,187.62,C100202,9767.8,9580.18,C100132,14889.34,15076.96,0
46,CASH_IN,68.18,C100312,33357.57,33289.39,C100208,7266.86,7335.04,0
46,DEBIT,290.72,C100008,49957.95,49667.23,C100421,26233.29,26524.01,0
7,DEBIT,122.14,C100250,10136.12,10013.98,C100366,22941.9,23064.04,0
79,CASH_OUT,45.21,C100183,48463.48,48418.27,C100193,15558.7,15603.91,0
73,PAYMENT,76.23,C100073,37049.16,36972.93,C100184,1265.98,1342.21,0
47,CASH_IN,42.57,C100041,12305.79,12263.22,C100171,15039.02,15081.59,0
21,TRANSFER,374.37,C100032,23952.0,23577.63,C100435,12745.66,13120.03,0
37,DEBIT,56.06,C100177,23681.87,23625.81,C100122,17172.15,17228.21,0
94,CASH_OUT,111.79,C100245,30705.33,30593.54,C100110,10372.46,10484.25,0
5,CASH_OUT,41.63,C100215,45081.51,45039.88,C100139,22005.34,22046.97,0
41,PAYMENT,115.45,C100451,27829.44,27713.99,C100417,18681.84,18797.29,0
53,TRANSFER,93.11,C100313,44120.64,44027.53,C100303,18459.98,18553.09,0
10,CASH_OUT,39054.46,C_MULE_C3,1428.73,0.0,C_MULE_C1,970.37,40024.83,1
29,PAYMENT,32.65,C100427,43564.31,43531.66,C100373,13304.9,13337.55,0
54,DEBIT,14.88,C100106,29953.47,29938.59,C100288,14883.77,14898.65,0
56,CASH_OUT,17.16,C100135,48085.64,48068.48,C100407,16469.28,16486.44,0
32,DEBIT,315.02,C100439,44127.38,43812.36,C100377,18290.44,18605.46,0
88,CASH_IN,240.66,C100370,39382.14,39141.48,C100439,9638.52,9879.18,0
13,TRANSFER,559.55,C100489,44176.03,43616.48,C100448,8902.83,9462.38,0
32,CASH_IN,32.66,C100373,15319.15,15286.49,C100285,27323.49,27356.15,0
71,CASH_OUT,341.29,C100094,22599.35,22258.06,C100106,25377.23,25718.52,0
55,CASH_IN,22.13,C100428,8154.83,8132.7,C100141,17054.22,17076.35,0
25,PAYMENT,5.68,C100471,13412.14,13406.46,C100158,17118.33,17124.01,0
48,TRANSFER,159.98,C100384,31207.63,31047.65,C100356,17962.45,18122.43,0
16,PAYMENT,97.15,C100190,6119.76,6022.61,C100313,18676.33,18773.48,0
55,PAYMENT,140.3,C100111,14202.68,14062.38,C100066,6130.45,6270.75,0
95,CASH_IN,44.59,C100064,40139.16,40094.57,C100340,9483.79,9528.38,0
63,PAYMENT,188.3,C100432,41213.24,41024.94,C100035,11008.84,11197.14,0
21,PAYMENT,85.43,C100097,44805.95,44720.52,C100110,13219.55,13304.98,0
80,CASH_OUT,234.48,C100265,31358.73,31124.25,C100417,6174.41,6408.89,0
52,DEBIT,305.79,C100288,15297.82,14992.03,C100120,652.11,957.9,0
37,DEBIT,462.61,C100447,27454.68,26992.07,C100041,26465.06,26927.67,0
45,PAYMENT,67.8,C100483,11986.06,11918.26,C100468,21504.22,21572.02,0
19,TRANSFER,92.97,C100122,42095.76,42002.79,C100365,3869.84,3962.81,0
24,CASH_OUT,90.96,C100290,21065.26,20974.3,C100388,2557.78,2648.74,0
61,CASH_OUT,16.22,C100138,40704.04,40687.82,C100387,1177.86,1194.08,0
69,CASH_IN,30.78,C100246,20501.85,20471.07,C100458,4193.32,4224.1,0
75,PAYMENT,737.01,C100381,29451.69,28714.68,C100339,25642.91,26379.92,0
52,CASH_OUT,121.86,C100490,1579.09,1457.23,C100325,16173.88,16295.74,0
36,CASH_IN,69.34,C100233,32932.15,32862.81,C100442,2600.56,2669.9,0
22,PAYMENT,291.53,C100327,5427.42,5135.89,C100236,15538.51,15830.04,0
57,PAYMENT,150.55,C100322,9442.13,9291.58,C100467,12598.73,12749.28,0
54,CASH_IN,112.56,C100301,16927.48,16814.92,C100441,19116.66,19229.22,0
92,DEBIT,105.91,C100259,35415.52,35309.61,C100398,15438.56,15544.47,0
43,PAYMENT,185.87,C100308,10315.64,10129.77,C100313,2753.66,2939.53,0
3,DEBIT,288.35,C100416,44699.63,44411.28,C100060,13538.05,13826.4,0
35,TRANSFER,809.57,C100122,13316.23,12506.66,C100370,957.97,1767.54,0
27,CASH_OUT,195.53,C100329,3686.85,3491.32,C100002,10578.45,10773.98,0
16,CASH_OUT,538.26,C100499,19194.31,18656.05,C100429,28985.22,29523.48,0
8,DEBIT,552.07,C100282,8763.45,8211.38,C100218,10067.83,10619.9,0
83,CASH_IN,140.27,C100142,22108.83,21968.56,C100167,27773.27,27913.54,0
67,CASH_IN,57.46,C100133,29708.59,29651.13,C100029,7542.97,7600.43,0
96,PAYMENT,212.21,C100018,5566.87,5354.66,C100241,26801.51,27013.72,0
57,CASH_OUT,216.5,C100122,27887.24,27670.74,C100468,19695.93,19912.43,0
3,CASH_IN,55.01,C100146,26381.14,26326.13,C100112,28963.89,29018.9,0
83,CASH_OUT,160.31,C100170,10792.12,10631.81,C100395,3822.2,3982.51,0
36,DEBIT,993.2,C100218,32841.48,31848.28,C100352,28281.75,29274.95,0
97,PAYMENT,76.38,C100204,47876.72,47800.34,C100050,849.23,925.61,0
24,DEBIT,872.74,C100363,45954.65,45081.91,C100014,26844.77,27717.51,0
29,TRANSFER,28257.41,C_MULE_C1,4441.81,0.0,C_MULE_C4,1608.62,29866.03,1
20,TRANSFER,98.69,C100461,44397.83,44299.14,C100284,10239.02,10337.71,0
19,DEBIT,74.88,C100193,21076.82,21001.94,C100301,21439.61,21514.49,0
5,PAYMENT,75.15,C100027,8316.62,8241.47,C100165,24302.52,24377.67,0
57,PAYMENT,278.02,C100383,20931.95,20653.93,C100120,27310.97,27588.99,0
70,CASH_OUT,152.85,C100091,38334.39,38181.54,C100476,11115.97,11268.82,0
97,PAYMENT,298.69,C100234,34752.34,34453.65,C100157,12257.43,12556.12,0
17,DEBIT,136.93,C100471,28983.8,28846.87,C100470,7423.66,7560.59,0
48,TRANSFER,42596.44,C_MULE_B1,1852.35,0.0,C_MULE_B0,1387.91,43984.35,1
24,TRANSFER,43.75,C100011,40531.82,40488.07,C100229,16693.92,16737.67,0
80,TRANSFER,303.22,C100150,21448.41,21145.19,C100238,17736.68,18039.9,0
17,DEBIT,317.4,C100320,17702.08,17384.68,C100129,17392.73,17710.13,0
8,DEBIT,132.0,C100004,43668.94,43536.94,C100230,18472.32,18604.32,0
57,TRANSFER,252.53,C100240,29402.0,29149.47,C100452,25652.42,25904.95,0
25,PAYMENT,1023.64,C100135,13829.69,12806.05,C100198,21227.25,22250.89,0
68,TRANSFER,231.69,C100174,22095.48,21863.79,C100137,27905.6,28137.29,0
11,TRANSFER,108.76,C100088,21214.17,21105.41,C100326,16265.63,16374.39,0
33,TRANSFER,40743.15,C_MULE_A5,4320.37,0.0,C_MULE_A4,1938.39,42681.54,1
39,TRANSFER,15865.46,C_MULE_B0,1610.79,0.0,C_MULE_B1,1875.88,17741.34,1
73,PAYMENT,234.44,C100232,31993.65,31759.21,C100489,25915.75,26150.19,0
53,TRANSFER,132.39,C100049,26009.79,25877.4,C100292,13696.17,13828.56,0
29,DEBIT,76.74,C100101,2880.11,2803.37,C100459,15005.01,15081.75,0
34,CASH_OUT,33.06,C100204,48586.36,48553.3,C100083,22349.3,22382.36,0
25,PAYMENT,63.09,C100474,4739.65,4676.56,C100417,15614.66,15677.75,0
10,CASH_IN,82.96,C100205,44632.22,44549.26,C100060,27445.07,27528.03,0
50,PAYMENT,103.63,C100110,17970.09,17866.46,C100378,15520.62,15624.25,0
78,DEBIT,40.57,C100095,39618.63,39578.06,C100205,6286.24,6326.81,0
57,PAYMENT,48.95,C100083,21873.78,21824.83,C100164,25336.54,25385.49,0
11,CASH_OUT,26442.32,C_MULE_B0,1201.3,0.0,C_MULE_B3,51.15,26493.47,1
64,CASH_OUT,603.02,C100392,21046.25,20443.23,C100211,13901.72,14504.74,0
83,PAYMENT,28.17,C100241,10644.7,10616.53,C100086,1781.52,1809.69,0
65,CASH_IN,102.0,C100107,35355.21,35253.21,C100317,8437.57,8539.57,0
79,TRANSFER,94.48,C100349,9374.77,9280.29,C100456,26419.15,26513.63,0
25,CASH_OUT,38.19,C100200,47621.59,47583.4,C100111,11742.23,11780.42,0
21,DEBIT,997.04,C100195,8639.53,7642.49,C100013,3779.46,4776.5,0
33,CASH_OUT,273.67,C100431,22962.77,22689.1,C100229,14546.94,14820.61,0
63,CASH_IN,290.1,C100334,48047.82,47757.72,C100241,27916.2,28206.3,0
24,CASH_IN,229.7,C100191,34879.01,34649.31,C100233,7977.81,8207.51,0
77,PAYMENT,60.5,C100439,7989.46,7928.96,C100221,7799.91,7860.41,0
24,TRANSFER,15629.26,C_MULE_B0,1228.66,0.0,C_MULE_B1,533.66,16162.92,1
38,CASH_IN,71.75,C100024,3596.28,3524.53,C100229,20081.5,20153.25,0
17,TRANSFER,31074.36,C_MULE_C3,2740.36,0.0,C_MULE_C0,1587.83,32662.19,1
61,CASH_IN,50.54,C100090,42506.76,42456.22,C100251,10584.25,10634.79,0
74,PAYMENT,127.04,C100255,34626.09,34499.05,C100302,27761.57,27888.61,0
91,CASH_OUT,14.81,C100434,16995.12,16980.31,C100048,20649.93,20664.74,0
91,PAYMENT,67.7,C100245,29446.57,29378.87,C100463,14022.06,14089.76,0
26,CASH_IN,73.46,C100011,32475.58,32402.12,C100372,25536.83,25610.29,0
2,CASH_OUT,364.25,C100132,44639.0,44274.75,C100379,27455.76,27820.01,0
94,CASH_IN,198.96,C100242,5205.29,5006.33,C100116,24311.55,24510.51,0
72,PAYMENT,153.01,C100066,8290.56,8137.55,C100180,9817.56,9970.57,0
60,PAYMENT,165.89,C100270,44744.16,44578.27,C100446,25801.88,25967.77,0
2,CASH_OUT,84.04,C100010,28709.85,28625.81,C100446,27518.33,27602.37,0
76,DEBIT,487.63,C100388,19940.4,19452.77,C100333,4657.44,5145.07,0
64,PAYMENT,51.29,C100140,4795.56,4744.27,C100237,14082.34,14133.63,0
56,CASH_IN,2900.6,C100405,33773.44,30872.84,C100047,13981.05,16881.65,0
37,TRANSFER,334.7,C100285,30226.02,29891.32,C100119,19284.43,19619.13,0
11,PAYMENT,17.28,C100496,46521.24,46503.96,C100289,2265.96,2283.24,0
50,CASH_OUT,654.17,C100016,35089.75,34435.58,C100269,5163.85,5818.02,0
33,TRANSFER,22385.23,C_MULE_A1,4401.21,0.0,C_MULE_A2,634.81,23020.04,1
50,DEBIT,145.05,C100318,22245.67,22100.62,C100049,27537.02,27682.07,0
46,TRANSFER,283.61,C100109,34334.18,34050.57,C100267,25933.1,26216.71,0
87,PAYMENT,517.3,C100495,23201.03,22683.73,C100276,29716.25,30233.55,0
65,PAYMENT,203.65,C100261,5485.61,5281.96,C100278,11645.23,11848.88,0
40,DEBIT,31.08,C100309,28581.45,28550.37,C100272,25450.21,25481.29,0
57,DEBIT,410.04,C100233,37484.51,37074.47,C100046,6438.92,6848.96,0
15,PAYMENT,285.7,C100327,42674.63,42388.93,C100206,16803.87,17089.57,0
37,CASH_OUT,213.1,C100225,26161.8,25948.7,C100043,9582.32,9795.42,0
6,PAYMENT,92.66,C100072,19570.29,19477.63,C100091,18409.12,18501.78,0
34,TRANSFER,164.89,C100280,17472.64,17307.75,C100281,29282.47,29447.36,0
27,DEBIT,55.34,C100408,9908.58,9853.24,C100011,20765.68,20821.02,0
13,TRANSFER,31663.11,C_MULE_C4,1182.86,0.0,C_MULE_C1,1013.16,32676.27,1
73,CASH_IN,19.11,C100449,34182.19,34163.08,C100467,20448.24,20467.35,0
32,CASH_IN,148.39,C100484,28170.47,28022.08,C100010,7295.53,7443.92,0
93,TRANSFER,1681.82,C100192,4703.3,3021.48,C100433,16288.13,17969.95,0
34,TRANSFER,19066.05,C_MULE_C3,4543.96,0.0,C_MULE_C1,1039.55,20105.6,1
77,DEBIT,234.11,C100215,11564.84,11330.73,C100163,24667.73,24901.84,0
48,CASH_OUT,36.43,C100368,3333.01,3296.58,C100246,17376.59,17413.02,0
47,CASH_IN,207.91,C100007,18959.88,18751.97,C100149,28976.46,29184.37,0
10,TRANSFER,373.55,C100493,37163.63,36790.08,C100161,26249.54,26623.09,0
94,CASH_IN,511.65,C100124,14321.63,13809.98,C100392,15413.53,15925.18,0
38,TRANSFER,21280.32,C_MULE_A3,2196.23,0.0,C_MULE_A5,185.0,21465.32,1
26,CASH_OUT,54.95,C100121,2750.92,2695.97,C100144,5443.07,5498.02,0
31,CASH_IN,324.07,C100430,27154.87,26830.8,C100370,1482.36,1806.43,0
17,DEBIT,692.76,C100280,9916.57,9223.81,C100385,11953.09,12645.85,0
40,CASH_OUT,64.4,C100340,7128.79,7064.39,C100094,4793.62,4858.02,0
48,CASH_OUT,87.87,C100499,48955.95,48868.08,C100319,11233.96,11321.83,0
36,PAYMENT,206.13,C100183,21500.6,21294.47,C100216,28820.27,29026.4,0
46,DEBIT,462.61,C100329,4574.4,4111.79,C100475,26596.75,27059.36,0
3,CASH_OUT,106.49,C100449,6225.35,6118.86,C100425,7873.16,7979.65,0
66,TRANSFER,507.96,C100262,11528.38,11020.42,C100058,19245.19,19753.15,0
14,PAYMENT,62.34,C100140,4471.09,4408.75,C100368,2435.36,2497.7,0
1,DEBIT,200.03,C100475,11390.81,11190.78,C100417,9180.9,9380.93,0
4,TRANSFER,225.24,C100416,22287.07,22061.83,C100340,29458.56,29683.8,0
63,CASH_IN,603.18,C100184,10430.08,9826.9,C100105,7155.98,7759.16,0
91,DEBIT,117.83,C100345,28005.71,27887.88,C100104,29252.6,29370.43,0
23,CASH_OUT,120.89,C100472,31280.39,31159.5,C100143,12744.91,12865.8,0
32,CASH_OUT,105.83,C100065,44832.03,44726.2,C100203,8555.41,8661.24,0
82,TRANSFER,93.76,C100187,45652.64,45558.88,C100081,29465.79,29559.55,0
93,TRANSFER,63.93,C100159,43694.59,43630.66,C100241,2149.11,2213.04,0
54,CASH_OUT,379.42,C100261,33478.96,33099.54,C100189,17903.24,18282.66,0
66,CASH_IN,27.84,C100069,43962.77,43934.93,C100006,22808.8,22836.64,0
58,TRANSFER,323.22,C100413,39622.03,39298.81,C100156,29128.44,29451.66,0
11,DEBIT,175.85,C100386,31425.84,31249.99,C100260,5228.09,5403.94,0
42,PAYMENT,110.55,C100415,9746.81,9636.26,C100149,28487.36,28597.91,0
59,DEBIT,210.44,C100064,16770.77,16560.33,C100208,25898.02,26108.46,0
60,PAYMENT,2617.34,C100011,47344.03,44726.69,C100231,21468.19,24085.53,0
56,PAYMENT,39.31,C100215,35471.47,35432.16,C100403,9113.4,9152.71,0
50,CASH_OUT,69.51,C100376,31586.5,31516.99,C100032,20774.51,20844.02,0
97,CASH_IN,258.25,C100117,45074.55,44816.3,C100434,10499.54,10757.79,0
98,TRANSFER,508.42,C100172,25649.67,25141.25,C100048,1508.83,2017.25,0
46,TRANSFER,36788.36,C_MULE_C0,1456.41,0.0,C_MULE_C6,1919.23,38707.59,1
25,TRANSFER,21035.76,C_MULE_C4,4121.42,0.0,C_MULE_C2,25.23,21060.99,1
41,PAYMENT,235.01,C100108,27957.23,27722.22,C100118,19821.33,20056.34,0
18,CASH_IN,67.5,C100409,23171.2,23103.7,C100198,20493.7,20561.2,0
19,CASH_IN,17.37,C100062,1316.32,1298.95,C100021,27410.72,27428.09,0
58,CASH_OUT,31.44,C100208,17420.73,17389.29,C100231,25642.53,25673.97,0
46,TRANSFER,444.49,C100154,45313.34,44868.85,C100478,8500.53,8945.02,0
51,DEBIT,165.15,C100320,43993.06,43827.91,C100468,13542.31,13707.46,0
88,PAYMENT,149.11,C100318,34375.88,34226.77,C100229,26559.16,26708.27,0
61,CASH_IN,475.02,C100399,40019.99,39544.97,C100430,8883.44,9358.46,0
16,TRANSFER,186.16,C100164,49748.85,49562.69,C100416,9673.73,9859.89,0
68,PAYMENT,277.41,C100487,48371.52,48094.11,C100492,17907.01,18184.42,0
90,CASH_IN,46.79,C100170,6723.12,6676.33,C100113,27944.38,27991.17,0
56,CASH_IN,329.53,C100103,41066.53,40737.0,C100476,10492.51,10822.04,0
89,CASH_IN,202.95,C100311,39143.7,38940.75,C100171,14369.11,14572.06,0
80,CASH_OUT,371.07,C100172,1227.6,856.53,C100081,21489.24,21860.31,0
88,DEBIT,68.46,C100011,10398.72,10330.26,C100339,21353.71,21422.17,0
35,PAYMENT,1021.3,C100490,20447.08,19425.78,C100206,22722.16,23743.46,0
38,TRANSFER,327.3,C100275,36195.5,35868.2,C100278,6313.27,6640.57,0
63,DEBIT,149.99,C100206,2472.09,2322.1,C100194,6335.83,6485.82,0
20,PAYMENT,810.62,C100324,35910.23,35099.61,C100227,19626.86,20437.48,0
4,PAYMENT,127.17,C100013,40677.78,40550.61,C100378,3842.02,3969.19,0
34,PAYMENT,541.23,C100078,38773.64,38232.41,C100486,28553.39,29094.62,0
11,CASH_OUT,251.71,C100000,45832.48,45580.77,C100423,14340.39,14592.1,0
44,TRANSFER,41396.07,C_MULE_A1,2622.51,0.0,C_MULE_A4,1694.46,43090.53,1
5,CASH_OUT,375.21,C100063,29446.33,29071.12,C100488,1002.79,1378.0,0
69,DEBIT,318.75,C100084,7743.01,7424.26,C100213,13580.58,13899.33,0
27,TRANSFER,15345.38,C_MULE_A3,2173.38,0.0,C_MULE_A2,1998.08,17343.46,1
9,TRANSFER,84.03,C100194,21116.41,21032.38,C100031,28387.03,28471.06,0
19,CASH_IN,620.91,C100266,49854.44,49233.53,C100115,16936.7,17557.61,0
3,CASH_IN,182.87,C100357,47114.69,46931.82,C100273,8949.3,9132.17,0
50,CASH_OUT,157.04,C100472,33010.31,32853.27,C100289,9452.41,9609.45,0
57,PAYMENT,355.02,C100306,46663.28,46308.26,C100310,5297.48,5652.5,0
27,TRANSFER,1186.8,C100177,8728.61,7541.81,C100173,24330.36,25517.16,0
91,CASH_OUT,175.76,C100064,19345.81,19170.05,C100286,13756.42,13932.18,0
33,DEBIT,269.73,C100281,1134.23,864.5,C100112,1516.26,1785.99,0
50,TRANSFER,452.8,C100259,11768.71,11315.91,C100030,29975.83,30428.63,0
3,CASH_IN,69.42,C100048,9021.93,8952.51,C100200,27362.72,27432.14,0
21,PAYMENT,164.15,C100213,7392.32,7228.17,C100154,19118.79,19282.94,0
58,DEBIT,267.29,C100178,43689.17,43421.88,C100174,8361.77,8629.06,0
94,CASH_OUT,41.44,C100237,36009.9,35968.46,C100071,5499.44,5540.88,0
78,PAYMENT,121.74,C100311,9189.18,9067.44,C100313,25176.08,25297.82,0
91,DEBIT,156.46,C100359,15623.3,15466.84,C100079,22064.36,22220.82,0
87,DEBIT,111.28,C100492,28396.42,28285.14,C100220,27858.73,27970.01,0
12,PAYMENT,645.83,C100428,42841.58,42195.75,C100133,2698.75,3344.58,0
10,DEBIT,79.81,C100216,47327.26,47247.45,C100338,24512.81,24592.62,0
14,CASH_IN,556.24,C100115,32701.36,32145.12,C100063,12933.79,13490.03,0
20,CASH_IN,530.35,C100236,49580.01,49049.66,C100271,1688.39,2218.74,0
60,TRANSFER,91.07,C100152,23458.31,23367.24,C100169,8073.62,8164.69,0
8,PAYMENT,168.45,C100290,14758.05,14589.6,C100006,14907.44,15075.89,0
96,PAYMENT,50.38,C100301,45009.93,44959.55,C100056,857.64,908.02,0
17,DEBIT,201.11,C100394,32986.46,32785.35,C100352,9299.93,9501.04,0
30,DEBIT,187.33,C100162,41691.47,41504.14,C100037,17858.23,18045.56,0
23,TRANSFER,41948.09,C_MULE_C2,4042.3,0.0,C_MULE_C6,517.27,42465.36,1
19,PAYMENT,172.09,C100017,22322.27,22150.18,C100104,11536.06,11708.15,0
48,CASH_OUT,104.26,C100281,29116.35,29012.09,C100017,28968.62,29072.88,0
36,CASH_OUT,37605.81,C_MULE_A5,4613.32,0.0,C_MULE_A3,1955.15,39560.96,1
54,CASH_OUT,94.71,C100190,11711.78,11617.07,C100419,17566.98,17661.69,0
53,CASH_IN,107.74,C100477,47061.42,46953.68,C100109,8424.69,8532.43,0
85,DEBIT,343.82,C100075,8213.69,7869.87,C100111,13792.65,14136.47,0
16,CASH_IN,209.58,C100365,25974.22,25764.64,C100161,28764.44,28974.02,0
92,PAYMENT,931.21,C100253,43227.36,42296.15,C100421,2400.46,3331.67,0
9,DEBIT,31.81,C100272,5622.43,5590.62,C100250,26107.44,26139.25,0
3,PAYMENT,262.73,C100188,14607.01,14344.28,C100325,20878.19,21140.92,0
98,PAYMENT,177.75,C100484,46968.25,46790.5,C100126,16792.63,16970.38,0
67,CASH_IN,41.43,C100127,45956.95,45915.52,C100151,16338.45,16379.88,0
32,TRANSFER,55.07,C100279,32325.4,32270.33,C100344,3150.82,3205.89,0
59,TRANSFER,500.86,C100232,3849.69,3348.83,C100391,18757.86,19258.72,0
26,CASH_IN,31.42,C100036,28718.96,28687.54,C100310,13095.52,13126.94,0
51,CASH_OUT,254.96,C100173,39464.49,39209.53,C100142,13392.95,13647.91,0
30,TRANSFER,63.93,C100067,26644.09,26580.16,C100298,18479.96,18543.89,0
76,PAYMENT,283.18,C100310,7329.68,7046.5,C100484,21809.94,22093.12,0
33,CASH_OUT,298.63,C100207,12875.1,12576.47,C100499,2688.45,2987.08,0
81,CASH_IN,132.85,C100306,19678.22,19545.37,C100151,13884.87,14017.72,0
6,CASH_IN,832.55,C100414,48852.74,48020.19,C100373,20402.04,21234.59,0
53,TRANSFER,169.39,C100152,39158.71,38989.32,C100005,28057.62,28227.01,0
69,CASH_IN,145.6,C100103,27744.3,27598.7,C100164,26229.09,26374.69,0
29,TRANSFER,163.92,C100380,37344.38,37180.46,C100099,29712.09,29876.01,0
46,PAYMENT,210.07,C100014,47210.59,47000.52,C100424,18258.22,18468.29,0
6,PAYMENT,47.37,C100415,40782.1,40734.73,C100083,8295.11,8342.48,0
60,PAYMENT,116.75,C100466,5150.36,5033.61,C100474,7354.16,7470.91,0
73,CASH_OUT,526.58,C100077,39524.73,38998.15,C100142,11314.2,11840.78,0
2,PAYMENT,204.96,C100194,25676.85,25471.89,C100209,15941.0,16145.96,0
94,CASH_IN,366.85,C100035,13450.03,13083.18,C100468,14753.82,15120.67,0
24,PAYMENT,148.04,C100210,4398.74,4250.7,C100415,20067.87,20215.91,0
20,TRANSFER,18527.05,C_MULE_C5,2032.57,0.0,C_MULE_C2,1209.48,19736.53,1
93,DEBIT,882.82,C100083,2486.3,1603.48,C100423,25807.26,26690.08,0
42,PAYMENT,133.98,C100281,26687.16,26553.18,C100179,27374.01,27507.99,0
23,TRANSFER,836.54,C100103,11994.23,11157.69,C100429,9068.09,9904.63,0
91,PAYMENT,15.6,C100308,13444.16,13428.56,C100352,12163.62,12179.22,0
12,PAYMENT,145.07,C100443,15517.62,15372.55,C100411,12848.99,12994.06,0
35,CASH_IN,24.53,C100311,2431.6,2407.07,C100353,18332.82,18357.35,0
24,PAYMENT,193.6,C100123,14939.64,14746.04,C100379,17024.38,17217.98,0
53,CASH_IN,90.96,C100044,38096.82,38005.86,C100346,8399.91,8490.87,0
53,CASH_OUT,336.7,C100161,6464.54,6127.84,C100471,5628.22,5964.92,0
37,CASH_OUT,23381.79,C_MULE_C1,1640.29,0.0,C_MULE_C0,1310.27,24692.06,1
52,CASH_IN,24.01,C100195,16446.22,16422.21,C100463,4863.25,4887.26,0
5,PAYMENT,569.7,C100394,49469.8,48900.1,C100019,6816.4,7386.1,0
65,CASH_IN,297.73,C100044,33842.38,33544.65,C100174,21809.95,22107.68,0
27,TRANSFER,30522.4,C_MULE_B3,2785.79,0.0,C_MULE_B2,1325.68,31848.08,1
69,TRANSFER,36.99,C100206,36275.39,36238.4,C100472,2980.69,3017.68,0
28,CASH_OUT,27353.28,C_MULE_A0,4782.66,0.0,C_MULE_A5,968.88,28322.16,1
50,PAYMENT,619.39,C100133,13067.32,12447.93,C100463,4194.83,4814.22,0
87,CASH_OUT,259.41,C100441,5137.1,4877.69,C100040,12118.99,12378.4,0
38,CASH_OUT,38.04,C100294,19558.89,19520.85,C100077,26614.93,26652.97,0
36,DEBIT,401.84,C100173,27317.94,26916.1,C100161,23966.12,24367.96,0
23,DEBIT,318.27,C100007,48615.74,48297.47,C100040,4284.92,4603.19,0
78,CASH_OUT,196.0,C100311,8967.59,8771.59,C100319,11988.58,12184.58,0
59,DEBIT,205.86,C100308,1463.05,1257.19,C100142,19314.08,19519.94,0
96,CASH_OUT,274.04,C100149,15887.18,15613.14,C100160,21182.89,21456.93,0
7,CASH_IN,188.36,C100407,33898.38,33710.02,C100143,9313.48,9501.84,0
80,TRANSFER,65.28,C100250,48267.35,48202.07,C100192,23484.35,23549.63,0
16,DEBIT,56.21,C100313,29322.13,29265.92,C100177,14358.13,14414.34,0
80,CASH_IN,118.03,C100096,23869.53,23751.5,C100081,20616.79,20734.82,0
80,TRANSFER,46.71,C100115,38555.03,38508.32,C100373,3003.58,3050.29,0
96,CASH_IN,290.06,C100375,41589.19,41299.13,C100315,20197.95,20488.01,0
45,CASH_IN,177.23,C100310,47289.17,47111.94,C100368,18383.66,18560.89,0
20,TRANSFER,169.38,C100307,32041.78,31872.4,C100415,26596.03,26765.41,0
58,CASH_IN,633.58,C100395,35941.3,35307.72,C100089,9400.47,10034.05,0
23,DEBIT,154.29,C100372,37566.95,37412.66,C100426,12943.38,13097.67,0
29,TRANSFER,31734.86,C_MULE_A4,3292.43,0.0,C_MULE_A5,1629.51,33364.37,1
58,DEBIT,34.63,C100071,3328.5,3293.87,C100450,11498.67,11533.3,0
27,PAYMENT,265.57,C100062,22764.94,22499.37,C100302,12909.64,13175.21,0
19,PAYMENT,1168.99,C100206,14910.18,13741.19,C100179,25641.29,26810.28,0
98,TRANSFER,363.46,C100190,43012.29,42648.83,C100136,6377.09,6740.55,0
16,CASH_OUT,256.81,C100076,29374.6,29117.79,C100133,29227.8,29484.61,0
35,TRANSFER,277.03,C100321,6762.17,6485.14,C100142,4081.79,4358.82,0
76,TRANSFER,154.94,C100067,41471.24,41316.3,C100494,12201.85,12356.79,0
40,PAYMENT,160.2,C100380,46753.28,46593.08,C100260,12052.76,12212.96,0
80,TRANSFER,160.09,C100243,21569.06,21408.97,C100167,18817.96,18978.05,0
12,TRANSFER,122.52,C100202,6165.22,6042.7,C100240,1139.19,1261.71,0
27,CASH_IN,27.31,C100440,30783.59,30756.28,C100084,7737.21,7764.52,0
15,CASH_OUT,96.97,C100497,36815.22,36718.25,C100021,24990.92,25087.89,0
3,TRANSFER,201.82,C100368,46594.37,46392.55,C100161,29036.4,29238.22,0
8,TRANSFER,72.97,C100106,44220.96,44147.99,C100133,20708.15,20781.12,0
41,TRANSFER,118.96,C100305,34392.16,34273.2,C100194,1858.58,1977.54,0
45,TRANSFER,307.25,C100477,6916.97,6609.72,C100444,3562.35,3869.6,0
78,DEBIT,504.08,C100085,21353.8,20849.72,C100190,20531.67,21035.75,0
24,TRANSFER,30733.71,C_MULE_A4,4758.17,0.0,C_MULE_A5,1021.89,31755.6,1
27,DEBIT,361.96,C100011,11004.19,10642.23,C100183,29023.85,29385.81,0
37,CASH_OUT,39.24,C100335,45533.66,45494.42,C100449,6289.89,6329.13,0
5,PAYMENT,2029.91,C100088,41840.19,39810.28,C100250,7650.35,9680.26,0
77,TRANSFER,233.51,C100401,3526.99,3293.48,C100384,22723.25,22956.76,0
49,TRANSFER,162.53,C100378,10497.91,10335.38,C100341,14780.4,14942.93,0
11,PAYMENT,379.52,C100015,21819.04,21439.52,C100169,21695.17,22074.69,0
81,DEBIT,214.5,C100073,25651.2,25436.7,C100385,21466.13,21680.63,0
90,CASH_IN,32.24,C100489,6020.76,5988.52,C100054,24721.75,24753.99,0
28,TRANSFER,24056.22,C_MULE_A2,4246.53,0.0,C_MULE_A3,1785.41,25841.63,1
7,PAYMENT,157.48,C100042,44256.48,44099.0,C100482,29459.37,29616.85,0
21,DEBIT,149.19,C100345,1929.92,1780.73,C100230,26182.55,26331.74,0
69,CASH_OUT,78.72,C100481,13587.65,13508.93,C100440,16188.69,16267.41,0
89,TRANSFER,108.84,C100405,46683.34,46574.5,C100076,18905.25,19014.09,0
32,DEBIT,314.04,C100056,9502.14,9188.1,C100089,15710.87,16024.91,0
87,CASH_OUT,23.52,C100435,44564.77,44541.25,C100468,29409.9,29433.42,0
88,DEBIT,466.46,C100305,22501.25,22034.79,C100128,14995.22,15461.68,0
52,CASH_OUT,119.0,C100351,23731.92,23612.92,C100102,2177.25,2296.25,0
37,PAYMENT,257.92,C100227,10954.1,10696.18,C100190,15832.43,16090.35,0
72,CASH_IN,123.3,C100485,25966.88,25843.58,C100394,29642.32,29765.62,0
28,TRANSFER,2219.61,C100458,23373.45,21153.84,C100294,12571.13,14790.74,0
16,TRANSFER,78.53,C100432,34516.86,34438.33,C100115,626.86,705.39,0
42,CASH_OUT,70.84,C100482,33085.61,33014.77,C100119,21860.89,21931.73,0
15,DEBIT,119.54,C100040,6081.07,5961.53,C100017,13234.95,13354.49,0
67,CASH_OUT,143.11,C100299,14719.6,14576.49,C100169,1465.19,1608.3,0
58,CASH_IN,438.83,C100360,44469.39,44030.56,C100257,19516.47,19955.3,0
27,CASH_OUT,116.53,C100217,9001.74,8885.21,C100207,12457.31,12573.84,0
22,TRANSFER,290.95,C100223,44747.42,44456.47,C100413,27925.65,28216.6,0
51,TRANSFER,133.21,C100443,28392.75,28259.54,C100047,13496.81,13630.02,0
20,DEBIT,64.37,C100442,23840.67,23776.3,C100126,7767.64,7832.01,0
4,CASH_OUT,341.24,C100196,6802.57,6461.33,C100029,22751.42,23092.66,0
19,CASH_OUT,17.28,C100259,17403.17,17385.89,C100376,1041.85,1059.13,0
31,TRANSFER,45.08,C100342,43200.03,43154.95,C100374,9599.19,9644.27,0
77,CASH_OUT,296.66,C100058,30932.78,30636.12,C100236,11457.62,11754.28,0
57,DEBIT,99.76,C100273,47669.32,47569.56,C100216,19534.86,19634.62,0
18,CASH_IN,47.51,C100193,49381.6,49334.09,C100298,3997.09,4044.6,0
35,DEBIT,764.61,C100422,41755.83,40991.22,C100387,22156.12,22920.73,0
96,CASH_IN,85.07,C100334,18921.13,18836.06,C100141,28155.49,28240.56,0
83,TRANSFER,515.63,C100311,1248.53,732.9,C100322,5015.08,5530.71,0
5,CASH_OUT,16.47,C100321,23453.27,23436.8,C100394,18947.08,18963.55,0
34,CASH_OUT,23504.55,C_MULE_B3,3836.49,0.0,C_MULE_B1,1636.03,25140.58,1
78,CASH_IN,285.66,C100108,39517.63,39231.97,C100450,4100.61,4386.27,0
23,PAYMENT,261.22,C100464,21872.08,21610.86,C100008,29948.18,30209.4,0
48,TRANSFER,126.14,C100198,24156.26,24030.12,C100267,4519.49,4645.63,0
19,TRANSFER,71.43,C100258,23449.04,23377.61,C100041,15279.75,15351.18,0
47,CASH_OUT,15823.74,C_MULE_C5,4232.82,0.0,C_MULE_C6,1864.59,17688.33,1
48,PAYMENT,391.13,C100389,49055.02,48663.89,C100197,3633.86,4024.99,0
9,TRANSFER,39.25,C100411,39254.31,39215.06,C100221,20965.44,21004.69,0
92,DEBIT,20.95,C100364,10455.17,10434.22,C100018,29124.61,29145.56,0
66,TRANSFER,272.32,C100356,24531.54,24259.22,C100169,27184.36,27456.68,0
59,PAYMENT,116.36,C100443,20608.44,20492.08,C100213,16145.67,16262.03,0
12,TRANSFER,85.25,C100420,10857.16,10771.91,C100209,13409.33,13494.58,0
49,DEBIT,105.86,C100133,11190.09,11084.23,C100173,29385.1,29490.96,0
69,DEBIT,688.84,C100282,11367.44,10678.6,C100481,13710.57,14399.41,0
10,CASH_OUT,137.99,C100149,11737.37,11599.38,C100123,24180.54,24318.53,0
28,PAYMENT,444.16,C100127,9765.95,9321.79,C100069,29699.29,30143.45,0
5,PAYMENT,104.26,C100044,42021.33,41917.07,C100095,29538.32,29642.58,0
6,CASH_OUT,366.59,C100117,11464.7,11098.11,C100281,24409.85,24776.44,0
96,CASH_IN,72.67,C100219,17275.13,17202.46,C100068,10890.32,10962.99,0
56,PAYMENT,68.13,C100335,25237.88,25169.75,C100392,16655.85,16723.98,0
33,CASH_OUT,70.2,C100305,36071.18,36000.98,C100044,18232.83,18303.03,0
34,PAYMENT,231.73,C100065,24205.55,23973.82,C100155,28085.39,28317.12,0
62,PAYMENT,53.85,C100497,25289.16,25235.31,C100300,16523.09,16576.94,0
76,DEBIT,102.9,C100405,26357.7,26254.8,C100289,6869.91,6972.81,0
17,TRANSFER,22369.67,C_MULE_A5,4437.85,0.0,C_MULE_A2,1021.79,23391.46,1
79,CASH_IN,121.06,C100226,6222.57,6101.51,C100201,13829.45,13950.51,0
79,DEBIT,49.61,C100063,9999.36,9949.75,C100072,22868.36,22917.97,0
29,DEBIT,125.48,C100453,36829.43,36703.95,C100365,25809.23,25934.71,0
44,CASH_OUT,119.11,C100491,36617.57,36498.46,C100153,4501.43,4620.54,0
51,DEBIT,104.61,C100195,9100.75,8996.14,C100040,12121.33,12225.94,0
90,TRANSFER,122.57,C100404,47356.96,47234.39,C100046,13188.49,13311.06,0
21,CASH_IN,137.68,C100002,20185.05,20047.37,C100292,25905.77,26043.45,0
14,TRANSFER,873.05,C100465,19941.76,19068.71,C100013,14130.66,15003.71,0
25,TRANSFER,810.56,C100062,8489.31,7678.75,C100388,3207.59,4018.15,0
55,CASH_OUT,699.85,C100415,49609.05,48909.2,C100142,21909.33,22609.18,0
72,CASH_OUT,58.18,C100214,30296.94,30238.76,C100241,1379.91,1438.09,0
13,CASH_IN,121.38,C100139,30208.76,30087.38,C100483,21893.33,22014.71,0
57,CASH_OUT,223.88,C100371,42086.03,41862.15,C100358,28571.92,28795.8,0
49,TRANSFER,14.93,C100199,38668.12,38653.19,C100258,7599.7,7614.63,0
84,DEBIT,56.29,C100285,39444.73,39388.44,C100135,16085.52,16141.81,0
82,TRANSFER,235.79,C100406,27661.73,27425.94,C100347,2234.37,2470.16,0
74,CASH_OUT,37.82,C100051,19643.94,19606.12,C100029,23533.95,23571.77,0
14,TRANSFER,122.07,C100410,15965.57,15843.5,C100054,22439.29,22561.36,0
99,DEBIT,15.06,C100041,26288.05,26272.99,C100463,19957.3,19972.36,0
70,CASH_IN,194.95,C100355,45129.19,44934.24,C100466,23801.19,23996.14,0
15,TRANSFER,201.69,C100218,2998.46,2796.77,C100136,21885.74,22087.43,0
15,CASH_IN,40.19,C100061,15898.89,15858.7,C100486,14480.25,14520.44,0
67,DEBIT,136.6,C100084,45362.31,45225.71,C100206,16497.75,16634.35,0
29,PAYMENT,141.02,C100013,19207.12,19066.1,C100482,9865.02,10006.04,0
4,DEBIT,216.6,C100158,33106.36,32889.76,C100285,4888.04,5104.64,0
48,CASH_OUT,45.54,C100033,45409.39,45363.85,C100059,26593.88,26639.42,0
8,CASH_IN,215.34,C100231,35612.23,35396.89,C100102,15325.18,15540.52,0
30,PAYMENT,205.8,C100486,25771.04,25565.24,C100115,28757.22,28963.02,0
74,CASH_OUT,458.12,C100100,40574.9,40116.78,C100415,27518.38,27976.5,0
93,DEBIT,163.57,C100138,28952.59,28789.02,C100264,9903.18,10066.75,0
35,TRANSFER,139.81,C100160,27491.42,27351.61,C100123,1569.15,1708.96,0
93,PAYMENT,93.59,C100225,24709.96,24616.37,C100430,21785.81,21879.4,0
46,TRANSFER,555.49,C100453,25794.74,25239.25,C100196,13743.96,14299.45,0
11,PAYMENT,68.62,C100444,25375.58,25306.96,C100281,19010.64,19079.26,0
91,DEBIT,1669.23,C100458,13637.39,11968.16,C100335,24707.35,26376.58,0
82,TRANSFER,22.23,C100456,45922.38,45900.15,C100097,10830.08,10852.31,0
89,PAYMENT,356.58,C100352,23223.44,22866.86,C100247,7227.89,7584.47,0
9,DEBIT,57.42,C100009,2782.03,2724.61,C100330,13198.25,13255.67,0
18,CASH_IN,144.27,C100172,19782.59,19638.32,C100314,15221.79,15366.06,0
57,TRANSFER,164.87,C100221,12509.44,12344.57,C100394,12780.36,12945.23,0
52,DEBIT,148.01,C100092,26353.39,26205.38,C100498,19995.37,20143.38,0
71,TRANSFER,512.67,C100266,21601.29,21088.62,C100239,24366.61,24879.28,0
69,CASH_IN,52.67,C100121,34217.67,34165.0,C100074,26947.2,26999.87,0
98,TRANSFER,430.02,C100444,40605.96,40175.94,C100298,17927.83,18357.85,0
72,PAYMENT,482.57,C100156,34266.38,33783.81,C100235,5563.09,6045.66,0
85,PAYMENT,308.46,C100349,24134.11,23825.65,C100499,21978.19,22286.65,0
23,CASH_OUT,500.44,C100199,35681.5,35181.06,C100269,26230.49,26730.93,0
40,CASH_OUT,107.82,C100067,26837.28,26729.46,C100440,17689.38,17797.2,0
52,DEBIT,14.74,C100361,30319.1,30304.36,C100156,24470.94,24485.68,0
34,CASH_OUT,105.39,C100064,22581.16,22475.77,C100491,9133.53,9238.92,0
97,TRANSFER,303.94,C100367,31795.78,31491.84,C100124,16155.72,16459.66,0
82,CASH_OUT,344.71,C100333,15895.19,15550.48,C100478,18039.62,18384.33,0
53,CASH_IN,217.63,C100183,37171.73,36954.1,C100063,10849.21,11066.84,0
53,PAYMENT,162.66,C100123,12584.31,12421.65,C100437,26613.82,26776.48,0
60,TRANSFER,584.9,C100326,1887.51,1302.61,C100139,27361.36,27946.26,0
48,DEBIT,76.52,C100415,21568.2,21491.68,C100123,22172.57,22249.09,0
78,CASH_OUT,268.49,C100105,4570.69,4302.2,C100117,16845.7,17114.19,0
98,DEBIT,208.96,C100092,37234.57,37025.61,C100044,17615.04,17824.0,0
29,DEBIT,101.88,C100257,42272.92,42171.04,C100037,3497.26,3599.14,0
15,CASH_OUT,448.0,C100069,6426.44,5978.44,C100161,17816.04,18264.04,0
54,CASH_IN,155.68,C100089,19688.13,19532.45,C100134,17009.41,17165.09,0
57,DEBIT,26.13,C100132,6278.22,6252.09,C100484,9474.1,9500.23,0
40,CASH_OUT,909.08,C100259,24537.3,23628.22,C100458,11279.66,12188.74,0
36,PAYMENT,272.6,C100411,28238.48,27965.88,C100465,15902.41,16175.01,0
44,TRANSFER,118.49,C100214,33789.57,33671.08,C100128,1761.42,1879.91,0
93,PAYMENT,49.52,C100499,13213.12,13163.6,C100124,8421.07,8470.59,0
37,DEBIT,31.28,C100339,24058.89,24027.61,C100199,14987.4,15018.68,0
96,TRANSFER,129.3,C100121,17644.53,17515.23,C100317,20527.66,20656.96,0
18,PAYMENT,65.88,C100424,28779.22,28713.34,C100179,14164.25,14230.13,0
73,TRANSFER,133.82,C100430,28788.29,28654.47,C100225,16133.94,16267.76,0
10,TRANSFER,265.85,C100218,39292.22,39026.37,C100078,18515.1,18780.95,0
15,PAYMENT,176.11,C100132,44638.09,44461.98,C100143,9050.16,9226.27,0
20,PAYMENT,359.15,C100261,44268.56,43909.41,C100466,9506.65,9865.8,0
8,CASH_IN,34.95,C100046,6443.24,6408.29,C100465,11389.87,11424.82,0
40,CASH_IN,19.62,C100028,20957.52,20937.9,C100348,16570.56,16590.18,0
85,PAYMENT,446.95,C100414,27829.03,27382.08,C100289,13412.21,13859.16,0
82,CASH_OUT,42.18,C100416,43652.56,43610.38,C100438,6179.16,6221.34,0
30,CASH_IN,362.56,C100307,8440.6,8078.04,C100110,23058.21,23420.77,0
63,TRANSFER,69.97,C100220,44289.23,44219.26,C100211,12852.21,12922.18,0
70,DEBIT,118.59,C100233,36852.29,36733.7,C100012,29527.22,29645.81,0
52,TRANSFER,42.7,C100266,36597.35,36554.65,C100376,4210.21,4252.91,0
16,CASH_IN,105.24,C100129,45783.0,45677.76,C100188,5686.67,5791.91,0
8,TRANSFER,166.86,C100214,12960.97,12794.11,C100410,2100.62,2267.48,0
98,CASH_IN,20.86,C100177,49863.77,49842.91,C100315,10433.19,10454.05,0
4,PAYMENT,13.26,C100226,5538.72,5525.46,C100136,2281.03,2294.29,0
71,CASH_OUT,101.0,C100015,24581.16,24480.16,C100456,17094.31,17195.31,0
89,CASH_IN,173.99,C100224,8204.39,8030.4,C100409,6305.51,6479.5,0
25,PAYMENT,72.68,C100264,45812.03,45739.35,C100421,20607.79,20680.47,0
42,CASH_IN,443.55,C100126,32730.12,32286.57,C100032,9203.78,9647.33,0
5,CASH_IN,58.26,C100028,14448.41,14390.15,C100304,3051.29,3109.55,0
8,TRANSFER,38.61,C100417,46262.54,46223.93,C100336,16544.46,16583.07,0
35,CASH_IN,403.57,C100314,7880.82,7477.25,C100057,15191.19,15594.76,0
19,CASH_IN,320.69,C100312,2405.3,2084.61,C100292,19389.78,19710.47,0
86,DEBIT,101.81,C100244,29629.69,29527.88,C100424,25043.34,25145.15,0
5,TRANSFER,39.77,C100261,21268.97,21229.2,C100469,13120.7,13160.47,0
34,TRANSFER,448.81,C100294,46482.41,46033.6,C100096,27854.8,28303.61,0
15,DEBIT,216.44,C100382,25817.87,25601.43,C100115,16698.44,16914.88,0
78,TRANSFER,1850.32,C100425,16815.73,14965.41,C100010,28045.28,29895.6,0
60,CASH_OUT,977.2,C100215,27770.89,26793.69,C100460,6451.68,7428.88,0
16,DEBIT,183.06,C100304,9219.84,9036.78,C100323,13209.09,13392.15,0
91,TRANSFER,55.72,C100250,46375.99,46320.27,C100150,27388.98,27444.7,0
83,PAYMENT,120.68,C100009,48750.9,48630.22,C100460,6110.38,6231.06,0
30,DEBIT,58.14,C100173,2585.03,2526.89,C100118,26526.46,26584.6,0
87,PAYMENT,104.55,C100352,46452.42,46347.87,C100004,21854.47,21959.02,0
53,TRANSFER,78.06,C100057,49117.46,49039.4,C100003,12571.89,12649.95,0
69,CASH_OUT,57.32,C100259,18155.54,18098.22,C100475,1633.83,1691.15,0
2,CASH_IN,945.15,C100192,45573.72,44628.57,C100218,15092.21,16037.36,0
72,CASH_OUT,419.76,C100266,41653.75,41233.99,C100462,22785.95,23205.71,0
60,PAYMENT,91.48,C100366,48494.79,48403.31,C100047,22560.48,22651.96,0
67,DEBIT,141.35,C100111,34714.65,34573.3,C100291,4471.06,4612.41,0
1,PAYMENT,31.92,C100068,22054.72,22022.8,C100237,28410.13,28442.05,0
76,DEBIT,685.51,C100401,6662.74,5977.23,C100014,22196.4,22881.91,0
53,CASH_OUT,414.14,C100007,25280.07,24865.93,C100125,11164.45,11578.59,0
61,PAYMENT,252.08,C100449,47678.32,47426.24,C100460,27217.9,27469.98,0
23,DEBIT,169.81,C100207,20679.58,20509.77,C100014,8975.24,9145.05,0
58,CASH_IN,322.18,C100152,10866.41,10544.23,C100195,9595.95,9918.13,0
49,CASH_IN,57.63,C100368,7497.44,7439.81,C100457,9617.0,9674.63,0
10,TRANSFER,169.37,C100391,1718.26,1548.89,C100134,27028.68,27198.05,0
70,CASH_OUT,400.47,C100254,13793.2,13392.73,C100115,1049.15,1449.62,0
42,CASH_IN,67.8,C100495,18304.51,18236.71,C100302,21287.59,21355.39,0
91,TRANSFER,96.58,C100442,48966.04,48869.46,C100495,9227.66,9324.24,0
13,TRANSFER,148.27,C100117,35117.42,34969.15,C100293,2712.68,2860.95,0
64,CASH_OUT,229.37,C100438,23773.29,23543.92,C100237,5755.79,5985.16,0
26,PAYMENT,487.6,C100379,48702.48,48214.88,C100009,27510.43,27998.03,0
52,CASH_OUT,89.98,C100344,32767.78,32677.8,C100085,25790.17,25880.15,0
21,CASH_IN,93.04,C100228,27087.6,26994.56,C100141,29223.15,29316.19,0
97,PAYMENT,330.27,C100131,16041.84,15711.57,C100069,17115.09,17445.36,0
63,DEBIT,17.25,C100092,9960.11,9942.86,C100042,2131.79,2149.04,0
27,CASH_IN,483.42,C100223,29110.17,28626.75,C100234,24591.92,25075.34,0
42,DEBIT,187.76,C100214,47065.36,46877.6,C100206,18382.64,18570.4,0
43,CASH_IN,173.78,C100496,23454.77,23280.99,C100319,14656.77,14830.55,0
88,TRANSFER,44.54,C100420,6072.83,6028.29,C100326,16618.12,16662.66,0
72,TRANSFER,214.02,C100022,46842.84,46628.82,C100370,10983.62,11197.64,0
77,DEBIT,181.99,C100372,4840.27,4658.28,C100435,6758.1,6940.09,0
10,PAYMENT,95.51,C100281,7637.74,7542.23,C100177,18813.56,18909.07,0
38,CASH_OUT,261.01,C100447,45433.47,45172.46,C100424,9788.23,10049.24,0
97,CASH_OUT,167.92,C100390,43000.64,42832.72,C100100,1488.13,1656.05,0
22,CASH_IN,32.79,C100076,36258.86,36226.07,C100372,6545.47,6578.26,0
12,DEBIT,20.37,C100083,37415.63,37395.26,C100481,28801.41,28821.78,0
76,TRANSFER,33.85,C100442,39664.97,39631.12,C100427,9321.22,9355.07,0
70,PAYMENT,170.5,C100446,13871.48,13700.98,C100101,12780.4,12950.9,0
42,CASH_IN,1374.74,C100324,6236.77,4862.03,C100056,19503.97,20878.71,0
30,CASH_IN,348.28,C100168,43704.24,43355.96,C100357,26612.04,26960.32,0
9,PAYMENT,127.24,C100341,43478.91,43351.67,C100122,4033.7,4160.94,0
19,TRANSFER,86.59,C100223,2380.58,2293.99,C100354,14536.56,14623.15,0
40,CASH_OUT,67.85,C100470,45556.83,45488.98,C100222,877.06,944.91,0
47,PAYMENT,154.82,C100300,15032.85,14878.03,C100275,9509.71,9664.53,0
73,CASH_OUT,2605.03,C100346,20492.35,17887.32,C100057,26243.32,28848.35,0
58,DEBIT,41.92,C100182,29086.81,29044.89,C100157,28099.5,28141.42,0
40,TRANSFER,164.91,C100310,27089.94,26925.03,C100213,12919.28,13084.19,0
47,PAYMENT,158.33,C100398,37004.71,36846.38,C100140,24156.67,24315.0,0
33,CASH_OUT,2259.41,C100190,9277.32,7017.91,C100358,2043.14,4302.55,0
20,PAYMENT,194.34,C100331,48196.68,48002.34,C100202,20811.09,21005.43,0
24,PAYMENT,491.79,C100461,48583.79,48092.0,C100312,9191.42,9683.21,0
21,TRANSFER,456.22,C100082,45859.14,45402.92,C100380,12045.21,12501.43,0
46,TRANSFER,32121.1,C_MULE_B0,3779.47,0.0,C_MULE_B1,473.95,32595.05,1
23,CASH_OUT,30174.31,C_MULE_A2,3109.44,0.0,C_MULE_A3,1615.1,31789.41,1
25,PAYMENT,113.92,C100031,45412.89,45298.97,C100188,4288.31,4402.23,0
93,CASH_IN,361.22,C100392,10689.96,10328.74,C100372,25297.86,25659.08,0
77,CASH_IN,153.97,C100067,44458.09,44304.12,C100105,22834.15,22988.12,0
23,TRANSFER,160.33,C100077,7827.62,7667.29,C100353,3255.39,3415.72,0
40,CASH_IN,90.39,C100068,43179.63,43089.24,C100460,10789.33,10879.72,0
25,PAYMENT,157.24,C100286,29666.95,29509.71,C100240,28886.03,29043.27,0
20,TRANSFER,173.77,C100189,11545.33,11371.56,C100487,5609.56,5783.33,0
36,CASH_OUT,247.45,C100065,35678.91,35431.46,C100236,13334.16,13581.61,0
8,TRANSFER,1830.76,C100128,13599.19,11768.43,C100137,8016.84,9847.6,0
51,TRANSFER,123.89,C100100,48519.67,48395.78,C100050,14591.21,14715.1,0
35,DEBIT,184.4,C100292,2242.09,2057.69,C100343,18249.42,18433.82,0
3,PAYMENT,774.8,C100307,43447.29,42672.49,C100400,9248.45,10023.25,0
83,PAYMENT,208.33,C100248,16969.61,16761.28,C100066,21573.79,21782.12,0
80,CASH_OUT,105.36,C100203,15489.14,15383.78,C100067,15357.23,15462.59,0
99,CASH_IN,305.06,C100455,1562.38,1257.32,C100215,29466.62,29771.68,0
75,DEBIT,155.41,C100457,8369.37,8213.96,C100165,12318.17,12473.58,0
55,DEBIT,261.93,C100148,13660.14,13398.21,C100005,15354.65,15616.58,0
46,PAYMENT,153.04,C100143,29575.61,29422.57,C100409,16061.81,16214.85,0
11,TRANSFER,34061.27,C_MULE_B3,3516.42,0.0,C_MULE_B0,291.12,34352.39,1
80,CASH_IN,405.56,C100411,21996.8,21591.24,C100389,11279.82,11685.38,0
63,CASH_IN,136.25,C100459,26242.53,26106.28,C100363,24863.91,25000.16,0
93,CASH_IN,109.28,C100460,43904.39,43795.11,C100452,1499.16,1608.44,0
41,CASH_OUT,244.58,C100030,17812.63,17568.05,C100056,26227.52,26472.1,0
80,CASH_OUT,15.19,C100480,16153.58,16138.39,C100023,8376.81,8392.0,0
78,CASH_IN,242.26,C100222,20267.2,20024.94,C100344,23812.49,24054.75,0
51,PAYMENT,42.59,C100477,31032.75,30990.16,C100310,1741.16,1783.75,0
17,TRANSFER,99.8,C100454,7640.7,7540.9,C100319,16040.75,16140.55,0
88,DEBIT,360.55,C100303,40178.49,39817.94,C100067,21666.14,22026.69,0
91,CASH_OUT,129.25,C100098,34101.32,33972.07,C100320,1843.66,1972.91,0
52,CASH_IN,312.12,C100435,14354.04,14041.92,C100002,881.39,1193.51,0
9,CASH_OUT,99.63,C100493,24431.91,24332.28,C100263,28345.17,28444.8,0
20,CASH_OUT,62.92,C100245,19575.66,19512.74,C100071,28694.82,28757.74,0
91,TRANSFER,117.79,C100282,9989.9,9872.11,C100338,4499.73,4617.52,0
17,DEBIT,3639.86,C100056,20543.17,16903.31,C100160,28038.91,31678.77,0
65,TRANSFER,25.92,C100177,27819.73,27793.81,C100039,7955.82,7981.74,0
71,CASH_OUT,125.66,C100042,40841.6,40715.94,C100457,3016.68,3142.34,0
89,CASH_OUT,25.48,C100298,7962.67,7937.19,C100408,3636.92,3662.4,0
10,PAYMENT,280.93,C100308,3647.18,3366.25,C100112,26058.11,26339.04,0
73,CASH_OUT,1572.68,C100254,17449.16,15876.48,C100292,771.71,2344.39,0
88,TRANSFER,79.11,C100453,34882.89,34803.78,C100321,21264.36,21343.47,0
96,PAYMENT,549.13,C100420,22956.43,22407.3,C100299,15007.25,15556.38,0
14,DEBIT,123.29,C100327,42010.08,41886.79,C100368,25478.62,25601.91,0
48,TRANSFER,18.48,C100097,36828.92,36810.44,C100082,10679.22,10697.7,0
17,TRANSFER,383.85,C100145,5946.17,5562.32,C100074,17741.37,18125.22,0
32,DEBIT,17.83,C100469,11526.22,11508.39,C100216,3281.11,3298.94,0
57,CASH_IN,325.83,C100189,19249.89,18924.06,C100474,4352.07,4677.9,0
88,PAYMENT,129.21,C100172,27720.94,27591.73,C100376,6288.91,6418.12,0
79,DEBIT,696.26,C100233,37492.78,36796.52,C100163,27658.9,28355.16,0
52,TRANSFER,52.25,C100447,40991.2,40938.95,C100341,4239.87,4292.12,0
36,TRANSFER,44216.44,C_MULE_A3,2325.44,0.0,C_MULE_A0,1231.84,45448.28,1
16,TRANSFER,394.12,C100026,37795.45,37401.33,C100176,23975.54,24369.66,0
57,DEBIT,234.56,C100069,15601.52,15366.96,C100182,23991.65,24226.21,0
61,DEBIT,81.62,C100161,26631.81,26550.19,C100016,18869.91,18951.53,0
39,DEBIT,209.56,C100259,12791.37,12581.81,C100297,8832.98,9042.54,0
34,TRANSFER,22533.23,C_MULE_B0,4665.8,0.0,C_MULE_B4,731.87,23265.1,1
67,CASH_IN,72.51,C100045,16128.62,16056.11,C100437,26731.08,26803.59,0
21,CASH_OUT,30714.68,C_MULE_B1,3257.19,0.0,C_MULE_B3,490.13,31204.81,1
95,DEBIT,158.12,C100284,3964.19,3806.07,C100063,16613.29,16771.41,0
11,TRANSFER,324.22,C100372,23284.62,22960.4,C100173,9390.05,9714.27,0
20,CASH_OUT,64.87,C100361,12250.49,12185.62,C100032,6056.97,6121.84,0
2,CASH_IN,152.78,C100039,49798.07,49645.29,C100265,24124.74,24277.52,0
49,CASH_IN,244.99,C100307,10592.47,10347.48,C100157,18075.63,18320.62,0
71,CASH_OUT,43.26,C100196,25158.97,25115.71,C100464,27780.4,27823.66,0
20,CASH_OUT,90.48,C100078,31480.54,31390.06,C100092,29864.4,29954.88,0
35,TRANSFER,195.68,C100480,48100.26,47904.58,C100447,2060.84,2256.52,0
87,DEBIT,227.23,C100487,17814.36,17587.13,C100327,2054.95,2282.18,0
58,CASH_OUT,80.42,C100116,1498.84,1418.42,C100143,27161.3,27241.72,0
51,CASH_IN,207.06,C100208,6893.82,6686.76,C100419,5451.49,5658.55,0
38,TRANSFER,33.19,C100406,16319.41,16286.22,C100287,1306.07,1339.26,0
42,CASH_IN,145.23,C100398,39907.52,39762.29,C100288,15821.83,15967.06,0
56,TRANSFER,154.46,C100331,10728.27,10573.81,C100133,2873.88,3028.34,0
40,CASH_OUT,146.71,C100019,9877.93,9731.22,C100138,14992.36,15139.07,0
88,TRANSFER,91.42,C100363,18834.6,18743.18,C100422,28034.88,28126.3,0
79,PAYMENT,126.38,C100136,2428.32,2301.94,C100463,2840.83,2967.21,0
35,DEBIT,279.47,C100470,25588.81,25309.34,C100197,20755.42,21034.89,0
93,CASH_OUT,200.42,C100156,35555.05,35354.63,C100298,14497.21,14697.63,0
15,TRANSFER,17788.98,C_MULE_C1,3307.57,0.0,C_MULE_C0,686.64,18475.62,1
10,TRANSFER,52.38,C100146,5880.34,5827.96,C100027,6671.2,6723.58,0
27,DEBIT,232.49,C100231,2719.89,2487.4,C100314,28451.22,28683.71,0
79,DEBIT,141.87,C100305,24913.83,24771.96,C100215,28768.56,28910.43,0
34,TRANSFER,24576.0,C_MULE_C0,4838.55,0.0,C_MULE_C4,1264.67,25840.67,1
47,TRANSFER,50.66,C100169,33444.2,33393.54,C100112,22463.32,22513.98,0
78,PAYMENT,213.03,C100134,41932.18,41719.15,C100376,29763.83,29976.86,0
13,DEBIT,208.8,C100498,41827.29,41618.49,C100377,9345.91,9554.71,0
32,PAYMENT,85.54,C100276,14962.01,14876.47,C100343,27193.13,27278.67,0
20,DEBIT,492.41,C100164,46420.42,45928.01,C100068,12257.45,12749.86,0
88,PAYMENT,853.09,C100419,15172.29,14319.2,C100386,22448.53,23301.62,0
79,PAYMENT,68.79,C100034,29186.12,29117.33,C100123,11268.44,11337.23,0
6,CASH_IN,449.12,C100156,9200.35,8751.23,C100477,1985.13,2434.25,0
22,TRANSFER,29633.86,C_MULE_B1,4612.3,0.0,C_MULE_B0,926.7,30560.56,1
49,TRANSFER,56.17,C100179,9007.05,8950.88,C100224,7496.43,7552.6,0
14,DEBIT,122.32,C100462,36333.23,36210.91,C100339,23801.71,23924.03,0
18,TRANSFER,27.26,C100092,21725.52,21698.26,C100212,18462.6,18489.86,0
9,CASH_IN,66.23,C100196,1856.82,1790.59,C100448,1057.43,1123.66,0
90,CASH_OUT,166.27,C100376,19793.02,19626.75,C100446,29416.42,29582.69,0
48,TRANSFER,33428.63,C_MULE_B1,1966.25,0.0,C_MULE_B3,727.71,34156.34,1
60,DEBIT,96.96,C100369,49640.89,49543.93,C100498,9740.57,9837.53,0
68,DEBIT,92.34,C100187,26836.6,26744.26,C100005,6048.42,6140.76,0
85,TRANSFER,59.94,C100380,23648.01,23588.07,C100094,17899.67,17959.61,0
66,DEBIT,351.91,C100278,34644.81,34292.9,C100400,1337.48,1689.39,0
78,CASH_IN,171.18,C100403,37940.42,37769.24,C100112,10498.28,10669.46,0
23,CASH_OUT,249.97,C100104,44073.16,43823.19,C100385,11591.39,11841.36,0
72,DEBIT,90.93,C100075,42218.19,42127.26,C100356,6097.13,6188.06,0
66,TRANSFER,220.17,C100254,46627.53,46407.36,C100132,26025.41,26245.58,0
34,CASH_IN,150.16,C100250,36923.06,36772.9,C100268,23642.37,23792.53,0
40,TRANSFER,21168.63,C_MULE_A0,3804.54,0.0,C_MULE_A4,656.67,21825.3,1
36,TRANSFER,601.27,C100215,18742.46,18141.19,C100416,1632.7,2233.97,0
99,DEBIT,62.14,C100307,1985.14,1923.0,C100026,7735.39,7797.53,0
26,CASH_IN,24.66,C100462,22615.19,22590.53,C100451,731.78,756.44,0
7,TRANSFER,109.69,C100008,28030.81,27921.12,C100147,16732.03,16841.72,0
25,PAYMENT,82.92,C100309,3739.87,3656.95,C100011,18309.32,18392.24,0
81,CASH_OUT,224.43,C100214,21946.5,21722.07,C100397,4153.88,4378.31,0
46,DEBIT,127.96,C100303,15557.07,15429.11,C100083,12280.75,12408.71,0
76,CASH_IN,25.47,C100159,2544.79,2519.32,C100029,28753.37,28778.84,0
7,TRANSFER,903.48,C100288,11420.32,10516.84,C100216,11723.66,12627.14,0
58,CASH_IN,371.15,C100283,40801.57,40430.42,C100293,2454.64,2825.79,0
41,PAYMENT,70.4,C100128,13503.31,13432.91,C100007,23618.54,23688.94,0
35,DEBIT,55.58,C100423,16245.46,16189.88,C100118,5235.67,5291.25,0
26,PAYMENT,41.28,C100402,29899.31,29858.03,C100139,6675.22,6716.5,0
24,CASH_IN,605.7,C100278,25577.38,24971.68,C100052,16211.25,16816.95,0
36,DEBIT,1112.38,C100329,18166.13,17053.75,C100169,1198.37,2310.75,0
6,PAYMENT,440.3,C100250,12786.34,12346.04,C100447,27065.75,27506.05,0
40,DEBIT,110.15,C100150,4437.07,4326.92,C100205,8424.07,8534.22,0
36,CASH_OUT,298.35,C100309,37552.24,37253.89,C100133,16369.99,16668.34,0
9,DEBIT,62.98,C100132,11862.83,11799.85,C100035,3242.09,3305.07,0
45,TRANSFER,431.99,C100191,48815.97,48383.98,C100039,23259.46,23691.45,0
52,PAYMENT,557.32,C100403,6243.6,5686.28,C100159,26361.17,26918.49,0
81,CASH_OUT,45.37,C100477,44768.27,44722.9,C100325,3818.66,3864.03,0
31,CASH_OUT,132.26,C100044,24324.98,24192.72,C100383,4428.13,4560.39,0
47,CASH_OUT,21148.39,C_MULE_C3,3514.49,0.0,C_MULE_C5,913.79,22062.18,1
6,PAYMENT,299.59,C100347,24949.45,24649.86,C100061,6318.06,6617.65,0
85,DEBIT,130.66,C100198,32240.66,32110.0,C100037,14540.44,14671.1,0
69,PAYMENT,1219.05,C100259,15067.36,13848.31,C100161,819.85,2038.9,0
93,CASH_OUT,143.88,C100292,1982.74,1838.86,C100416,25190.5,25334.38,0
25,CASH_IN,467.2,C100025,8183.58,7716.38,C100482,24957.71,25424.91,0
27,PAYMENT,191.74,C100140,29810.54,29618.8,C100048,5736.74,5928.48,0
38,CASH_OUT,148.93,C100405,38356.12,38207.19,C100447,5891.77,6040.7,0
15,TRANSFER,30890.82,C_MULE_C3,1746.03,0.0,C_MULE_C0,870.12,31760.94,1
24,PAYMENT,466.82,C100426,39880.24,39413.42,C100041,12058.35,12525.17,0
31,PAYMENT,116.14,C100454,30972.3,30856.16,C100007,10664.02,10780.16,0
63,DEBIT,432.37,C100317,4267.98,3835.61,C100081,16478.01,16910.38,0
95,TRANSFER,214.99,C100391,21182.55,20967.56,C100203,24325.83,24540.82,0
31,TRANSFER,25519.72,C_MULE_C1,1523.36,0.0,C_MULE_C2,887.03,26406.75,1
33,DEBIT,14.82,C100055,46745.3,46730.48,C100175,19939.52,19954.34,0
79,TRANSFER,294.16,C100120,45865.52,45571.36,C100408,20379.31,20673.47,0
78,CASH_OUT,74.57,C100477,34486.11,34411.54,C100008,12697.46,12772.03,0
80,TRANSFER,46.28,C100250,19280.4,19234.12,C100301,9508.5,9554.78,0
77,DEBIT,90.26,C100402,20383.33,20293.07,C100149,7782.15,7872.41,0
83,TRANSFER,76.15,C100007,17127.78,17051.63,C100469,16222.25,16298.4,0
81,DEBIT,98.24,C100003,12828.69,12730.45,C100483,26690.54,26788.78,0
20,CASH_IN,105.21,C100224,7049.24,6944.03,C100172,5070.61,5175.82,0
74,CASH_IN,92.96,C100013,35596.11,35503.15,C100247,3499.21,3592.17,0
30,PAYMENT,39.97,C100069,10866.07,10826.1,C100251,24303.12,24343.09,0
32,DEBIT,167.59,C100189,26951.13,26783.54,C100277,6566.12,6733.71,0
50,DEBIT,1108.24,C100411,27828.33,26720.09,C100033,4480.79,5589.03,0
27,TRANSFER,37288.82,C_MULE_B1,3124.36,0.0,C_MULE_B4,1482.38,38771.2,1
11,TRANSFER,189.3,C100086,30831.5,30642.2,C100138,20533.26,20722.56,0
13,TRANSFER,87.13,C100059,39451.66,39364.53,C100489,13672.02,13759.15,0
18,DEBIT,127.9,C100377,4605.6,4477.7,C100240,18568.61,18696.51,0
98,TRANSFER,137.6,C100279,22547.27,22409.67,C100199,23670.3,23807.9,0
19,TRANSFER,19668.25,C_MULE_A5,2590.22,0.0,C_MULE_A1,1689.56,21357.81,1
10,TRANSFER,34038.46,C_MULE_C1,4267.57,0.0,C_MULE_C4,1306.95,35345.41,1
11,PAYMENT,10.24,C100451,27367.42,27357.18,C100090,23464.69,23474.93,0
39,TRANSFER,1167.76,C100074,35087.78,33920.02,C100385,20666.1,21833.86,0
18,CASH_OUT,40215.26,C_MULE_B0,2611.73,0.0,C_MULE_B1,68.14,40283.4,1
78,TRANSFER,55.22,C100356,48269.84,48214.62,C100461,23340.47,23395.69,0
89,PAYMENT,244.29,C100293,37439.32,37195.03,C100489,11760.98,12005.27,0
37,CASH_OUT,15757.02,C_MULE_B0,3158.67,0.0,C_MULE_B1,924.98,16682.0,1
92,TRANSFER,260.7,C100248,2226.81,1966.11,C100338,1606.12,1866.82,0
53,TRANSFER,54.96,C100003,14589.19,14534.23,C100190,1808.68,1863.64,0
80,DEBIT,32.52,C100089,1610.68,1578.16,C100045,8003.14,8035.66,0
72,TRANSFER,380.89,C100189,7858.06,7477.17,C100404,23926.33,24307.22,0
14,PAYMENT,185.0,C100073,5932.51,5747.51,C100398,28987.13,29172.13,0
29,TRANSFER,94.44,C100065,42070.78,41976.34,C100490,7817.34,7911.78,0
25,CASH_OUT,152.68,C100007,7660.33,7507.65,C100150,7317.62,7470.3,0
48,DEBIT,325.18,C100173,20351.56,20026.38,C100316,13298.16,13623.34,0
21,TRANSFER,44.23,C100190,30380.5,30336.27,C100089,23561.97,23606.2,0
98,TRANSFER,297.45,C100080,29799.71,29502.26,C100221,17482.58,17780.03,0
11,TRANSFER,148.7,C100171,37045.67,36896.97,C100007,2916.55,3065.25,0
11,TRANSFER,19852.24,C_MULE_A1,2803.67,0.0,C_MULE_A3,743.07,20595.31,1
92,TRANSFER,149.24,C100357,29310.79,29161.55,C100019,12876.98,13026.22,0
18,TRANSFER,30068.38,C_MULE_B4,3860.71,0.0,C_MULE_B2,514.26,30582.64,1
54,TRANSFER,97.57,C100138,7940.08,7842.51,C100222,29679.99,29777.56,0
23,DEBIT,129.04,C100342,32534.79,32405.75,C100367,19928.62,20057.66,0
63,DEBIT,120.9,C100156,19471.52,19350.62,C100145,14157.86,14278.76,0
69,CASH_OUT,127.26,C100050,15949.43,15822.17,C100132,16601.49,16728.75,0
15,TRANSFER,119.35,C100233,6857.15,6737.8,C100085,13180.17,13299.52,0
42,CASH_IN,142.21,C100286,13134.04,12991.83,C100218,17908.65,18050.86,0
5,PAYMENT,26.34,C100140,41707.81,41681.47,C100085,13179.31,13205.65,0
76,CASH_IN,121.71,C100005,44779.94,44658.23,C100383,7927.99,8049.7,0
89,PAYMENT,59.06,C100273,32997.78,32938.72,C100338,17357.61,17416.67,0
93,PAYMENT,198.33,C100422,45509.32,45310.99,C100480,4837.87,5036.2,0
64,DEBIT,66.2,C100055,24859.98,24793.78,C100459,29321.98,29388.18,0
24,CASH_IN,53.32,C100384,17511.61,17458.29,C100054,21179.39,21232.71,0
88,DEBIT,74.41,C100396,32543.54,32469.13,C100446,26750.69,26825.1,0
57,CASH_OUT,76.36,C100171,7028.39,6952.03,C100293,5272.3,5348.66,0
73,CASH_OUT,245.97,C100298,15790.7,15544.73,C100224,11486.69,11732.66,0
25,CASH_IN,230.08,C100276,17323.49,17093.41,C100258,4097.32,4327.4,0
13,CASH_OUT,401.9,C100273,16866.49,16464.59,C100170,4306.22,4708.12,0
99,CASH_IN,219.2,C100217,43365.22,43146.02,C100286,16864.65,17083.85,0
38,DEBIT,60.23,C100302,2556.21,2495.98,C100088,28875.01,28935.24,0
43,TRANSFER,250.41,C100358,21590.14,21339.73,C100493,24455.55,24705.96,0
61,DEBIT,214.35,C100136,29834.53,29620.18,C100173,17051.56,17265.91,0
81,PAYMENT,153.27,C100032,25172.28,25019.01,C100235,7746.48,7899.75,0
8,TRANSFER,68.27,C100352,47164.69,47096.42,C100233,11101.19,11169.46,0
97,CASH_OUT,285.27,C100308,39013.25,38727.98,C100384,12600.61,12885.88,0
79,CASH_IN,258.88,C100043,25031.31,24772.43,C100233,5079.34,5338.22,0
66,CASH_IN,17.09,C100027,40583.28,40566.19,C100376,4305.62,4322.71,0
42,CASH_IN,17.72,C100127,20920.16,20902.44,C100395,12772.26,12789.98,0
43,CASH_IN,183.19,C100455,49774.37,49591.18,C100371,21958.83,22142.02,0
11,PAYMENT,34.04,C100332,19087.18,19053.14,C100232,2215.67,2249.71,0
6,DEBIT,379.17,C100378,18099.62,17720.45,C100307,19943.49,20322.66,0
81,CASH_OUT,73.43,C100466,42360.26,42286.83,C100416,14793.56,14866.99,0
15,DEBIT,118.78,C100269,29320.65,29201.87,C100438,8476.51,8595.29,0
92,DEBIT,120.12,C100428,32858.76,32738.64,C100290,29572.15,29692.27,0
97,CASH_IN,690.72,C100415,30060.41,29369.69,C100224,7872.39,8563.11,0
25,DEBIT,33.28,C100240,9925.44,9892.16,C100038,20449.75,20483.03,0
45,TRANSFER,37213.27,C_MULE_A5,3975.22,0.0,C_MULE_A4,1787.87,39001.14,1
85,CASH_OUT,45.45,C100069,43079.0,43033.55,C100191,24257.46,24302.91,0
49,CASH_IN,366.11,C100228,22763.25,22397.14,C100056,2384.71,2750.82,0
56,TRANSFER,171.6,C100373,38153.99,37982.39,C100231,27814.9,27986.5,0
66,TRANSFER,100.05,C100185,6407.37,6307.32,C100139,6116.49,6216.54,0
5,PAYMENT,109.67,C100363,33166.73,33057.06,C100137,27973.13,28082.8,0
5,DEBIT,199.31,C100307,49481.62,49282.31,C100391,18710.16,18909.47,0
47,TRANSFER,132.62,C100450,17017.13,16884.51,C100382,28808.5,28941.12,0
76,CASH_OUT,95.14,C100113,6413.25,6318.11,C100472,14384.21,14479.35,0
25,TRANSFER,80.07,C100431,20580.02,20499.95,C100403,5960.47,6040.54,0
25,CASH_IN,78.81,C100341,6789.11,6710.3,C100436,20636.29,20715.1,0
53,TRANSFER,2709.66,C100420,24770.48,22060.82,C100443,8266.42,10976.08,0
37,CASH_IN,203.03,C100395,47348.23,47145.2,C100076,6018.58,6221.61,0
2,CASH_IN,141.87,C100367,11944.07,11802.2,C100023,22246.52,22388.39,0
40,CASH_OUT,46.83,C100257,16061.79,16014.96,C100447,29394.72,29441.55,0
23,PAYMENT,271.6,C100057,41559.77,41288.17,C100072,21372.88,21644.48,0
97,PAYMENT,74.98,C100287,44463.6,44388.62,C100259,950.54,1025.52,0
24,TRANSFER,790.83,C100383,10770.11,9979.28,C100009,20209.95,21000.78,0
64,DEBIT,146.78,C100079,13245.0,13098.22,C100216,23208.64,23355.42,0
82,PAYMENT,289.9,C100082,16494.17,16204.27,C100325,25900.38,26190.28,0
76,CASH_OUT,57.99,C100187,5032.27,4974.28,C100012,17336.75,17394.74,0
27,PAYMENT,76.72,C100422,1191.55,1114.83,C100245,21733.73,21810.45,0
11,TRANSFER,28800.4,C_MULE_C2,4935.58,0.0,C_MULE_C4,421.16,29221.56,1
85,CASH_OUT,161.91,C100410,21802.02,21640.11,C100306,26202.82,26364.73,0
8,DEBIT,202.4,C100313,35330.6,35128.2,C100417,10051.57,10253.97,0
78,PAYMENT,290.99,C100330,8106.6,7815.61,C100490,27680.07,27971.06,0
88,TRANSFER,33.59,C100127,38907.43,38873.84,C100145,14665.85,14699.44,0
54,CASH_IN,69.75,C100254,45701.38,45631.63,C100407,10558.77,10628.52,0
25,PAYMENT,21.6,C100397,47198.74,47177.14,C100193,2541.59,2563.19,0
37,DEBIT,110.91,C100455,42029.02,41918.11,C100094,6809.44,6920.35,0
98,DEBIT,110.32,C100463,39048.24,38937.92,C100257,6906.15,7016.47,0
58,TRANSFER,1085.91,C100007,29389.73,28303.82,C100251,26223.65,27309.56,0
93,PAYMENT,62.46,C100084,43408.42,43345.96,C100066,29868.9,29931.36,0
5,DEBIT,125.74,C100053,4993.45,4867.71,C100216,5168.71,5294.45,0
56,CASH_IN,104.55,C100171,39035.97,38931.42,C100079,3835.36,3939.91,0
39,PAYMENT,210.11,C100432,47669.46,47459.35,C100010,6561.66,6771.77,0
28,CASH_OUT,728.91,C100114,34405.79,33676.88,C100040,25739.04,26467.95,0
60,PAYMENT,692.05,C100181,26806.6,26114.55,C100374,1368.09,2060.14,0
97,CASH_OUT,126.41,C100332,19817.28,19690.87,C100160,22787.98,22914.39,0
33,TRANSFER,576.15,C100207,3005.33,2429.18,C100245,4350.58,4926.73,0
21,TRANSFER,17.41,C100103,48961.0,48943.59,C100480,14583.23,14600.64,0
58,PAYMENT,1115.56,C100235,27822.45,26706.89,C100262,17066.0,18181.56,0
53,PAYMENT,61.22,C100178,27682.83,27621.61,C100486,11031.69,11092.91,0
63,PAYMENT,279.0,C100118,17683.33,17404.33,C100351,16981.88,17260.88,0
7,TRANSFER,626.56,C100497,30395.86,29769.3,C100134,15449.87,16076.43,0
14,DEBIT,67.95,C100059,14279.44,14211.49,C100231,10581.09,10649.04,0
11,PAYMENT,1014.13,C100243,49167.88,48153.75,C100465,15595.57,16609.7,0
19,TRANSFER,18.73,C100074,19923.56,19904.83,C100259,17944.28,17963.01,0
24,TRANSFER,22054.96,C_MULE_B1,4390.97,0.0,C_MULE_B4,1826.49,23881.45,1
31,PAYMENT,239.9,C100342,20910.59,20670.69,C100286,16683.38,16923.28,0
69,TRANSFER,136.33,C100057,17583.29,17446.96,C100329,19730.32,19866.65,0
36,TRANSFER,17830.61,C_MULE_A3,3520.77,0.0,C_MULE_A4,294.43,18125.04,1
25,TRANSFER,39.77,C100125,25924.29,25884.52,C100016,7466.73,7506.5,0
36,CASH_OUT,165.11,C100208,45994.58,45829.47,C100220,5140.45,5305.56,0
19,CASH_IN,156.56,C100162,19343.16,19186.6,C100484,29381.11,29537.67,0
59,CASH_IN,114.74,C100401,47843.12,47728.38,C100332,8993.77,9108.51,0
84,CASH_IN,45.4,C100265,8978.99,8933.59,C100037,28628.14,28673.54,0
56,TRANSFER,220.93,C100404,7834.49,7613.56,C100020,27766.09,27987.02,0
61,TRANSFER,659.33,C100365,18048.81,17389.48,C100085,19306.24,19965.57,0
87,DEBIT,84.71,C100289,31693.77,31609.06,C100469,1339.91,1424.62,0
13,TRANSFER,1505.84,C100042,32559.51,31053.67,C100381,14104.75,15610.59,0
82,PAYMENT,161.76,C100239,17648.97,17487.21,C100330,8660.33,8822.09,0
44,DEBIT,256.54,C100401,37246.04,36989.5,C100456,14902.18,15158.72,0
94,PAYMENT,1185.22,C100468,39211.44,38026.22,C100286,945.19,2130.41,0
32,DEBIT,408.15,C100486,20087.34,19679.19,C100134,1168.71,1576.86,0
31,TRANSFER,584.07,C100346,6025.43,5441.36,C100213,1601.41,2185.48,0
79,CASH_IN,180.61,C100335,22606.87,22426.26,C100120,6429.49,6610.1,0
70,DEBIT,84.88,C100190,10624.44,10539.56,C100029,9904.04,9988.92,0
70,DEBIT,101.19,C100244,23090.51,22989.32,C100410,13608.63,13709.82,0
28,TRANSFER,42393.22,C_MULE_A1,2129.55,0.0,C_MULE_A4,1217.79,43611.01,1
98,TRANSFER,201.53,C100404,23586.0,23384.47,C100290,24692.72,24894.25,0
68,CASH_OUT,43.76,C100459,26546.74,26502.98,C100485,16525.6,16569.36,0
46,PAYMENT,276.1,C100036,2797.94,2521.84,C100054,26408.52,26684.62,0
27,DEBIT,223.66,C100013,3288.11,3064.45,C100098,29954.67,30178.33,0
83,CASH_OUT,246.72,C100447,33883.82,33637.1,C100446,7922.05,8168.77,0
4,TRANSFER,154.78,C100077,18010.6,17855.82,C100075,13257.71,13412.49,0
91,TRANSFER,108.78,C100079,49307.41,49198.63,C100183,21098.14,21206.92,0
97,CASH_OUT,676.02,C100080,31084.93,30408.91,C100094,21914.32,22590.34,0
63,CASH_IN,54.12,C100374,1977.51,1923.39,C100060,25343.24,25397.36,0
46,CASH_OUT,305.78,C100458,46807.49,46501.71,C100081,19500.25,19806.03,0
15,CASH_OUT,117.42,C100145,35353.99,35236.57,C100205,27100.16,27217.58,0
35,DEBIT,68.3,C100049,10272.16,10203.86,C100310,9162.26,9230.56,0
18,DEBIT,71.9,C100488,31610.09,31538.19,C100202,16617.59,16689.49,0
32,PAYMENT,77.38,C100094,20199.82,20122.44,C100245,14040.55,14117.93,0
24,TRANSFER,113.52,C100004,5161.55,5048.03,C100333,5609.71,5723.23,0
36,PAYMENT,888.41,C100485,43151.84,42263.43,C100293,8297.85,9186.26,0
94,DEBIT,119.1,C100406,26277.33,26158.23,C100372,3754.52,3873.62,0
87,CASH_IN,587.82,C100131,38949.28,38361.46,C100023,20395.25,20983.07,0
16,PAYMENT,274.94,C100311,48992.02,48717.08,C100375,1347.2,1622.14,0
76,DEBIT,108.3,C100365,20341.05,20232.75,C100233,9267.75,9376.05,0
91,CASH_IN,56.01,C100470,15839.05,15783.04,C100471,15543.37,15599.38,0
84,DEBIT,313.97,C100487,16239.55,15925.58,C100317,15632.96,15946.93,0
10,CASH_OUT,40.1,C100331,48581.75,48541.65,C100301,25307.32,25347.42,0
67,CASH_OUT,89.62,C100028,14849.95,14760.33,C100464,11377.69,11467.31,0
35,CASH_IN,569.96,C100406,33240.12,32670.16,C100041,27618.7,28188.66,0
50,CASH_IN,44.4,C100493,8869.59,8825.19,C100087,16983.87,17028.27,0
6,DEBIT,536.05,C100033,39493.23,38957.18,C100213,15509.28,16045.33,0
88,CASH_IN,311.74,C100429,28616.67,28304.93,C100140,23798.89,24110.63,0
92,DEBIT,211.28,C100380,31616.87,31405.59,C100160,20653.95,20865.23,0
22,CASH_OUT,22136.37,C_MULE_C6,4105.95,0.0,C_MULE_C5,1160.27,23296.64,1
28,CASH_OUT,441.51,C100005,10285.0,9843.49,C100184,3684.52,4126.03,0
72,CASH_IN,52.58,C100477,21726.83,21674.25,C100102,13482.77,13535.35,0
74,DEBIT,626.29,C100171,21449.51,20823.22,C100114,21121.14,21747.43,0
23,PAYMENT,214.96,C100176,14471.1,14256.14,C100015,21209.33,21424.29,0
50,TRANSFER,80.14,C100292,15524.86,15444.72,C100477,3358.09,3438.23,0
10,CASH_IN,705.73,C100202,18441.05,17735.32,C100249,19396.23,20101.96,0
25,CASH_IN,606.13,C100394,22269.72,21663.59,C100226,14701.41,15307.54,0
60,TRANSFER,709.37,C100376,41502.69,40793.32,C100419,15836.78,16546.15,0
48,CASH_OUT,67.77,C100019,33772.1,33704.33,C100198,4339.25,4407.02,0
69,TRANSFER,168.54,C100018,31770.03,31601.49,C100097,3581.23,3749.77,0
7,TRANSFER,270.6,C100371,44152.2,43881.6,C100040,8548.23,8818.83,0
42,CASH_OUT,43.2,C100329,3049.49,3006.29,C100302,725.81,769.01,0
76,TRANSFER,108.96,C100201,36420.09,36311.13,C100379,3237.63,3346.59,0
73,PAYMENT,75.69,C100493,25622.96,25547.27,C100162,20112.51,20188.2,0
67,TRANSFER,64.5,C100023,7266.5,7202.0,C100169,23583.02,23647.52,0
70,CASH_IN,103.83,C100386,27083.82,26979.99,C100484,19023.29,19127.12,0
69,CASH_OUT,651.98,C100388,8896.39,8244.41,C100077,23778.66,24430.64,0
61,CASH_IN,156.29,C100078,6607.68,6451.39,C100398,26211.79,26368.08,0
45,TRANSFER,980.81,C100112,31299.87,30319.06,C100243,5870.47,6851.28,0
77,PAYMENT,121.89,C100004,10628.61,10506.72,C100270,27359.61,27481.5,0
17,TRANSFER,24938.09,C_MULE_A1,2882.94,0.0,C_MULE_A3,782.55,25720.64,1
95,PAYMENT,204.22,C100105,14332.29,14128.07,C100102,29815.49,30019.71,0
52,TRANSFER,67.06,C100170,47486.17,47419.11,C100405,27390.66,27457.72,0
51,PAYMENT,246.02,C100365,9053.17,8807.15,C100208,24111.67,24357.69,0
16,TRANSFER,500.73,C100280,35717.33,35216.6,C100177,25128.72,25629.45,0
59,TRANSFER,224.04,C100344,30756.93,30532.89,C100073,24463.07,24687.11,0
73,TRANSFER,469.26,C100474,35304.14,34834.88,C100423,23198.68,23667.94,0
88,PAYMENT,699.32,C100450,28244.06,27544.74,C100346,22958.19,23657.51,0
45,CASH_OUT,28398.14,C_MULE_A4,1525.05,0.0,C_MULE_A1,1522.49,29920.63,1
50,CASH_OUT,61.3,C100109,35672.29,35610.99,C100012,18645.55,18706.85,0
21,CASH_OUT,648.41,C100116,28650.41,28002.0,C100346,16805.79,17454.2,0
39,TRANSFER,37405.23,C_MULE_C5,3999.94,0.0,C_MULE_C3,1594.92,39000.15,1
20,CASH_OUT,137.75,C100112,41190.77,41053.02,C100455,18529.77,18667.52,0
24,CASH_OUT,287.05,C100492,43761.48,43474.43,C100469,12722.17,13009.22,0
25,CASH_IN,232.61,C100304,30038.15,29805.54,C100454,12091.44,12324.05,0
90,CASH_OUT,428.68,C100007,42653.35,42224.67,C100229,18076.86,18505.54,0
89,CASH_OUT,858.25,C100378,19109.52,18251.27,C100449,29274.85,30133.1,0
74,CASH_OUT,832.1,C100025,18336.72,17504.62,C100425,14203.22,15035.32,0
36,CASH_IN,186.65,C100194,1227.56,1040.91,C100439,21682.38,21869.03,0
68,CASH_IN,430.22,C100468,26137.48,25707.26,C100101,11300.67,11730.89,0
90,CASH_IN,129.85,C100470,22008.56,21878.71,C100362,15350.14,15479.99,0
29,CASH_IN,172.2,C100356,35639.53,35467.33,C100037,26494.43,26666.63,0
78,TRANSFER,174.39,C100083,34277.32,34102.93,C100230,26516.55,26690.94,0
2,CASH_OUT,45.02,C100452,24403.67,24358.65,C100200,602.87,647.89,0
59,DEBIT,68.54,C100239,23433.78,23365.24,C100011,19449.89,19518.43,0
46,TRANSFER,234.91,C100373,10337.45,10102.54,C100461,17327.94,17562.85,0
31,TRANSFER,263.09,C100444,34720.87,34457.78,C100248,14660.54,14923.63,0
25,CASH_IN,380.71,C100175,5084.2,4703.49,C100025,5103.06,5483.77,0
27,PAYMENT,82.12,C100032,9172.7,9090.58,C100035,19867.9,19950.02,0
51,PAYMENT,812.67,C100013,27391.73,26579.06,C100468,10078.42,10891.09,0
47,TRANSFER,272.18,C100389,29282.79,29010.61,C100127,17938.81,18210.99,0
64,CASH_OUT,667.38,C100493,20221.36,19553.98,C100499,14531.78,15199.16,0
2,CASH_IN,278.03,C100050,20252.75,19974.72,C100278,7933.78,8211.81,0
53,PAYMENT,133.67,C100281,12572.62,12438.95,C100248,6022.63,6156.3,0
7,CASH_OUT,226.4,C100352,36671.8,36445.4,C100044,6273.04,6499.44,0
61,PAYMENT,124.84,C100104,2361.53,2236.69,C100266,24151.73,24276.57,0
42,DEBIT,351.48,C100360,35633.99,35282.51,C100202,12799.23,13150.71,0
73,PAYMENT,150.81,C100123,28744.31,28593.5,C100073,22505.84,22656.65,0
38,DEBIT,51.43,C100435,42683.12,42631.69,C100021,27701.55,27752.98,0
15,TRANSFER,38834.87,C_MULE_B4,4327.3,0.0,C_MULE_B1,1185.35,40020.22,1
52,CASH_OUT,206.46,C100468,11164.12,10957.66,C100397,11823.07,12029.53,0
24,CASH_IN,120.88,C100274,18935.06,18814.18,C100106,18092.67,18213.55,0
81,CASH_IN,231.35,C100407,8387.93,8156.58,C100068,21941.89,22173.24,0
34,CASH_OUT,50.54,C100143,45560.76,45510.22,C100005,23508.13,23558.67,0
47,CASH_IN,89.6,C100456,13276.06,13186.46,C100474,12285.06,12374.66,0
47,TRANSFER,228.06,C100302,40753.21,40525.15,C100393,11511.66,11739.72,0
41,PAYMENT,126.55,C100011,4751.5,4624.95,C100392,14904.12,15030.67,0
12,DEBIT,279.47,C100280,48282.82,48003.35,C100254,23852.65,24132.12,0
41,CASH_IN,70.93,C100160,49921.26,49850.33,C100482,2583.54,2654.47,0
13,PAYMENT,458.34,C100245,30693.54,30235.2,C100216,23294.45,23752.79,0
83,PAYMENT,166.06,C100212,38981.89,38815.83,C100070,10283.76,10449.82,0
1,DEBIT,121.11,C100268,2716.67,2595.56,C100125,11705.9,11827.01,0
11,DEBIT,555.4,C100383,17771.34,17215.94,C100283,26853.63,27409.03,0
46,TRANSFER,37929.18,C_MULE_C4,2884.15,0.0,C_MULE_C2,88.75,38017.93,1
59,DEBIT,8.74,C100317,42130.87,42122.13,C100350,26355.09,26363.83,0
35,TRANSFER,24459.7,C_MULE_C5,3170.8,0.0,C_MULE_C2,1715.8,26175.5,1
4,DEBIT,223.84,C100091,2684.43,2460.59,C100086,2510.52,2734.36,0
42,TRANSFER,298.29,C100082,24807.72,24509.43,C100459,24686.31,24984.6,0
22,CASH_IN,150.24,C100291,2727.51,2577.27,C100407,29950.86,30101.1,0
72,DEBIT,25.93,C100134,44762.26,44736.33,C100191,5769.39,5795.32,0
86,DEBIT,77.45,C100489,2457.69,2380.24,C100249,26747.81,26825.26,0
78,CASH_OUT,208.7,C100318,29667.91,29459.21,C100344,13213.96,13422.66,0
43,TRANSFER,38537.68,C_MULE_B1,3966.77,0.0,C_MULE_B3,989.21,39526.89,1
28,TRANSFER,42077.44,C_MULE_A3,3823.0,0.0,C_MULE_A5,1957.87,44035.31,1
91,CASH_OUT,59.32,C100304,32858.75,32799.43,C100496,20760.37,20819.69,0
66,PAYMENT,156.84,C100360,44774.65,44617.81,C100178,4165.1,4321.94,0
33,DEBIT,60.74,C100275,40790.35,40729.61,C100302,10946.67,11007.41,0
52,CASH_IN,274.3,C100132,3324.27,3049.97,C100170,13261.25,13535.55,0
67,DEBIT,37.15,C100273,45090.3,45053.15,C100086,21230.47,21267.62,0
37,TRANSFER,36320.21,C_MULE_C1,2880.76,0.0,C_MULE_C4,1403.17,37723.38,1
74,CASH_IN,417.86,C100499,20504.07,20086.21,C100232,23560.28,23978.14,0
94,PAYMENT,21.81,C100337,14864.8,14842.99,C100471,28102.75,28124.56,0
84,CASH_OUT,122.98,C100427,26045.04,25922.06,C100105,19471.86,19594.84,0
89,PAYMENT,208.44,C100451,37098.65,36890.21,C100259,4327.33,4535.77,0
90,DEBIT,265.84,C100310,14130.14,13864.3,C100305,19282.73,19548.57,0
95,CASH_OUT,43.58,C100383,15232.61,15189.03,C100465,5965.86,6009.44,0
97,CASH_OUT,97.73,C100409,39523.47,39425.74,C100277,5487.06,5584.79,0
9,DEBIT,100.75,C100326,32235.35,32134.6,C100439,18886.21,18986.96,0
35,CASH_IN,19.67,C100325,16716.8,16697.13,C100059,11950.01,11969.68,0
9,DEBIT,292.68,C100098,26333.39,26040.71,C100487,13172.42,13465.1,0
96,PAYMENT,338.59,C100277,27415.74,27077.15,C100193,14314.04,14652.63,0
7,TRANSFER,125.88,C100031,46919.67,46793.79,C100422,1541.29,1667.17,0
92,DEBIT,154.89,C100285,29255.31,29100.42,C100162,17097.29,17252.18,0
53,CASH_OUT,35.29,C100419,40319.84,40284.55,C100494,23063.44,23098.73,0
69,DEBIT,72.51,C100033,38271.53,38199.02,C100418,29467.4,29539.91,0
9,CASH_OUT,179.74,C100365,11010.02,10830.28,C100182,4162.97,4342.71,0
49,CASH_IN,14.82,C100347,24144.69,24129.87,C100021,28036.25,28051.07,0
93,CASH_OUT,112.27,C100226,2252.96,2140.69,C100234,5399.64,5511.91,0
48,TRANSFER,95.55,C100467,33843.49,33747.94,C100171,21191.29,21286.84,0
41,CASH_OUT,34.46,C100238,31167.89,31133.43,C100036,9696.52,9730.98,0
65,TRANSFER,760.46,C100311,17635.82,16875.36,C100393,19855.86,20616.32,0
38,PAYMENT,84.53,C100003,4763.2,4678.67,C100241,4340.2,4424.73,0
82,PAYMENT,262.26,C100378,47368.34,47106.08,C100357,6718.12,6980.38,0
59,TRANSFER,43.97,C100037,9903.8,9859.83,C100072,8764.1,8808.07,0
96,CASH_OUT,258.02,C100121,35516.39,35258.37,C100099,18495.45,18753.47,0
83,DEBIT,836.64,C100402,9817.9,8981.26,C100094,27956.33,28792.97,0
20,PAYMENT,204.18,C100458,6230.24,6026.06,C100376,11934.2,12138.38,0
36,CASH_IN,115.3,C100120,15390.81,15275.51,C100219,4903.92,5019.22,0
11,TRANSFER,43052.83,C_MULE_B1,2263.14,0.0,C_MULE_B0,1584.64,44637.47,1
98,DEBIT,473.26,C100132,32178.78,31705.52,C100157,23926.95,24400.21,0
26,TRANSFER,313.66,C100467,8929.39,8615.73,C100065,10409.8,10723.46,0
20,CASH_OUT,41.36,C100006,6742.14,6700.78,C100289,9547.08,9588.44,0
67,CASH_IN,96.9,C100498,25108.71,25011.81,C100281,28266.53,28363.43,0
30,TRANSFER,46.03,C100442,15542.11,15496.08,C100292,20711.76,20757.79,0
48,TRANSFER,625.53,C100289,49152.73,48527.2,C100468,6604.6,7230.13,0
60,CASH_OUT,880.34,C100251,14063.41,13183.07,C100343,10988.85,11869.19,0
66,CASH_IN,187.64,C100268,35493.29,35305.65,C100319,18468.0,18655.64,0
99,CASH_OUT,82.34,C100358,10866.03,10783.69,C100420,14532.65,14614.99,0
41,TRANSFER,141.36,C100003,3871.95,3730.59,C100437,23980.55,24121.91,0
21,CASH_IN,2578.72,C100142,16158.22,13579.5,C100143,16282.59,18861.31,0
39,TRANSFER,782.68,C100455,7961.06,7178.38,C100333,23911.67,24694.35,0
6,TRANSFER,41.21,C100202,4075.15,4033.94,C100258,12428.76,12469.97,0
53,TRANSFER,45.98,C100491,44856.98,44811.0,C100207,7072.22,7118.2,0
52,DEBIT,42.3,C100265,45406.44,45364.14,C100109,21974.88,22017.18,0
18,CASH_OUT,77.28,C100051,4412.47,4335.19,C100284,25267.94,25345.22,0
72,CASH_IN,252.35,C100172,33050.28,32797.93,C100132,8834.54,9086.89,0
12,CASH_OUT,379.48,C100475,30732.19,30352.71,C100013,1704.77,2084.25,0
42,DEBIT,109.0,C100341,33016.43,32907.43,C100179,14789.07,14898.07,0
45,PAYMENT,58.97,C100161,17280.72,17221.75,C100101,19954.26,20013.23,0
21,DEBIT,450.91,C100402,30322.44,29871.53,C100040,10500.62,10951.53,0
22,CASH_OUT,30036.08,C_MULE_C6,4181.82,0.0,C_MULE_C4,1984.53,32020.61,1
29,PAYMENT,319.13,C100048,34600.58,34281.45,C100207,7725.32,8044.45,0
79,CASH_OUT,26.22,C100472,36545.05,36518.83,C100473,24041.37,24067.59,0
90,CASH_IN,92.51,C100025,7124.98,7032.47,C100037,4797.23,4889.74,0
32,DEBIT,1060.67,C100257,20766.32,19705.65,C100039,23300.16,24360.83,0
57,PAYMENT,253.53,C100230,39731.04,39477.51,C100116,5670.72,5924.25,0
6,CASH_IN,414.6,C100368,12760.95,12346.35,C100215,10497.18,10911.78,0
29,CASH_IN,664.8,C100280,29020.74,28355.94,C100430,9029.76,9694.56,0
14,DEBIT,186.63,C100367,20511.03,20324.4,C100195,13340.18,13526.81,0
34,TRANSFER,27046.31,C_MULE_A0,3080.9,0.0,C_MULE_A3,300.72,27347.03,1
8,CASH_OUT,311.71,C100053,24685.09,24373.38,C100295,1549.43,1861.14,0
71,CASH_IN,93.65,C100030,26492.35,26398.7,C100336,24646.49,24740.14,0
67,CASH_OUT,164.0,C100325,14120.78,13956.78,C100244,8968.97,9132.97,0
10,TRANSFER,35004.01,C_MULE_B2,4352.57,0.0,C_MULE_B0,882.1,35886.11,1
58,CASH_IN,70.0,C100081,19880.07,19810.07,C100320,16655.84,16725.84,0
97,PAYMENT,184.12,C100452,24032.65,23848.53,C100409,25251.33,25435.45,0
17,PAYMENT,416.88,C100221,20184.69,19767.81,C100280,12340.0,12756.88,0
32,PAYMENT,402.28,C100166,29117.58,28715.3,C100152,6488.27,6890.55,0
11,PAYMENT,31.32,C100292,3359.07,3327.75,C100166,19603.54,19634.86,0
32,TRANSFER,120.44,C100478,49915.84,49795.4,C100240,29929.59,30050.03,0
33,TRANSFER,30643.76,C_MULE_A3,2083.71,0.0,C_MULE_A4,560.49,31204.25,1
89,TRANSFER,750.76,C100180,35823.03,35072.27,C100318,2656.01,3406.77,0
96,PAYMENT,59.92,C100210,20016.48,19956.56,C100292,21152.02,21211.94,0
14,CASH_OUT,29.22,C100491,23556.66,23527.44,C100215,18950.91,18980.13,0
11,PAYMENT,483.82,C100318,37741.53,37257.71,C100043,24759.73,25243.55,0
38,DEBIT,73.55,C100201,39092.99,39019.44,C100433,23967.29,24040.84,0
16,TRANSFER,29398.06,C_MULE_B2,3808.58,0.0,C_MULE_B3,940.08,30338.14,1
92,CASH_OUT,141.52,C100329,27521.99,27380.47,C100340,23526.65,23668.17,0
95,DEBIT,109.2,C100082,7609.54,7500.34,C100293,9571.39,9680.59,0
41,TRANSFER,22103.47,C_MULE_C0,3426.16,0.0,C_MULE_C5,677.43,22780.9,1
82,CASH_OUT,745.51,C100324,32170.54,31425.03,C100215,8827.61,9573.12,0
71,CASH_IN,1373.37,C100320,28783.12,27409.75,C100266,27367.02,28740.39,0
4,CASH_OUT,314.1,C100126,4735.53,4421.43,C100095,885.44,1199.54,0
22,CASH_IN,165.85,C100166,29096.83,28930.98,C100087,6444.04,6609.89,0
25,PAYMENT,243.47,C100374,3469.52,3226.05,C100151,13836.89,14080.36,0
33,CASH_IN,417.08,C100088,27525.35,27108.27,C100022,728.49,1145.57,0
17,TRANSFER,520.23,C100252,25625.51,25105.28,C100390,26905.62,27425.85,0
7,TRANSFER,228.83,C100307,42252.72,42023.89,C100228,23536.13,23764.96,0
71,DEBIT,359.02,C100430,49243.54,48884.52,C100406,27707.24,28066.26,0
9,PAYMENT,133.72,C100054,33284.49,33150.77,C100229,19338.9,19472.62,0
57,TRANSFER,1368.98,C100010,30025.29,28656.31,C100430,21183.26,22552.24,0
67,TRANSFER,92.25,C100481,13044.13,12951.88,C100394,3432.11,3524.36,0
17,DEBIT,556.55,C100206,28172.65,27616.1,C100126,27727.21,28283.76,0
84,PAYMENT,44.83,C100468,1582.19,1537.36,C100260,12635.58,12680.41,0
28,CASH_OUT,571.86,C100375,4852.17,4280.31,C100062,11604.78,12176.64,0
60,CASH_OUT,167.89,C100049,12915.29,12747.4,C100320,4664.27,4832.16,0
47,PAYMENT,32.75,C100486,38021.0,37988.25,C100456,2447.7,2480.45,0
20,CASH_IN,645.92,C100110,35323.99,34678.07,C100072,4097.49,4743.41,0
57,TRANSFER,16.63,C100462,24994.57,24977.94,C100279,9290.31,9306.94,0
3,DEBIT,1806.7,C100128,7405.34,5598.64,C100420,9200.01,11006.71,0
27,CASH_OUT,80.67,C100138,2273.06,2192.39,C100106,21806.01,21886.68,0
90,TRANSFER,251.45,C100093,12516.05,12264.6,C100215,28163.23,28414.68,0
88,DEBIT,720.03,C100075,45809.54,45089.51,C100406,26936.32,27656.35,0
63,PAYMENT,293.71,C100061,29932.06,29638.35,C100487,11011.48,11305.19,0
97,CASH_OUT,62.32,C100353,39194.72,39132.4,C100232,744.2,806.52,0
45,CASH_IN,192.77,C100057,5340.09,5147.32,C100381,21441.1,21633.87,0
82,TRANSFER,39.02,C100491,9109.35,9070.33,C100361,7453.36,7492.38,0
40,DEBIT,161.72,C100047,33696.08,33534.36,C100193,7258.56,7420.28,0
31,PAYMENT,252.41,C100449,18382.9,18130.49,C100049,25060.79,25313.2,0
12,CASH_OUT,23.14,C100076,46788.14,46765.0,C100045,27000.81,27023.95,0
83,PAYMENT,424.67,C100199,27325.13,26900.46,C100131,21567.2,21991.87,0
98,DEBIT,254.44,C100412,12163.14,11908.7,C100250,27658.51,27912.95,0
90,CASH_IN,500.68,C100175,22516.16,22015.48,C100197,20584.02,21084.7,0
10,CASH_OUT,130.26,C100230,12090.32,11960.06,C100223,16011.6,16141.86,0
91,CASH_IN,348.73,C100490,38918.83,38570.1,C100137,2160.31,2509.04,0
28,DEBIT,75.89,C100279,15772.51,15696.62,C100033,5116.56,5192.45,0
95,CASH_IN,176.79,C100163,11261.39,11084.6,C100296,26301.41,26478.2,0
92,CASH_OUT,247.83,C100401,43911.34,43663.51,C100007,27009.36,27257.19,0
85,TRANSFER,48.7,C100280,10176.36,10127.66,C100382,4748.12,4796.82,0
98,DEBIT,113.08,C100449,16968.57,16855.49,C100254,27982.03,28095.11,0
10,DEBIT,23.3,C100153,1907.82,1884.52,C100117,27910.99,27934.29,0
30,CASH_OUT,24.98,C100106,39862.5,39837.52,C100243,12567.27,12592.25,0
9,CASH_IN,159.58,C100195,22989.82,22830.24,C100134,20736.85,20896.43,0
74,PAYMENT,629.61,C100297,33393.51,32763.9,C100011,22377.63,23007.24,0
72,TRANSFER,57.93,C100138,17814.65,17756.72,C100184,18401.77,18459.7,0
98,CASH_IN,515.3,C100021,15734.67,15219.37,C100376,13532.91,14048.21,0
6,DEBIT,291.8,C100389,32067.26,31775.46,C100367,1104.54,1396.34,0
19,CASH_IN,230.7,C100390,5526.14,5295.44,C100100,23767.64,23998.34,0
17,CASH_IN,227.22,C100267,39423.34,39196.12,C100413,17826.19,18053.41,0
64,DEBIT,103.33,C100074,21540.47,21437.14,C100180,25228.48,25331.81,0
18,CASH_IN,1032.77,C100412,35162.79,34130.02,C100304,1504.89,2537.66,0
39,TRANSFER,16654.64,C_MULE_B2,2251.07,0.0,C_MULE_B1,470.09,17124.73,1
84,TRANSFER,514.33,C100486,25999.32,25484.99,C100236,21385.93,21900.26,0
31,CASH_OUT,128.75,C100478,33594.83,33466.08,C100191,17561.69,17690.44,0
89,TRANSFER,355.3,C100437,12811.53,12456.23,C100395,2786.57,3141.87,0
46,CASH_OUT,13.83,C100422,8549.54,8535.71,C100334,6841.3,6855.13,0
93,CASH_IN,120.36,C100342,18083.69,17963.33,C100013,3777.79,3898.15,0
28,TRANSFER,47.71,C100032,1277.5,1229.79,C100187,1789.02,1836.73,0
34,PAYMENT,173.41,C100167,36491.36,36317.95,C100479,5121.36,5294.77,0
45,TRANSFER,188.86,C100285,28942.73,28753.87,C100074,17654.79,17843.65,0
60,TRANSFER,276.29,C100222,5605.22,5328.93,C100385,28958.72,29235.01,0
20,PAYMENT,135.61,C100495,27466.98,27331.37,C100188,29875.99,30011.6,0
99,PAYMENT,994.51,C100217,5220.56,4226.05,C100107,9014.65,10009.16,0
97,PAYMENT,152.67,C100311,6664.88,6512.21,C100032,14185.33,14338.0,0
99,TRANSFER,38.42,C100186,12838.47,12800.05,C100317,646.66,685.08,0
20,TRANSFER,130.42,C100046,43470.05,43339.63,C100199,4603.03,4733.45,0
11,CASH_OUT,279.15,C100421,26171.3,25892.15,C100432,2564.82,2843.97,0
20,DEBIT,137.64,C100029,15750.33,15612.69,C100127,21456.78,21594.42,0
1,PAYMENT,44.72,C100213,2033.59,1988.87,C100240,13331.62,13376.34,0
73,CASH_OUT,63.53,C100311,6786.3,6722.77,C100478,15445.23,15508.76,0
37,CASH_IN,60.9,C100275,45063.65,45002.75,C100449,17205.51,17266.41,0
4,CASH_IN,10.8,C100359,36992.19,36981.39,C100180,7008.36,7019.16,0
71,PAYMENT,153.98,C100244,35531.34,35377.36,C100233,7394.97,7548.95,0
83,TRANSFER,951.27,C100159,48157.67,47206.4,C100046,4766.16,5717.43,0
63,CASH_OUT,87.93,C100291,39560.08,39472.15,C100320,11821.25,11909.18,0
97,CASH_OUT,178.56,C100397,17942.27,17763.71,C100130,17023.17,17201.73,0
14,DEBIT,112.63,C100174,14689.24,14576.61,C100367,12055.32,12167.95,0
88,PAYMENT,27.43,C100381,35757.46,35730.03,C100352,11809.3,11836.73,0
10,DEBIT,253.37,C100268,42175.09,41921.72,C100359,22901.61,23154.98,0
62,DEBIT,164.9,C100167,20216.82,20051.92,C100015,6474.87,6639.77,0
77,CASH_IN,1253.31,C100325,49812.54,48559.23,C100245,13155.05,14408.36,0
61,TRANSFER,10.59,C100479,30779.25,30768.66,C100260,26597.73,26608.32,0
92,TRANSFER,402.57,C100466,22354.77,21952.2,C100069,12548.95,12951.52,0
77,CASH_OUT,196.77,C100264,36996.12,36799.35,C100491,23686.05,23882.82,0
26,PAYMENT,410.69,C100485,25201.61,24790.92,C100040,29592.45,30003.14,0
37,CASH_IN,182.36,C100062,20711.14,20528.78,C100184,27588.89,27771.25,0
43,TRANSFER,39775.18,C_MULE_A3,2465.5,0.0,C_MULE_A0,527.51,40302.69,1
92,TRANSFER,196.16,C100463,9880.94,9684.78,C100316,18101.05,18297.21,0
62,TRANSFER,49.52,C100184,3471.63,3422.11,C100162,3355.64,3405.16,0
29,CASH_IN,173.9,C100499,40650.46,40476.56,C100291,20070.3,20244.2,0
71,PAYMENT,255.16,C100137,41991.38,41736.22,C100100,27292.38,27547.54,0
2,CASH_IN,214.45,C100478,30792.72,30578.27,C100463,835.63,1050.08,0
20,CASH_OUT,142.7,C100061,9553.19,9410.49,C100414,19880.13,20022.83,0
21,TRANSFER,621.85,C100479,22990.73,22368.88,C100319,9043.08,9664.93,0
8,CASH_IN,116.01,C100033,1508.96,1392.95,C100417,3266.41,3382.42,0
63,DEBIT,363.41,C100183,26082.19,25718.78,C100025,26610.97,26974.38,0
98,DEBIT,187.78,C100319,42893.8,42706.02,C100406,1123.86,1311.64,0
17,PAYMENT,273.47,C100425,20474.89,20201.42,C100006,8287.8,8561.27,0
64,TRANSFER,414.35,C100419,6357.69,5943.34,C100093,13548.2,13962.55,0
27,PAYMENT,63.05,C100435,13069.77,13006.72,C100125,12254.17,12317.22,0
15,PAYMENT,92.71,C100235,40483.12,40390.41,C100307,24045.97,24138.68,0
12,PAYMENT,13.15,C100116,26694.1,26680.95,C100485,5054.7,5067.85,0
5,CASH_OUT,107.2,C100109,24213.43,24106.23,C100056,7600.93,7708.13,0
83,PAYMENT,247.38,C100346,30884.41,30637.03,C100459,18872.05,19119.43,0
38,CASH_OUT,51.85,C100385,24158.3,24106.45,C100473,16135.66,16187.51,0
65,TRANSFER,152.69,C100495,22334.36,22181.67,C100267,4835.4,4988.09,0
24,CASH_OUT,260.53,C100351,1523.5,1262.97,C100428,21307.06,21567.59,0
58,CASH_IN,440.67,C100039,22210.22,21769.55,C100313,25388.51,25829.18,0
7,DEBIT,121.91,C100339,41957.18,41835.27,C100156,28902.8,29024.71,0
4,CASH_OUT,170.11,C100461,19957.61,19787.5,C100412,20576.95,20747.06,0
89,CASH_OUT,94.16,C100424,31860.75,31766.59,C100423,26423.56,26517.72,0
11,TRANSFER,42.11,C100301,9684.8,9642.69,C100270,17740.28,17782.39,0
34,PAYMENT,279.09,C100200,7908.36,7629.27,C100241,24691.21,24970.3,0
81,CASH_OUT,43.89,C100132,6839.68,6795.79,C100322,7875.26,7919.15,0
32,CASH_IN,476.44,C100436,34756.75,34280.31,C100005,2115.94,2592.38,0
6,PAYMENT,128.39,C100381,49754.13,49625.74,C100163,1288.65,1417.04,0
10,PAYMENT,393.91,C100440,46702.17,46308.26,C100266,24982.69,25376.6,0
23,PAYMENT,304.9,C100171,12815.07,12510.17,C100247,17387.64,17692.54,0
95,CASH_OUT,39.43,C100300,8461.79,8422.36,C100014,9667.15,9706.58,0
71,DEBIT,44.39,C100208,7621.5,7577.11,C100029,20540.34,20584.73,0
74,TRANSFER,48.52,C100141,28953.76,28905.24,C100106,20642.55,20691.07,0
74,PAYMENT,21.53,C100251,45427.42,45405.89,C100166,20452.03,20473.56,0
44,CASH_OUT,42263.53,C_MULE_B4,2180.18,0.0,C_MULE_B0,1756.64,44020.17,1
99,DEBIT,131.58,C100389,34635.77,34504.19,C100085,12387.1,12518.68,0
50,TRANSFER,13.86,C100364,7892.44,7878.58,C100011,19729.34,19743.2,0
28,PAYMENT,198.64,C100466,24110.99,23912.35,C100170,1996.77,2195.41,0
36,PAYMENT,31.89,C100112,27293.34,27261.45,C100130,19374.13,19406.02,0
9,PAYMENT,260.55,C100197,41075.65,40815.1,C100391,28387.34,28647.89,0
20,CASH_IN,48.26,C100385,18293.69,18245.43,C100051,12175.26,12223.52,0
60,PAYMENT,55.88,C100234,28194.36,28138.48,C100220,8169.7,8225.58,0
27,TRANSFER,15061.95,C_MULE_B3,2601.12,0.0,C_MULE_B0,643.28,15705.23,1
80,PAYMENT,89.34,C100029,13367.28,13277.94,C100031,28165.66,28255.0,0
91,CASH_OUT,317.26,C100152,34781.58,34464.32,C100445,7233.35,7550.61,0
67,TRANSFER,186.53,C100061,45713.93,45527.4,C100046,29519.24,29705.77,0
67,CASH_OUT,242.3,C100049,40263.55,40021.25,C100227,7899.6,8141.9,0
88,CASH_OUT,245.74,C100110,45099.82,44854.08,C100105,21091.88,21337.62,0
90,TRANSFER,243.27,C100272,41228.1,40984.83,C100347,13258.18,13501.45,0
79,TRANSFER,93.22,C100282,45394.14,45300.92,C100498,25789.56,25882.78,0
87,TRANSFER,95.25,C100125,39883.57,39788.32,C100339,2155.74,2250.99,0
94,DEBIT,279.19,C100090,34045.61,33766.42,C100304,25596.27,25875.46,0
75,TRANSFER,508.06,C100029,29945.62,29437.56,C100160,17032.41,17540.47,0
99,CASH_OUT,85.23,C100415,32462.67,32377.44,C100107,27460.19,27545.42,0
6,CASH_OUT,205.48,C100096,10168.52,9963.04,C100310,1684.47,1889.95,0
77,CASH_OUT,73.23,C100475,20023.97,19950.74,C100143,24975.35,25048.58,0
46,DEBIT,439.97,C100268,26195.71,25755.74,C100344,7602.0,8041.97,0
11,DEBIT,235.74,C100256,8262.54,8026.8,C100003,14300.46,14536.2,0
51,DEBIT,153.59,C100254,14181.23,14027.64,C100103,20697.63,20851.22,0
60,DEBIT,157.52,C100394,42758.16,42600.64,C100424,22149.77,22307.29,0
33,CASH_OUT,297.82,C100475,17185.55,16887.73,C100162,20839.75,21137.57,0
94,PAYMENT,253.15,C100307,24176.04,23922.89,C100396,8802.2,9055.35,0
70,DEBIT,383.57,C100220,43983.89,43600.32,C100357,19803.12,20186.69,0
54,PAYMENT,77.07,C100240,23558.17,23481.1,C100050,3108.29,3185.36,0
31,PAYMENT,223.78,C100476,45115.47,44891.69,C100251,17350.02,17573.8,0
94,TRANSFER,30.2,C100024,40392.12,40361.92,C100154,12178.01,12208.21,0
75,TRANSFER,19.61,C100253,6996.21,6976.6,C100447,27064.37,27083.98,0
21,TRANSFER,93.21,C100133,28675.01,28581.8,C100155,27968.96,28062.17,0
9,PAYMENT,64.88,C100148,10407.18,10342.3,C100405,11738.91,11803.79,0
93,DEBIT,19.33,C100286,16879.85,16860.52,C100263,28464.94,28484.27,0
64,PAYMENT,212.55,C100488,38415.91,38203.36,C100025,8691.04,8903.59,0
43,PAYMENT,132.14,C100188,24069.7,23937.56,C100082,24173.15,24305.29,0
51,DEBIT,894.26,C100392,30611.68,29717.42,C100129,28597.54,29491.8,0
77,CASH_IN,81.98,C100326,46729.53,46647.55,C100118,23266.87,23348.85,0
85,CASH_IN,147.5,C100318,10349.96,10202.46,C100014,6594.96,6742.46,0
52,CASH_OUT,571.6,C100098,3707.15,3135.55,C100373,11140.16,11711.76,0
75,TRANSFER,43.94,C100053,40856.28,40812.34,C100472,20783.68,20827.62,0
21,PAYMENT,1117.59,C100106,27452.6,26335.01,C100422,10361.09,11478.68,0
65,PAYMENT,131.36,C100254,36752.94,36621.58,C100268,20604.23,20735.59,0
35,PAYMENT,46.04,C100129,4598.07,4552.03,C100425,6752.32,6798.36,0
52,TRANSFER,234.07,C100472,49202.64,48968.57,C100471,28684.21,28918.28,0
94,DEBIT,12.43,C100343,17329.92,17317.49,C100258,599.31,611.74,0
20,CASH_IN,155.48,C100088,13500.62,13345.14,C100035,14920.56,15076.04,0
48,CASH_OUT,174.5,C100477,33619.0,33444.5,C100347,14712.17,14886.67,0
18,CASH_OUT,219.79,C100116,26330.23,26110.44,C100317,1726.54,1946.33,0
84,TRANSFER,226.57,C100398,29877.64,29651.07,C100146,24047.81,24274.38,0
2,CASH_IN,87.78,C100209,23275.02,23187.24,C100343,5883.08,5970.86,0
42,DEBIT,67.79,C100084,17072.46,17004.67,C100498,6722.81,6790.6,0
4,CASH_OUT,141.16,C100382,40419.83,40278.67,C100297,3129.93,3271.09,0
50,TRANSFER,333.83,C100225,36129.24,35795.41,C100142,27415.9,27749.73,0
4,TRANSFER,643.76,C100039,42443.84,41800.08,C100460,6584.02,7227.78,0
48,DEBIT,22.11,C100086,16219.88,16197.77,C100250,24031.62,24053.73,0
85,CASH_OUT,42.05,C100248,13146.42,13104.37,C100163,10813.2,10855.25,0
77,DEBIT,556.72,C100124,12797.91,12241.19,C100463,28230.27,28786.99,0
84,TRANSFER,124.18,C100036,21853.11,21728.93,C100298,17129.19,17253.37,0
73,CASH_OUT,41.16,C100146,37616.89,37575.73,C100408,9228.83,9269.99,0
86,DEBIT,131.92,C100430,18828.21,18696.29,C100291,6244.1,6376.02,0
81,DEBIT,180.61,C100243,42550.43,42369.82,C100260,24291.6,24472.21,0
22,PAYMENT,90.27,C100074,26335.59,26245.32,C100377,7249.13,7339.4,0
14,TRANSFER,49.76,C100401,6005.34,5955.58,C100141,27659.38,27709.14,0
30,CASH_OUT,34.54,C100168,33437.94,33403.4,C100333,9087.13,9121.67,0
73,PAYMENT,78.23,C100032,29209.79,29131.56,C100342,5588.53,5666.76,0
99,DEBIT,49.26,C100325,48141.13,48091.87,C100257,12890.36,12939.62,0
72,PAYMENT,122.78,C100280,11335.27,11212.49,C100383,4729.95,4852.73,0
48,CASH_OUT,900.55,C100024,43953.28,43052.73,C100351,1980.86,2881.41,0
17,CASH_OUT,44.68,C100459,8749.78,8705.1,C100221,19284.31,19328.99,0
92,CASH_OUT,15.67,C100306,42492.27,42476.6,C100375,16737.4,16753.07,0
64,PAYMENT,30.36,C100361,17128.39,17098.03,C100015,17596.14,17626.5,0
4,TRANSFER,50.84,C100039,46091.84,46041.0,C100158,28472.93,28523.77,0
72,DEBIT,542.32,C100223,9386.92,8844.6,C100007,28861.66,29403.98,0
8,TRANSFER,155.46,C100109,43052.66,42897.2,C100436,24570.24,24725.7,0
17,TRANSFER,194.4,C100433,4146.37,3951.97,C100125,28030.5,28224.9,0
64,TRANSFER,108.21,C100264,16965.28,16857.07,C100462,9603.93,9712.14,0
19,TRANSFER,23385.66,C_MULE_C2,2716.05,0.0,C_MULE_C0,1360.9,24746.56,1
52,DEBIT,518.41,C100381,46632.78,46114.37,C100437,29175.15,29693.56,0
74,DEBIT,143.86,C100415,34173.48,34029.62,C100067,7975.44,8119.3,0
50,CASH_IN,172.44,C100116,22815.16,22642.72,C100282,17785.32,17957.76,0
43,CASH_OUT,459.19,C100372,45534.04,45074.85,C100059,9072.2,9531.39,0
35,PAYMENT,132.26,C100324,24493.58,24361.32,C100009,19880.47,20012.73,0
31,CASH_IN,36.07,C100214,10661.77,10625.7,C100020,10304.04,10340.11,0
86,CASH_OUT,78.0,C100386,45430.38,45352.38,C100116,21153.22,21231.22,0
61,CASH_OUT,279.05,C100071,22436.32,22157.27,C100009,4874.5,5153.55,0
97,TRANSFER,528.73,C100378,3750.84,3222.11,C100339,2195.36,2724.09,0
19,CASH_IN,233.49,C100151,42808.73,42575.24,C100359,10921.7,11155.19,0
4,CASH_IN,3466.53,C100273,25246.65,21780.12,C100225,14364.14,17830.67,0
10,CASH_OUT,33.06,C100233,47150.71,47117.65,C100065,17896.71,17929.77,0
26,PAYMENT,14.99,C100153,33882.0,33867.01,C100157,7259.94,7274.93,0
2,CASH_OUT,347.88,C100257,32560.0,32212.12,C100429,6118.48,6466.36,0
84,CASH_OUT,703.95,C100484,7721.61,7017.66,C100048,19744.09,20448.04,0
49,CASH_OUT,215.04,C100156,2210.84,1995.8,C100294,26360.65,26575.69,0
84,DEBIT,349.42,C100465,46030.86,45681.44,C100234,17819.04,18168.46,0
43,PAYMENT,129.78,C100186,1695.53,1565.75,C100185,11247.2,11376.98,0
93,PAYMENT,409.54,C100374,44279.99,43870.45,C100314,15657.45,16066.99,0
85,DEBIT,7.31,C100299,45854.55,45847.24,C100238,6083.48,6090.79,0
79,PAYMENT,425.84,C100145,38904.81,38478.97,C100129,22935.52,23361.36,0
61,DEBIT,96.5,C100457,20417.35,20320.85,C100152,2357.99,2454.49,0
34,TRANSFER,190.7,C100337,10695.65,10504.95,C100290,20081.1,20271.8,0
59,PAYMENT,15.28,C100325,9136.64,9121.36,C100076,1553.85,1569.13,0
34,TRANSFER,299.14,C100114,9898.61,9599.47,C100062,12468.61,12767.75,0
10,DEBIT,115.21,C100157,45478.8,45363.59,C100199,4555.93,4671.14,0
3,CASH_IN,116.31,C100010,13364.85,13248.54,C100202,26865.81,26982.12,0
4,CASH_IN,176.81,C100445,36340.42,36163.61,C100283,2702.01,2878.82,0
94,DEBIT,52.75,C100389,3921.78,3869.03,C100086,13167.83,13220.58,0
75,CASH_IN,60.02,C100461,11416.55,11356.53,C100237,28038.26,28098.28,0
72,PAYMENT,205.63,C100241,7352.02,7146.39,C100325,23700.2,23905.83,0
22,CASH_OUT,25.59,C100295,25899.24,25873.65,C100126,8419.39,8444.98,0
11,TRANSFER,469.0,C100482,9629.22,9160.22,C100293,29944.84,30413.84,0
23,CASH_OUT,38.67,C100304,11226.16,11187.49,C100058,11140.9,11179.57,0
52,CASH_IN,429.5,C100277,42654.92,42225.42,C100131,1581.98,2011.48,0
85,CASH_OUT,201.94,C100433,1759.7,1557.76,C100170,21176.66,21378.6,0
39,CASH_IN,382.3,C100144,24778.47,24396.17,C100114,25558.65,25940.95,0
54,CASH_IN,84.36,C100356,45810.82,45726.46,C100335,5419.99,5504.35,0
29,CASH_OUT,71.62,C100395,27776.3,27704.68,C100331,20398.79,20470.41,0
3,DEBIT,164.6,C100397,44953.35,44788.75,C100368,18568.83,18733.43,0
97,DEBIT,79.49,C100232,4368.25,4288.76,C100235,10973.38,11052.87,0
63,CASH_IN,239.83,C100267,41528.23,41288.4,C100242,20475.37,20715.2,0
86,TRANSFER,607.92,C100083,2949.7,2341.78,C100061,16595.37,17203.29,0
33,DEBIT,9.51,C100134,12002.35,11992.84,C100227,13701.18,13710.69,0
79,CASH_IN,317.7,C100479,2542.1,2224.4,C100240,13432.89,13750.59,0
15,TRANSFER,193.41,C100446,1748.02,1554.61,C100260,26074.75,26268.16,0
52,CASH_IN,68.77,C100087,41816.41,41747.64,C100461,16462.73,16531.5,0
15,TRANSFER,18914.38,C_MULE_A4,4352.76,0.0,C_MULE_A5,913.06,19827.44,1
20,CASH_OUT,331.97,C100301,14387.56,14055.59,C100442,9331.18,9663.15,0
54,TRANSFER,254.6,C100414,12904.79,12650.19,C100045,8410.68,8665.28,0
31,TRANSFER,203.2,C100398,45454.66,45251.46,C100018,18282.02,18485.22,0
81,PAYMENT,515.38,C100047,22678.72,22163.34,C100351,19575.88,20091.26,0
33,CASH_OUT,225.23,C100410,29387.29,29162.06,C100272,21839.15,22064.38,0
49,CASH_OUT,24400.92,C_MULE_B4,4980.68,0.0,C_MULE_B3,1252.48,25653.4,1
87,CASH_OUT,722.71,C100226,27926.95,27204.24,C100213,29293.62,30016.33,0
64,CASH_OUT,704.87,C100154,5348.3,4643.43,C100404,18906.02,19610.89,0
40,CASH_IN,90.21,C100396,48851.09,48760.88,C100437,8134.59,8224.8,0
58,DEBIT,190.24,C100112,43666.72,43476.48,C100046,21496.14,21686.38,0
51,CASH_OUT,47.17,C100215,37691.29,37644.12,C100398,27733.29,27780.46,0
12,PAYMENT,849.48,C100432,21310.73,20461.25,C100188,26294.71,27144.19,0
98,TRANSFER,525.53,C100144,34371.14,33845.61,C100404,9426.61,9952.14,0
34,PAYMENT,51.41,C100204,16933.93,16882.52,C100483,6870.75,6922.16,0
5,PAYMENT,33.6,C100190,18916.58,18882.98,C100301,3455.94,3489.54,0
25,DEBIT,46.14,C100353,9069.16,9023.02,C100288,12265.27,12311.41,0
32,DEBIT,77.52,C100212,49857.28,49779.76,C100083,6065.25,6142.77,0
94,CASH_OUT,239.82,C100203,19030.39,18790.57,C100040,29057.16,29296.98,0
73,CASH_OUT,151.87,C100099,42075.97,41924.1,C100052,16908.05,17059.92,0
33,CASH_IN,42.82,C100343,8946.09,8903.27,C100036,8482.74,8525.56,0
36,CASH_OUT,325.39,C100076,33202.44,32877.05,C100122,3907.57,4232.96,0
89,CASH_IN,53.96,C100145,10064.53,10010.57,C100139,26589.19,26643.15,0
20,TRANSFER,78.31,C100066,49788.61,49710.3,C100417,20833.73,20912.04,0
22,TRANSFER,31860.62,C_MULE_A3,4576.05,0.0,C_MULE_A2,1118.97,32979.59,1
85,DEBIT,280.45,C100397,7647.1,7366.65,C100471,2893.92,3174.37,0
61,PAYMENT,964.34,C100442,32179.92,31215.58,C100097,22275.77,23240.11,0
22,DEBIT,261.72,C100491,5357.38,5095.66,C100490,17791.2,18052.92,0
41,PAYMENT,227.63,C100090,42256.7,42029.07,C100427,18343.0,18570.63,0
74,CASH_IN,412.46,C100343,8382.96,7970.5,C100006,7862.11,8274.57,0
17,CASH_IN,470.58,C100133,44064.95,43594.37,C100118,11881.65,12352.23,0
78,TRANSFER,281.21,C100094,33114.21,32833.0,C100156,27009.53,27290.74,0
27,DEBIT,509.22,C100476,7518.63,7009.41,C100121,6153.39,6662.61,0
16,CASH_OUT,127.2,C100215,38609.61,38482.41,C100346,3747.75,3874.95,0
91,DEBIT,47.84,C100281,27407.77,27359.93,C100113,6301.43,6349.27,0
81,DEBIT,518.32,C100403,10928.01,10409.69,C100118,17521.78,18040.1,0
15,TRANSFER,75.43,C100282,46552.6,46477.17,C100021,950.44,1025.87,0
98,CASH_IN,572.31,C100079,25440.3,24867.99,C100163,10217.8,10790.11,0
85,DEBIT,291.42,C100165,18183.74,17892.32,C100086,17791.06,18082.48,0
11,CASH_OUT,528.43,C100467,1862.47,1334.04,C100331,7003.06,7531.49,0
40,CASH_OUT,28.81,C100490,21222.54,21193.73,C100066,10916.08,10944.89,0
94,DEBIT,91.92,C100252,41538.6,41446.68,C100269,21991.14,22083.06,0
12,DEBIT,373.39,C100409,9370.14,8996.75,C100452,16174.45,16547.84,0
13,PAYMENT,56.28,C100158,42007.69,41951.41,C100113,19736.88,19793.16,0
51,CASH_OUT,77.63,C100039,7301.25,7223.62,C100437,10971.42,11049.05,0
23,PAYMENT,30.4,C100469,1279.24,1248.84,C100213,29537.52,29567.92,0
89,TRANSFER,48.28,C100352,37788.48,37740.2,C100198,12496.74,12545.02,0
23,CASH_IN,242.76,C100139,27308.2,27065.44,C100138,14759.13,15001.89,0
12,PAYMENT,104.75,C100326,45710.85,45606.1,C100193,21665.98,21770.73,0
50,CASH_OUT,30.83,C100189,18300.04,18269.21,C100446,11385.37,11416.2,0
66,TRANSFER,116.02,C100042,8813.09,8697.07,C100030,25370.76,25486.78,0
67,TRANSFER,468.38,C100313,21030.98,20562.6,C100360,17497.87,17966.25,0
9,CASH_IN,598.1,C100303,3218.64,2620.54,C100399,12096.28,12694.38,0
71,CASH_IN,1259.87,C100389,6179.87,4920.0,C100485,15951.14,17211.01,0
41,PAYMENT,109.19,C100129,41011.63,40902.44,C100487,5514.8,5623.99,0
12,CASH_OUT,223.36,C100152,16539.43,16316.07,C100355,18169.22,18392.58,0
41,PAYMENT,212.92,C100087,29035.45,28822.53,C100422,23181.02,23393.94,0
90,CASH_OUT,147.17,C100148,30440.61,30293.44,C100200,17515.22,17662.39,0
26,PAYMENT,126.92,C100198,33420.79,33293.87,C100306,26237.64,26364.56,0
40,DEBIT,345.62,C100349,45680.65,45335.03,C100447,3097.7,3443.32,0
32,PAYMENT,295.05,C100172,11361.21,11066.16,C100279,7436.06,7731.11,0
75,PAYMENT,323.87,C100161,21273.79,20949.92,C100451,22011.23,22335.1,0
78,TRANSFER,229.88,C100243,39579.1,39349.22,C100062,6155.11,6384.99,0
59,TRANSFER,204.38,C100207,21798.21,21593.83,C100347,27622.8,27827.18,0
68,PAYMENT,841.92,C100055,1862.76,1020.84,C100225,5960.1,6802.02,0
62,PAYMENT,116.03,C100045,12004.29,11888.26,C100428,16208.86,16324.89,0
74,CASH_IN,108.44,C100369,35629.27,35520.83,C100148,25159.83,25268.27,0
42,TRANSFER,125.93,C100368,49268.95,49143.02,C100118,25866.18,25992.11,0
58,DEBIT,426.06,C100304,23520.62,23094.56,C100266,11778.07,12204.13,0
97,DEBIT,37.82,C100168,36893.04,36855.22,C100020,28168.07,28205.89,0
49,CASH_OUT,106.06,C100037,40402.6,40296.54,C100054,24277.4,24383.46,0
98,TRANSFER,47.76,C100117,8032.19,7984.43,C100423,4596.39,4644.15,0
82,DEBIT,36.76,C100317,14089.55,14052.79,C100200,3356.29,3393.05,0
2,TRANSFER,347.56,C100133,1312.0,964.44,C100099,10227.19,10574.75,0
40,TRANSFER,42.04,C100378,13975.6,13933.56,C100153,11341.35,11383.39,0
21,CASH_IN,59.02,C100030,13093.94,13034.92,C100370,8894.2,8953.22,0
79,CASH_OUT,88.48,C100348,17212.35,17123.87,C100166,16916.91,17005.39,0
25,PAYMENT,383.42,C100106,34690.94,34307.52,C100059,3112.28,3495.7,0
47,DEBIT,175.84,C100006,31251.72,31075.88,C100363,18792.97,18968.81,0
64,PAYMENT,172.57,C100229,43562.47,43389.9,C100329,2987.78,3160.35,0
98,DEBIT,123.23,C100140,7648.65,7525.42,C100297,1435.96,1559.19,0
27,CASH_OUT,236.46,C100431,29580.61,29344.15,C100461,26143.55,26380.01,0
6,TRANSFER,213.09,C100447,5324.33,5111.24,C100020,11232.02,11445.11,0
39,DEBIT,199.13,C100315,37668.24,37469.11,C100241,19082.75,19281.88,0
47,CASH_OUT,28155.35,C_MULE_B2,2858.94,0.0,C_MULE_B0,728.67,28884.02,1
19,CASH_OUT,572.36,C100418,2936.82,2364.46,C100465,9622.4,10194.76,0
11,CASH_IN,214.8,C100385,11075.06,10860.26,C100265,9573.37,9788.17,0
83,PAYMENT,241.06,C100029,46141.19,45900.13,C100289,21983.95,22225.01,0
88,CASH_OUT,107.8,C100057,45554.64,45446.84,C100489,14074.87,14182.67,0
17,TRANSFER,412.61,C100171,45590.69,45178.08,C100485,15585.65,15998.26,0
30,TRANSFER,114.99,C100328,37766.06,37651.07,C100030,9571.63,9686.62,0
12,CASH_IN,78.26,C100381,16399.07,16320.81,C100044,18085.39,18163.65,0
24,CASH_OUT,340.52,C100123,30917.09,30576.57,C100254,12754.86,13095.38,0
87,PAYMENT,165.04,C100248,9709.02,9543.98,C100414,17266.08,17431.12,0
87,TRANSFER,73.19,C100409,4534.66,4461.47,C100475,21957.33,22030.52,0
37,TRANSFER,66.4,C100143,24514.92,24448.52,C100060,674.99,741.39,0
96,CASH_IN,2014.15,C100456,6806.37,4792.22,C100043,13429.53,15443.68,0
58,CASH_OUT,383.66,C100236,48105.6,47721.94,C100455,3927.86,4311.52,0
36,CASH_IN,127.24,C100280,35315.39,35188.15,C100054,1724.49,1851.73,0
54,PAYMENT,221.68,C100174,32875.37,32653.69,C100375,12201.21,12422.89,0
97,CASH_IN,32.36,C100086,2537.97,2505.61,C100162,26627.4,26659.76,0
9,TRANSFER,200.8,C100274,1115.18,914.38,C100075,21894.09,22094.89,0
95,PAYMENT,99.64,C100300,5706.77,5607.13,C100466,5835.77,5935.41,0
37,PAYMENT,44.28,C100363,45696.37,45652.09,C100455,18280.01,18324.29,0
64,CASH_OUT,109.22,C100231,36079.69,35970.47,C100289,26648.78,26758.0,0
2,TRANSFER,868.4,C100192,37746.55,36878.15,C100060,10985.77,11854.17,0
59,CASH_OUT,264.59,C100123,17454.12,17189.53,C100460,22724.3,22988.89,0
14,DEBIT,337.72,C100458,22054.78,21717.06,C100009,20618.13,20955.85,0
85,PAYMENT,5546.66,C100304,44012.25,38465.59,C100163,29387.79,34934.45,0
41,PAYMENT,322.14,C100014,21677.61,21355.47,C100459,20884.89,21207.03,0
49,TRANSFER,190.12,C100336,26732.5,26542.38,C100102,15578.45,15768.57,0
71,CASH_OUT,454.6,C100392,32638.18,32183.58,C100125,24310.1,24764.7,0
40,CASH_OUT,451.33,C100066,22087.7,21636.37,C100351,1031.91,1483.24,0
58,CASH_OUT,80.24,C100320,46338.45,46258.21,C100093,12857.37,12937.61,0
50,CASH_IN,507.2,C100327,23562.78,23055.58,C100298,23496.21,24003.41,0
35,CASH_IN,1637.49,C100315,11655.54,10018.05,C100035,16204.08,17841.57,0
70,CASH_IN,67.79,C100355,17711.42,17643.63,C100254,24399.3,24467.09,0
6,CASH_OUT,236.95,C100107,38025.63,37788.68,C100103,16508.25,16745.2,0
46,CASH_IN,194.01,C100105,22679.61,22485.6,C100331,25137.91,25331.92,0
71,CASH_IN,149.59,C100440,36343.86,36194.27,C100407,24206.64,24356.23,0
21,TRANSFER,35788.76,C_MULE_C1,2345.61,0.0,C_MULE_C6,1406.25,37195.01,1
73,CASH_OUT,440.67,C100375,34133.69,33693.02,C100113,5394.61,5835.28,0
50,DEBIT,222.02,C100302,25781.07,25559.05,C100222,12719.44,12941.46,0
22,CASH_OUT,476.86,C100202,24903.19,24426.33,C100099,17626.57,18103.43,0
50,CASH_IN,191.38,C100350,21366.57,21175.19,C100396,15532.98,15724.36,0
22,CASH_OUT,107.38,C100263,23174.58,23067.2,C100107,23711.21,23818.59,0
67,CASH_IN,224.37,C100140,24591.08,24366.71,C100270,26507.71,26732.08,0
77,CASH_OUT,157.8,C100448,30327.84,30170.04,C100318,19194.1,19351.9,0
98,CASH_IN,58.84,C100304,28366.07,28307.23,C100499,6613.09,6671.93,0
41,PAYMENT,62.77,C100100,18866.28,18803.51,C100411,20962.19,21024.96,0
91,TRANSFER,57.6,C100258,11502.94,11445.34,C100460,16035.54,16093.14,0
79,CASH_OUT,205.24,C100078,24630.99,24425.75,C100262,15143.72,15348.96,0
10,TRANSFER,189.88,C100379,22308.42,22118.54,C100279,29128.32,29318.2,0
47,PAYMENT,120.16,C100039,32504.78,32384.62,C100129,10953.37,11073.53,0
60,PAYMENT,361.38,C100048,4582.09,4220.71,C100059,3875.82,4237.2,0
72,PAYMENT,33.93,C100136,32289.47,32255.54,C100218,24675.22,24709.15,0
81,TRANSFER,37.56,C100364,9621.85,9584.29,C100091,14853.07,14890.63,0
90,CASH_IN,91.55,C100172,45201.1,45109.55,C100056,9456.75,9548.3,0
91,CASH_OUT,223.84,C100179,30973.65,30749.81,C100436,29835.43,30059.27,0
66,DEBIT,57.35,C100089,47482.04,47424.69,C100378,9355.69,9413.04,0
92,TRANSFER,191.26,C100455,22144.26,21953.0,C100186,24221.17,24412.43,0
93,CASH_OUT,192.91,C100118,36266.14,36073.23,C100298,5113.59,5306.5,0
38,CASH_IN,112.23,C100465,34549.27,34437.04,C100214,20566.49,20678.72,0
89,CASH_OUT,195.36,C100131,32863.5,32668.14,C100069,26119.92,26315.28,0
39,CASH_OUT,221.09,C100188,28768.06,28546.97,C100357,27197.56,27418.65,0
12,TRANSFER,66.47,C100017,4525.36,4458.89,C100174,26845.35,26911.82,0
28,TRANSFER,49.38,C100316,18239.67,18190.29,C100120,12552.75,12602.13,0
69,PAYMENT,409.98,C100119,46381.68,45971.7,C100291,22455.52,22865.5,0
3,PAYMENT,198.9,C100129,30761.46,30562.56,C100007,11300.95,11499.85,0
86,CASH_IN,888.38,C100223,37428.94,36540.56,C100458,15140.01,16028.39,0
29,TRANSFER,224.29,C100446,15120.32,14896.03,C100015,6728.73,6953.02,0
67,DEBIT,78.68,C100305,20954.33,20875.65,C100314,15989.23,16067.91,0
45,TRANSFER,156.82,C100028,21318.35,21161.53,C100168,27112.29,27269.11,0
11,PAYMENT,74.82,C100347,30391.01,30316.19,C100466,27859.7,27934.52,0
66,DEBIT,215.33,C100150,18727.14,18511.81,C100449,20797.11,21012.44,0
59,CASH_IN,853.67,C100294,13742.53,12888.86,C100168,2971.46,3825.13,0
95,CASH_OUT,102.86,C100273,32253.43,32150.57,C100112,21076.38,21179.24,0
58,DEBIT,12.55,C100119,9815.85,9803.3,C100253,7474.26,7486.81,0
32,PAYMENT,20.83,C100308,16300.11,16279.28,C100373,23427.05,23447.88,0
60,PAYMENT,72.32,C100164,48096.74,48024.42,C100376,6434.07,6506.39,0
29,CASH_OUT,27302.24,C_MULE_B3,4291.32,0.0,C_MULE_B2,1641.42,28943.66,1
88,TRANSFER,303.81,C100250,19644.77,19340.96,C100132,1118.23,1422.04,0
84,CASH_IN,46.04,C100111,24640.59,24594.55,C100171,12466.48,12512.52,0
89,CASH_OUT,368.01,C100266,14423.62,14055.61,C100484,28197.98,28565.99,0
58,CASH_IN,559.55,C100480,16367.91,15808.36,C100340,25375.73,25935.28,0
20,TRANSFER,163.22,C100083,49849.75,49686.53,C100460,23606.74,23769.96,0
35,CASH_OUT,24486.56,C_MULE_A5,4692.45,0.0,C_MULE_A3,709.27,25195.83,1
59,PAYMENT,36.32,C100248,11363.9,11327.58,C100193,7275.5,7311.82,0
35,DEBIT,103.31,C100162,16327.1,16223.79,C100383,12496.55,12599.86,0
2,CASH_OUT,109.78,C100411,9620.34,9510.56,C100445,13290.57,13400.35,0
10,TRANSFER,19415.38,C_MULE_A2,4999.77,0.0,C_MULE_A3,78.93,19494.31,1
40,TRANSFER,90.35,C100277,16766.55,16676.2,C100027,9589.58,9679.93,0
62,DEBIT,140.77,C100347,28940.99,28800.22,C100053,12794.02,12934.79,0
35,PAYMENT,1418.78,C100170,13325.06,11906.28,C100156,23798.82,25217.6,0
58,CASH_IN,35.46,C100203,40044.14,40008.68,C100438,8571.28,8606.74,0
74,CASH_IN,295.01,C100475,47990.3,47695.29,C100464,5472.74,5767.75,0
49,CASH_OUT,61.63,C100073,12974.7,12913.07,C100010,5450.55,5512.18,0
58,DEBIT,395.24,C100388,19534.42,19139.18,C100044,14458.55,14853.79,0
60,DEBIT,313.53,C100273,17362.43,17048.9,C100026,9103.34,9416.87,0
14,PAYMENT,556.95,C100082,49668.04,49111.09,C100196,16084.99,16641.94,0
44,CASH_IN,75.57,C100299,48118.15,48042.58,C100119,3121.8,3197.37,0
34,DEBIT,69.06,C100420,2483.04,2413.98,C100251,11880.78,11949.84,0
90,DEBIT,60.28,C100352,20738.23,20677.95,C100454,19780.86,19841.14,0
7,DEBIT,91.99,C100057,17872.05,17780.06,C100404,15500.02,15592.01,0
22,TRANSFER,261.47,C100250,2116.47,1855.0,C100091,8219.09,8480.56,0
11,CASH_OUT,44.2,C100032,6074.03,6029.83,C100112,12141.79,12185.99,0
50,TRANSFER,213.56,C100142,26349.79,26136.23,C100163,12073.22,12286.78,0
69,CASH_IN,254.47,C100257,47731.44,47476.97,C100282,16892.27,17146.74,0
32,PAYMENT,577.84,C100105,30255.7,29677.86,C100256,18996.76,19574.6,0
29,CASH_IN,376.34,C100187,18775.05,18398.71,C100466,14453.61,14829.95,0
62,CASH_OUT,307.23,C100225,41389.67,41082.44,C100289,23425.07,23732.3,0
66,CASH_IN,41.94,C100227,24303.58,24261.64,C100432,19350.51,19392.45,0
14,CASH_OUT,53.78,C100391,41937.83,41884.05,C100051,13785.53,13839.31,0
50,TRANSFER,130.06,C100217,29654.19,29524.13,C100176,1190.64,1320.7,0
13,PAYMENT,1457.92,C100350,33371.65,31913.73,C100312,922.27,2380.19,0
41,CASH_IN,236.01,C100456,13063.37,12827.36,C100369,7807.07,8043.08,0
79,CASH_OUT,164.8,C100354,41314.08,41149.28,C100195,27862.22,28027.02,0
21,CASH_IN,836.03,C100123,19128.83,18292.8,C100058,9289.1,10125.13,0
23,CASH_OUT,41344.36,C_MULE_A3,3627.13,0.0,C_MULE_A1,1818.45,43162.81,1
18,DEBIT,139.49,C100237,43114.5,42975.01,C100259,18638.63,18778.12,0
18,TRANSFER,90.64,C100035,9051.74,8961.1,C100235,1133.65,1224.29,0
59,DEBIT,123.09,C100150,13324.86,13201.77,C100088,27895.04,28018.13,0
11,CASH_IN,147.49,C100198,3657.96,3510.47,C100216,13242.32,13389.81,0
46,TRANSFER,32967.03,C_MULE_A1,2822.4,0.0,C_MULE_A5,1549.03,34516.06,1
13,TRANSFER,37815.55,C_MULE_A1,2403.27,0.0,C_MULE_A2,1143.19,38958.74,1
57,TRANSFER,310.37,C100255,18115.64,17805.27,C100475,21846.26,22156.63,0
19,DEBIT,154.95,C100214,13762.17,13607.22,C100452,21976.12,22131.07,0
47,PAYMENT,165.54,C100226,17551.34,17385.8,C100390,17294.98,17460.52,0
99,TRANSFER,81.89,C100382,12040.12,11958.23,C100089,17649.84,17731.73,0
66,PAYMENT,39.55,C100034,2190.29,2150.74,C100006,12056.72,12096.27,0
3,PAYMENT,167.88,C100344,48546.38,48378.5,C100161,22194.08,22361.96,0
5,CASH_IN,42.8,C100434,1466.34,1423.54,C100331,8180.46,8223.26,0
2,CASH_OUT,281.98,C100135,18893.86,18611.88,C100331,6264.23,6546.21,0
57,TRANSFER,261.34,C100102,36963.38,36702.04,C100002,3155.68,3417.02,0
24,CASH_OUT,155.47,C100235,37756.17,37600.7,C100162,26291.56,26447.03,0
51,DEBIT,230.67,C100244,25533.11,25302.44,C100375,18060.91,18291.58,0
35,DEBIT,116.71,C100106,5327.84,5211.13,C100486,18875.99,18992.7,0
43,CASH_OUT,119.31,C100255,34760.98,34641.67,C100261,19918.11,20037.42,0
10,CASH_IN,76.41,C100458,48450.01,48373.6,C100375,17488.22,17564.63,0
64,PAYMENT,431.73,C100233,36735.07,36303.34,C100427,18568.51,19000.24,0
41,TRANSFER,10.19,C100356,49291.4,49281.21,C100472,22612.74,22622.93,0
61,PAYMENT,153.83,C100246,22307.15,22153.32,C100233,27900.04,28053.87,0
1,CASH_OUT,96.35,C100405,2172.16,2075.81,C100396,14380.74,14477.09,0
62,PAYMENT,108.33,C100443,11739.67,11631.34,C100464,17985.15,18093.48,0
92,CASH_OUT,185.64,C100357,30905.48,30719.84,C100374,19793.57,19979.21,0
81,TRANSFER,466.37,C100321,17420.02,16953.65,C100154,20138.86,20605.23,0
2,CASH_IN,215.27,C100477,48553.15,48337.88,C100237,6886.4,7101.67,0
14,PAYMENT,178.7,C100022,11467.28,11288.58,C100490,29573.83,29752.53,0
47,CASH_IN,118.18,C100302,15027.21,14909.03,C100351,9527.17,9645.35,0
31,CASH_IN,173.66,C100240,32295.88,32122.22,C100438,9129.71,9303.37,0
25,TRANSFER,100.49,C100492,10656.02,10555.53,C100110,17830.46,17930.95,0
33,CASH_OUT,115.46,C100417,31263.73,31148.27,C100448,8880.98,8996.44,0
89,TRANSFER,230.46,C100228,22314.99,22084.53,C100425,27852.18,28082.64,0
31,DEBIT,121.91,C100019,42156.09,42034.18,C100187,15177.77,15299.68,0
33,DEBIT,66.3,C100225,29789.98,29723.68,C100374,29887.03,29953.33,0
68,CASH_OUT,565.37,C100399,20851.03,20285.66,C100186,11230.81,11796.18,0
81,CASH_OUT,189.83,C100055,18427.36,18237.53,C100376,19568.49,19758.32,0
36,TRANSFER,103.03,C100408,17316.88,17213.85,C100033,1065.26,1168.29,0
74,CASH_IN,432.72,C100199,19323.64,18890.92,C100108,7980.49,8413.21,0
26,TRANSFER,116.66,C100367,8374.73,8258.07,C100473,28644.01,28760.67,0
35,DEBIT,290.46,C100395,4001.52,3711.06,C100317,21676.75,21967.21,0
41,CASH_OUT,413.45,C100475,10583.13,10169.68,C100091,24538.84,24952.29,0
23,CASH_IN,72.05,C100057,3795.35,3723.3,C100010,16580.89,16652.94,0
68,CASH_IN,113.38,C100146,48154.02,48040.64,C100210,16077.16,16190.54,0
37,CASH_OUT,754.01,C100489,30660.02,29906.01,C100139,20702.35,21456.36,0
32,CASH_OUT,37.27,C100186,38333.91,38296.64,C100420,17463.5,17500.77,0
55,TRANSFER,239.53,C100338,19353.63,19114.1,C100212,2146.32,2385.85,0
14,DEBIT,295.36,C100282,5415.42,5120.06,C100107,17484.79,17780.15,0
89,DEBIT,145.19,C100200,37698.96,37553.77,C100356,5647.13,5792.32,0
89,TRANSFER,323.5,C100115,7751.23,7427.73,C100273,8451.06,8774.56,0
59,TRANSFER,214.61,C100098,45807.99,45593.38,C100163,8209.87,8424.48,0
29,CASH_IN,127.83,C100468,47490.49,47362.66,C100254,20288.8,20416.63,0
73,DEBIT,380.62,C100440,19746.93,19366.31,C100387,19233.3,19613.92,0
13,PAYMENT,562.61,C100005,8168.59,7605.98,C100105,10064.3,10626.91,0
34,DEBIT,200.52,C100034,41981.38,41780.86,C100378,13285.64,13486.16,0
86,PAYMENT,65.25,C100318,15240.53,15175.28,C100257,21727.07,21792.32,0
45,CASH_OUT,15447.41,C_MULE_C1,2201.11,0.0,C_MULE_C2,382.91,15830.32,1
73,PAYMENT,767.42,C100273,31869.1,31101.68,C100454,11288.28,12055.7,0
67,DEBIT,133.45,C100189,38785.86,38652.41,C100194,10799.33,10932.78,0
99,CASH_IN,72.93,C100003,5916.64,5843.71,C100171,13325.77,13398.7,0
31,CASH_OUT,221.66,C100178,34925.38,34703.72,C100201,3671.94,3893.6,0
25,CASH_IN,78.53,C100236,45265.44,45186.91,C100318,7386.25,7464.78,0
28,TRANSFER,194.11,C100013,2727.84,2533.73,C100069,23392.49,23586.6,0
90,TRANSFER,320.7,C100499,48381.63,48060.93,C100478,21024.27,21344.97,0
10,PAYMENT,143.95,C100288,4810.7,4666.75,C100494,29432.35,29576.3,0
67,TRANSFER,215.18,C100313,1957.57,1742.39,C100182,526.5,741.68,0
47,DEBIT,145.29,C100239,42286.13,42140.84,C100009,17164.43,17309.72,0
28,TRANSFER,19239.77,C_MULE_C2,1846.04,0.0,C_MULE_C1,1817.29,21057.06,1
31,TRANSFER,1098.69,C100346,18937.98,17839.29,C100372,10243.61,11342.3,0
61,PAYMENT,92.45,C100207,19573.12,19480.67,C100179,28702.66,28795.11,0
24,PAYMENT,56.95,C100299,34303.51,34246.56,C100086,7278.87,7335.82,0
35,PAYMENT,86.61,C100152,34774.05,34687.44,C100159,4863.98,4950.59,0
36,PAYMENT,16.96,C100057,35468.71,35451.75,C100095,11758.37,11775.33,0
70,TRANSFER,368.37,C100450,21543.3,21174.93,C100266,21569.33,21937.7,0
19,TRANSFER,34092.65,C_MULE_B3,4980.04,0.0,C_MULE_B0,1784.52,35877.17,1
33,TRANSFER,2269.96,C100251,42705.85,40435.89,C100227,18093.41,20363.37,0
82,CASH_OUT,200.54,C100348,13131.18,12930.64,C100262,9025.83,9226.37,0
46,CASH_IN,687.85,C100296,21960.95,21273.1,C100238,825.59,1513.44,0
88,CASH_IN,172.67,C100496,6273.16,6100.49,C100028,2137.19,2309.86,0
29,TRANSFER,23822.72,C_MULE_B3,1913.17,0.0,C_MULE_B0,1101.51,24924.23,1
35,TRANSFER,498.33,C100463,2210.36,1712.03,C100111,29503.51,30001.84,0
10,CASH_OUT,195.31,C100071,44639.66,44444.35,C100139,6129.87,6325.18,0
33,TRANSFER,20115.21,C_MULE_C3,4223.24,0.0,C_MULE_C0,441.66,20556.87,1
5,CASH_OUT,146.58,C100406,10156.97,10010.39,C100114,3178.46,3325.04,0
56,CASH_OUT,257.4,C100085,7981.06,7723.66,C100401,27749.05,28006.45,0
55,PAYMENT,56.2,C100185,21898.35,21842.15,C100477,10659.08,10715.28,0
33,PAYMENT,182.14,C100491,36845.88,36663.74,C100140,12026.36,12208.5,0
91,CASH_OUT,215.54,C100445,47163.92,46948.38,C100285,23737.94,23953.48,0
14,CASH_IN,33.02,C100461,17552.43,17519.41,C100203,29551.77,29584.79,0
42,TRANSFER,37.99,C100121,13171.32,13133.33,C100185,28338.81,28376.8,0
82,TRANSFER,282.04,C100355,17357.09,17075.05,C100439,9169.16,9451.2,0
22,CASH_IN,86.22,C100038,37556.95,37470.73,C100177,3617.84,3704.06,0
80,TRANSFER,116.27,C100146,17841.62,17725.35,C100381,10877.81,10994.08,0
19,TRANSFER,28737.33,C_MULE_A5,1811.2,0.0,C_MULE_A2,1528.85,30266.18,1
55,CASH_OUT,181.95,C100347,23555.26,23373.31,C100334,997.37,1179.32,0
48,PAYMENT,46.99,C100262,34020.42,33973.43,C100001,5207.69,5254.68,0
48,PAYMENT,1318.07,C100010,37544.61,36226.54,C100243,17032.26,18350.33,0
22,CASH_OUT,93.87,C100224,2557.58,2463.71,C100210,13637.08,13730.95,0
76,DEBIT,242.51,C100439,21699.2,21456.69,C100390,10602.68,10845.19,0
81,CASH_OUT,298.87,C100165,48694.74,48395.87,C100152,19894.46,20193.33,0
54,CASH_IN,84.65,C100017,20184.2,20099.55,C100226,28571.59,28656.24,0
31,CASH_IN,220.77,C100389,18359.41,18138.64,C100074,13417.57,13638.34,0
19,DEBIT,39.19,C100119,6572.43,6533.24,C100113,9296.59,9335.78,0
8,CASH_OUT,59.59,C100433,4582.78,4523.19,C100365,21845.49,21905.08,0
32,PAYMENT,241.32,C100198,32264.2,32022.88,C100263,5347.61,5588.93,0
99,CASH_OUT,43.4,C100449,2769.37,2725.97,C100097,23408.9,23452.3,0
31,TRANSFER,44826.37,C_MULE_C6,4546.79,0.0,C_MULE_C5,581.31,45407.68,1
30,TRANSFER,89.73,C100433,1322.3,1232.57,C100132,15752.84,15842.57,0
45,TRANSFER,34733.45,C_MULE_B0,4631.61,0.0,C_MULE_B4,412.49,35145.94,1
37,PAYMENT,125.33,C100254,47695.07,47569.74,C100061,13600.62,13725.95,0
36,CASH_OUT,29880.97,C_MULE_B4,1613.09,0.0,C_MULE_B3,1899.99,31780.96,1
90,CASH_IN,247.68,C100228,49861.23,49613.55,C100182,23200.2,23447.88,0
46,CASH_OUT,88.25,C100439,28145.99,28057.74,C100451,26952.28,27040.53,0
53,CASH_OUT,44.66,C100041,10201.78,10157.12,C100257,25201.57,25246.23,0
28,TRANSFER,31268.65,C_MULE_C1,4373.47,0.0,C_MULE_C2,725.93,31994.58,1
87,TRANSFER,58.72,C100030,1822.11,1763.39,C100063,4110.1,4168.82,0
49,TRANSFER,29116.71,C_MULE_B4,3439.61,0.0,C_MULE_B3,1618.3,30735.01,1
45,DEBIT,74.54,C100273,19667.9,19593.36,C100290,25814.34,25888.88,0
25,TRANSFER,228.53,C100171,1437.36,1208.83,C100329,7934.42,8162.95,0
28,PAYMENT,144.97,C100247,1198.61,1053.64,C100152,22969.27,23114.24,0
15,DEBIT,174.45,C100071,19396.99,19222.54,C100197,13594.42,13768.87,0
57,TRANSFER,293.7,C100091,35353.51,35059.81,C100329,24620.88,24914.58,0
65,PAYMENT,190.63,C100077,39174.76,38984.13,C100344,4338.42,4529.05,0
87,DEBIT,440.41,C100042,7054.86,6614.45,C100320,5481.44,5921.85,0
27,PAYMENT,388.38,C100306,34913.07,34524.69,C100285,8437.77,8826.15,0
6,CASH_OUT,317.76,C100347,1752.66,1434.9,C100274,13112.71,13430.47,0
41,CASH_IN,438.13,C100472,39401.64,38963.51,C100418,4596.86,5034.99,0
73,CASH_IN,181.19,C100390,43925.2,43744.01,C100237,8173.94,8355.13,0
51,PAYMENT,934.98,C100147,44213.24,43278.26,C100173,3512.01,4446.99,0
14,PAYMENT,139.84,C100465,41473.81,41333.97,C100426,26086.16,26226.0,0
86,CASH_OUT,129.31,C100444,44277.58,44148.27,C100278,24205.95,24335.26,0
59,PAYMENT,6.97,C100335,5050.83,5043.86,C100118,14480.72,14487.69,0
13,CASH_IN,377.37,C100405,22202.36,21824.99,C100462,10105.04,10482.41,0
50,PAYMENT,89.13,C100311,19493.2,19404.07,C100239,1534.41,1623.54,0
26,CASH_OUT,291.09,C100433,20036.29,19745.2,C100462,10238.41,10529.5,0
73,CASH_OUT,139.09,C100281,5155.02,5015.93,C100349,21843.95,21983.04,0
7,CASH_IN,46.52,C100256,5585.9,5539.38,C100291,4080.2,4126.72,0
82,CASH_OUT,206.4,C100132,26810.31,26603.91,C100273,2891.42,3097.82,0
68,CASH_OUT,84.27,C100410,11012.19,10927.92,C100466,28515.55,28599.82,0
90,CASH_IN,598.79,C100108,35717.0,35118.21,C100150,25663.76,26262.55,0
28,DEBIT,128.8,C100363,40579.11,40450.31,C100224,11529.46,11658.26,0
49,TRANSFER,265.24,C100121,31464.89,31199.65,C100150,6350.04,6615.28,0
73,CASH_OUT,886.26,C100035,27678.79,26792.53,C100113,21824.95,22711.21,0
12,CASH_OUT,581.0,C100300,35291.53,34710.53,C100069,28052.92,28633.92,0
63,TRANSFER,267.01,C100357,8104.68,7837.67,C100053,10284.94,10551.95,0
95,DEBIT,129.07,C100310,15363.63,15234.56,C100433,7317.24,7446.31,0
86,TRANSFER,18.19,C100342,8400.07,8381.88,C100104,13771.98,13790.17,0
33,CASH_IN,242.35,C100447,41751.12,41508.77,C100317,22322.75,22565.1,0
51,DEBIT,221.85,C100134,25232.5,25010.65,C100297,10700.36,10922.21,0
55,PAYMENT,193.97,C100399,36254.13,36060.16,C100201,13877.04,14071.01,0
56,DEBIT,65.33,C100340,5298.94,5233.61,C100157,29935.22,30000.55,0
87,DEBIT,93.57,C100242,34394.59,34301.02,C100380,6111.48,6205.05,0
10,PAYMENT,20.24,C100090,7134.46,7114.22,C100456,3543.42,3563.66,0
91,CASH_IN,34.54,C100466,5736.57,5702.03,C100354,29345.24,29379.78,0
43,CASH_OUT,38592.44,C_MULE_C1,3749.72,0.0,C_MULE_C3,1387.68,39980.12,1
81,DEBIT,118.05,C100353,34544.85,34426.8,C100020,8398.98,8517.03,0
20,TRANSFER,288.43,C100416,46269.58,45981.15,C100215,11325.93,11614.36,0
72,CASH_OUT,95.9,C100358,32016.75,31920.85,C100119,24803.08,24898.98,0
77,TRANSFER,170.83,C100462,16828.14,16657.31,C100373,24372.09,24542.92,0
83,DEBIT,198.52,C100136,46621.52,46423.0,C100491,12317.16,12515.68,0
21,PAYMENT,6.84,C100333,46390.95,46384.11,C100327,16540.56,16547.4,0
46,TRANSFER,22178.62,C_MULE_C4,2624.12,0.0,C_MULE_C5,476.95,22655.57,1
26,PAYMENT,80.29,C100360,8297.62,8217.33,C100451,3835.28,3915.57,0
64,PAYMENT,88.64,C100376,3380.18,3291.54,C100242,13856.35,13944.99,0
68,DEBIT,53.29,C100479,15055.55,15002.26,C100292,15324.01,15377.3,0
7,DEBIT,23.87,C100130,10261.42,10237.55,C100242,1800.3,1824.17,0
46,PAYMENT,110.79,C100450,31625.35,31514.56,C100110,6543.86,6654.65,0
36,TRANSFER,225.57,C100489,9379.16,9153.59,C100074,19187.78,19413.35,0
44,PAYMENT,197.15,C100323,30777.57,30580.42,C100319,16357.65,16554.8,0
13,CASH_OUT,176.69,C100255,24201.44,24024.75,C100108,21632.96,21809.65,0
28,CASH_IN,155.92,C100499,7981.6,7825.68,C100090,23441.63,23597.55,0
65,CASH_IN,244.1,C100271,19501.75,19257.65,C100393,20124.75,20368.85,0
81,CASH_IN,152.93,C100195,38289.94,38137.01,C100382,2207.46,2360.39,0
82,CASH_OUT,218.57,C100385,31946.48,31727.91,C100362,5378.85,5597.42,0
40,PAYMENT,178.23,C100478,42313.03,42134.8,C100220,13001.53,13179.76,0
21,CASH_OUT,322.21,C100067,28913.34,28591.13,C100424,27113.26,27435.47,0
18,TRANSFER,152.24,C100093,45979.18,45826.94,C100094,7898.95,8051.19,0
43,TRANSFER,30.47,C100255,27992.98,27962.51,C100162,1617.22,1647.69,0
67,TRANSFER,682.73,C100112,30163.99,29481.26,C100351,19184.25,19866.98,0
58,PAYMENT,229.27,C100214,10544.47,10315.2,C100054,21800.39,22029.66,0
57,DEBIT,89.19,C100136,46871.84,46782.65,C100260,5245.31,5334.5,0
87,CASH_IN,561.07,C100233,16643.47,16082.4,C100419,2565.95,3127.02,0
31,PAYMENT,415.48,C100005,32722.18,32306.7,C100426,18238.76,18654.24,0
77,PAYMENT,327.45,C100045,29021.9,28694.45,C100020,12699.15,13026.6,0
63,PAYMENT,207.18,C100102,16409.8,16202.62,C100187,24739.32,24946.5,0
84,TRANSFER,84.38,C100343,39707.18,39622.8,C100189,7461.53,7545.91,0
76,PAYMENT,25.7,C100399,10158.2,10132.5,C100136,5369.65,5395.35,0
82,CASH_OUT,173.91,C100044,49517.51,49343.6,C100377,1906.64,2080.55,0
65,CASH_IN,22.16,C100264,13560.42,13538.26,C100393,21055.77,21077.93,0
9,DEBIT,88.98,C100424,21278.93,21189.95,C100271,6040.24,6129.22,0
91,TRANSFER,9.49,C100352,31538.58,31529.09,C100048,28707.4,28716.89,0
42,TRANSFER,144.96,C100171,16573.43,16428.47,C100446,12416.75,12561.71,0
6,CASH_IN,125.91,C100342,11050.96,10925.05,C100468,7393.34,7519.25,0
31,CASH_OUT,871.9,C100401,5399.83,4527.93,C100305,14957.24,15829.14,0
81,DEBIT,121.49,C100391,4478.5,4357.01,C100229,17907.17,18028.66,0
79,TRANSFER,244.87,C100172,20962.44,20717.57,C100420,4021.22,4266.09,0
32,CASH_OUT,287.84,C100226,7319.32,7031.48,C100181,2755.56,3043.4,0
72,DEBIT,49.69,C100031,4353.87,4304.18,C100188,12533.02,12582.71,0
73,CASH_OUT,96.05,C100043,21502.9,21406.85,C100385,24457.13,24553.18,0
29,CASH_IN,85.12,C100002,24834.43,24749.31,C100437,16307.67,16392.79,0
30,TRANSFER,158.28,C100295,30696.71,30538.43,C100366,24030.48,24188.76,0
71,DEBIT,179.27,C100367,9763.88,9584.61,C100402,15785.93,15965.2,0
96,CASH_OUT,242.53,C100394,8448.36,8205.83,C100021,6623.11,6865.64,0
95,CASH_IN,136.11,C100397,42843.76,42707.65,C100275,14600.1,14736.21,0
41,TRANSFER,20420.43,C_MULE_C0,3345.27,0.0,C_MULE_C1,640.21,21060.64,1
79,PAYMENT,75.26,C100247,27674.27,27599.01,C100013,13935.4,14010.66,0
45,PAYMENT,676.86,C100142,11278.25,10601.39,C100388,7764.93,8441.79,0
81,PAYMENT,337.34,C100113,26424.16,26086.82,C100474,25006.2,25343.54,0
81,CASH_IN,50.79,C100061,40427.78,40376.99,C100268,9172.33,9223.12,0
32,PAYMENT,198.35,C100057,20414.41,20216.06,C100334,23069.34,23267.69,0
95,TRANSFER,1176.31,C100454,15330.89,14154.58,C100208,9480.13,10656.44,0
99,CASH_IN,76.66,C100048,32884.71,32808.05,C100143,27945.15,28021.81,0
55,CASH_OUT,301.67,C100225,44286.88,43985.21,C100478,28230.13,28531.8,0
24,CASH_IN,714.09,C100020,44170.27,43456.18,C100475,22097.47,22811.56,0
34,PAYMENT,35.01,C100362,37057.0,37021.99,C100365,8896.31,8931.32,0
20,TRANSFER,44940.15,C_MULE_C3,2761.57,0.0,C_MULE_C6,565.83,45505.98,1
95,CASH_OUT,89.3,C100130,22838.02,22748.72,C100116,6672.57,6761.87,0
65,PAYMENT,209.27,C100291,37335.62,37126.35,C100449,22630.75,22840.02,0
44,CASH_IN,147.3,C100187,7986.51,7839.21,C100084,21735.0,21882.3,0
45,CASH_OUT,342.58,C100415,49280.94,48938.36,C100247,3471.64,3814.22,0
75,CASH_IN,375.78,C100016,30978.14,30602.36,C100071,25088.46,25464.24,0
66,CASH_IN,350.91,C100291,8842.28,8491.37,C100368,1205.03,1555.94,0
8,CASH_IN,29.6,C100063,37406.26,37376.66,C100349,18706.78,18736.38,0
93,PAYMENT,153.28,C100412,44761.17,44607.89,C100113,13845.73,13999.01,0
95,PAYMENT,194.33,C100287,29058.94,28864.61,C100126,21942.97,22137.3,0
54,CASH_OUT,59.49,C100376,18566.34,18506.85,C100050,18164.23,18223.72,0
42,TRANSFER,43940.49,C_MULE_A2,1498.65,0.0,C_MULE_A4,868.3,44808.79,1
46,DEBIT,17.64,C100297,42132.56,42114.92,C100110,29917.28,29934.92,0
59,DEBIT,170.36,C100417,5703.51,5533.15,C100186,2703.2,2873.56,0
22,CASH_IN,80.21,C100019,35069.37,34989.16,C100424,21152.22,21232.43,0
55,CASH_OUT,686.49,C100446,44501.35,43814.86,C100089,22706.95,23393.44,0
81,CASH_IN,66.83,C100457,19027.3,18960.47,C100351,9555.23,9622.06,0
86,CASH_OUT,244.48,C100475,36176.28,35931.8,C100322,12052.22,12296.7,0
38,TRANSFER,50.31,C100496,28887.73,28837.42,C100443,12844.3,12894.61,0
95,TRANSFER,63.73,C100112,1739.81,1676.08,C100359,4424.16,4487.89,0
35,CASH_OUT,19669.57,C_MULE_C0,2023.42,0.0,C_MULE_C4,372.85,20042.42,1
11,TRANSFER,35084.62,C_MULE_C1,4455.98,0.0,C_MULE_C5,237.07,35321.69,1
67,DEBIT,100.84,C100170,26423.71,26322.87,C100305,3382.2,3483.04,0
17,TRANSFER,40315.45,C_MULE_B0,3479.87,0.0,C_MULE_B1,1220.87,41536.32,1
9,CASH_IN,45.41,C100241,4695.99,4650.58,C100487,7111.81,7157.22,0
7,CASH_IN,84.41,C100354,6340.94,6256.53,C100200,18118.33,18202.74,0
1,CASH_IN,1037.47,C100397,14655.43,13617.96,C100294,9766.18,10803.65,0
26,DEBIT,248.17,C100275,5965.26,5717.09,C100300,3838.51,4086.68,0
84,CASH_IN,117.61,C100188,26048.5,25930.89,C100278,26739.61,26857.22,0
20,CASH_OUT,230.15,C100171,17517.73,17287.58,C100270,27227.81,27457.96,0
45,TRANSFER,462.19,C100117,34083.16,33620.97,C100318,13388.51,13850.7,0
14,TRANSFER,202.18,C100111,17825.57,17623.39,C100076,3599.83,3802.01,0
33,TRANSFER,91.81,C100358,21709.16,21617.35,C100426,19399.56,19491.37,0
1,TRANSFER,37.22,C100190,19044.55,19007.33,C100444,20080.61,20117.83,0
56,CASH_OUT,244.09,C100164,6410.87,6166.78,C100467,21171.67,21415.76,0
15,CASH_IN,449.58,C100412,42615.21,42165.63,C100343,27011.12,27460.7,0
69,DEBIT,108.17,C100042,28220.22,28112.05,C100495,24790.09,24898.26,0
44,CASH_OUT,88.98,C100211,23504.73,23415.75,C100453,9018.39,9107.37,0
39,PAYMENT,71.74,C100278,2711.57,2639.83,C100461,12087.18,12158.92,0
31,CASH_OUT,37769.2,C_MULE_B4,2006.61,0.0,C_MULE_B1,1299.72,39068.92,1
6,TRANSFER,70.28,C100484,49517.3,49447.02,C100337,26122.92,26193.2,0
29,CASH_IN,32.12,C100496,9769.42,9737.3,C100222,3667.65,3699.77,0
53,DEBIT,245.24,C100310,23016.01,22770.77,C100301,17898.6,18143.84,0
75,CASH_IN,88.42,C100159,42372.9,42284.48,C100182,28427.83,28516.25,0
29,TRANSFER,26909.72,C_MULE_B0,2722.15,0.0,C_MULE_B2,434.49,27344.21,1
14,TRANSFER,43.74,C100131,35255.74,35212.0,C100440,14126.69,14170.43,0
88,PAYMENT,65.01,C100010,23217.4,23152.39,C100309,9463.06,9528.07,0
95,TRANSFER,87.72,C100310,5703.98,5616.26,C100253,29528.22,29615.94,0
18,PAYMENT,65.64,C100152,38838.22,38772.58,C100183,18556.23,18621.87,0
90,CASH_IN,153.42,C100351,23246.89,23093.47,C100145,1600.38,1753.8,0
88,CASH_IN,291.45,C100252,22905.39,22613.94,C100436,4056.13,4347.58,0
98,TRANSFER,315.54,C100042,26986.43,26670.89,C100200,18524.06,18839.6,0
37,DEBIT,99.42,C100247,36077.21,35977.79,C100307,22739.69,22839.11,0
20,TRANSFER,18212.17,C_MULE_A4,3889.28,0.0,C_MULE_A2,993.59,19205.76,1
25,DEBIT,316.74,C100102,12662.1,12345.36,C100203,3768.1,4084.84,0
2,DEBIT,16.68,C100009,18297.01,18280.33,C100070,5493.46,5510.14,0
77,CASH_IN,339.49,C100393,49432.98,49093.49,C100352,15382.72,15722.21,0
63,CASH_OUT,65.26,C100093,1992.62,1927.36,C100453,10476.7,10541.96,0
47,CASH_OUT,589.91,C100206,31744.15,31154.24,C100071,10245.41,10835.32,0
61,CASH_OUT,284.87,C100451,38238.37,37953.5,C100264,13862.66,14147.53,0
99,CASH_IN,173.8,C100380,1258.62,1084.82,C100071,21499.29,21673.09,0
22,CASH_IN,15.45,C100458,5490.53,5475.08,C100198,16743.24,16758.69,0
49,TRANSFER,336.76,C100247,35601.2,35264.44,C100448,1428.42,1765.18,0
88,CASH_OUT,143.63,C100360,25255.52,25111.89,C100102,20852.3,20995.93,0
73,PAYMENT,338.58,C100121,12120.13,11781.55,C100303,29194.9,29533.48,0
29,PAYMENT,1341.79,C100328,13109.0,11767.21,C100198,22727.2,24068.99,0
81,PAYMENT,149.64,C100201,21740.17,21590.53,C100059,21844.81,21994.45,0
46,PAYMENT,65.65,C100318,40082.51,40016.86,C100113,16271.93,16337.58,0
95,CASH_IN,84.53,C100070,27788.06,27703.53,C100456,7639.06,7723.59,0
14,PAYMENT,96.02,C100317,5113.01,5016.99,C100356,8060.79,8156.81,0
28,TRANSFER,405.26,C100184,25370.98,24965.72,C100326,17465.0,17870.26,0
14,CASH_IN,29.78,C100229,24755.82,24726.04,C100313,23007.17,23036.95,0
75,PAYMENT,40.52,C100188,11723.91,11683.39,C100191,19152.73,19193.25,0
48,DEBIT,589.72,C100234,16567.59,15977.87,C100067,6226.11,6815.83,0
17,CASH_OUT,106.93,C100328,39343.25,39236.32,C100276,28293.89,28400.82,0
72,PAYMENT,216.02,C100362,7158.27,6942.25,C100232,24416.9,24632.92,0
30,TRANSFER,144.64,C100428,20628.95,20484.31,C100141,17141.59,17286.23,0
53,TRANSFER,623.52,C100362,4147.77,3524.25,C100299,13943.55,14567.07,0
17,DEBIT,364.46,C100028,27779.78,27415.32,C100285,727.54,1092.0,0
58,CASH_OUT,314.29,C100363,37669.48,37355.19,C100362,6007.84,6322.13,0
97,TRANSFER,45.31,C100461,12399.17,12353.86,C100450,23774.05,23819.36,0
39,DEBIT,373.0,C100321,12690.31,12317.31,C100138,28171.11,28544.11,0
77,CASH_IN,43.57,C100377,27215.66,27172.09,C100455,17006.51,17050.08,0
12,CASH_OUT,154.71,C100415,45799.9,45645.19,C100496,24750.56,24905.27,0
27,CASH_IN,142.71,C100416,36497.33,36354.62,C100423,29642.01,29784.72,0
63,PAYMENT,57.39,C100225,37121.76,37064.37,C100007,11479.96,11537.35,0
98,PAYMENT,105.36,C100191,2290.81,2185.45,C100099,4063.75,4169.11,0
94,CASH_IN,303.68,C100343,49919.14,49615.46,C100063,12678.39,12982.07,0
58,CASH_IN,173.95,C100157,22142.59,21968.64,C100329,29293.05,29467.0,0
68,PAYMENT,357.82,C100306,39947.12,39589.3,C100135,10939.04,11296.86,0
54,TRANSFER,134.7,C100418,22438.41,22303.71,C100358,13418.53,13553.23,0
81,CASH_OUT,35.07,C100396,5184.77,5149.7,C100270,21352.44,21387.51,0
70,CASH_OUT,87.77,C100405,16814.65,16726.88,C100058,29379.62,29467.39,0
79,PAYMENT,41.09,C100002,12139.69,12098.6,C100156,10362.82,10403.91,0
50,CASH_IN,18.73,C100373,34668.28,34649.55,C100089,19735.93,19754.66,0
9,CASH_IN,121.63,C100222,36571.44,36449.81,C100014,24781.82,24903.45,0
54,CASH_IN,185.11,C100219,8738.54,8553.43,C100337,1286.99,1472.1,0
62,PAYMENT,135.39,C100227,4623.53,4488.14,C100402,11283.84,11419.23,0
19,TRANSFER,18984.23,C_MULE_C5,2988.02,0.0,C_MULE_C0,660.19,19644.42,1
88,CASH_IN,158.2,C100351,9293.85,9135.65,C100092,26200.01,26358.21,0
6,TRANSFER,47.09,C100410,31521.32,31474.23,C100127,13339.07,13386.16,0
24,PAYMENT,33.36,C100333,14699.17,14665.81,C100481,4822.66,4856.02,0
51,DEBIT,32.58,C100456,21487.18,21454.6,C100104,9040.01,9072.59,0
49,DEBIT,235.41,C100227,5815.15,5579.74,C100218,29376.98,29612.39,0
90,PAYMENT,227.63,C100288,18247.88,18020.25,C100018,14184.36,14411.99,0
11,DEBIT,1774.42,C100372,46847.95,45073.53,C100452,4830.88,6605.3,0
94,TRANSFER,251.72,C100498,1104.76,853.04,C100003,9949.77,10201.49,0
32,CASH_IN,71.7,C100331,27924.11,27852.41,C100114,14125.57,14197.27,0
43,TRANSFER,41.51,C100026,8591.75,8550.24,C100492,10723.69,10765.2,0
46,CASH_IN,86.43,C100206,6196.13,6109.7,C100166,6329.96,6416.39,0
94,CASH_OUT,395.79,C100165,43219.55,42823.76,C100156,23797.46,24193.25,0
59,PAYMENT,339.43,C100218,48849.68,48510.25,C100364,4149.44,4488.87,0
40,PAYMENT,791.56,C100060,48173.24,47381.68,C100240,10696.37,11487.93,0
89,TRANSFER,129.6,C100106,30034.19,29904.59,C100286,24948.11,25077.71,0
59,TRANSFER,61.82,C100133,40214.7,40152.88,C100168,14242.24,14304.06,0
17,PAYMENT,86.12,C100277,5627.53,5541.41,C100440,22924.07,23010.19,0
80,TRANSFER,123.65,C100109,25875.57,25751.92,C100238,923.36,1047.01,0
44,TRANSFER,784.91,C100132,28696.69,27911.78,C100419,8506.79,9291.7,0
70,CASH_IN,130.3,C100144,36926.53,36796.23,C100468,13270.71,13401.01,0
38,DEBIT,204.52,C100170,41935.43,41730.91,C100465,9499.98,9704.5,0
34,TRANSFER,326.53,C100157,37151.43,36824.9,C100207,1109.15,1435.68,0
83,TRANSFER,228.79,C100447,26308.23,26079.44,C100312,12931.04,13159.83,0
7,CASH_OUT,201.36,C100284,11612.92,11411.56,C100487,4103.42,4304.78,0
45,TRANSFER,112.65,C100137,16011.11,15898.46,C100357,22639.16,22751.81,0
75,PAYMENT,625.31,C100077,49336.12,48710.81,C100449,26942.32,27567.63,0
16,PAYMENT,99.24,C100428,46175.0,46075.76,C100254,3534.3,3633.54,0
50,CASH_OUT,248.29,C100119,29602.86,29354.57,C100014,21541.28,21789.57,0
90,TRANSFER,128.63,C100222,4187.44,4058.81,C100320,26971.34,27099.97,0
43,CASH_IN,200.09,C100321,1316.42,1116.33,C100370,26915.98,27116.07,0
38,PAYMENT,109.14,C100118,13574.83,13465.69,C100115,29875.23,29984.37,0
64,PAYMENT,158.49,C100279,15396.02,15237.53,C100292,17791.28,17949.77,0
22,TRANSFER,249.17,C100184,20096.28,19847.11,C100110,6753.43,7002.6,0
29,CASH_OUT,432.98,C100461,18223.06,17790.08,C100068,26840.65,27273.63,0
10,CASH_IN,148.05,C100431,10539.97,10391.92,C100144,23169.47,23317.52,0
80,CASH_OUT,43.69,C100326,15909.61,15865.92,C100309,3843.93,3887.62,0
55,TRANSFER,35.77,C100366,44758.2,44722.43,C100061,18439.32,18475.09,0
39,TRANSFER,1383.48,C100131,33971.22,32587.74,C100482,20384.0,21767.48,0
14,TRANSFER,155.91,C100352,29095.91,28940.0,C100064,10726.81,10882.72,0
52,CASH_OUT,135.2,C100152,31556.45,31421.25,C100327,3618.07,3753.27,0
43,DEBIT,494.5,C100061,25943.31,25448.81,C100339,9286.22,9780.72,0
92,CASH_IN,20.92,C100254,12622.06,12601.14,C100402,17303.84,17324.76,0
64,CASH_IN,583.8,C100260,4526.02,3942.22,C100240,2358.96,2942.76,0
88,PAYMENT,204.18,C100001,13496.74,13292.56,C100172,11693.41,11897.59,0
62,CASH_IN,111.82,C100034,41232.78,41120.96,C100159,22610.76,22722.58,0
53,DEBIT,140.92,C100110,20270.33,20129.41,C100424,28806.88,28947.8,0
67,CASH_OUT,31.84,C100132,37362.49,37330.65,C100229,10921.08,10952.92,0
41,TRANSFER,31861.72,C_MULE_A0,1485.04,0.0,C_MULE_A1,890.91,32752.63,1
66,PAYMENT,83.41,C100362,37503.8,37420.39,C100172,10298.92,10382.33,0
68,CASH_IN,118.53,C100374,32720.09,32601.56,C100045,28881.37,28999.9,0
16,PAYMENT,206.22,C100232,49121.42,48915.2,C100238,4285.77,4491.99,0
93,CASH_IN,335.99,C100230,5768.13,5432.14,C100324,17664.44,18000.43,0
80,TRANSFER,263.59,C100076,36246.81,35983.22,C100377,18545.14,18808.73,0
95,TRANSFER,145.58,C100435,12820.42,12674.84,C100499,5952.49,6098.07,0
38,PAYMENT,105.55,C100185,8192.3,8086.75,C100067,19359.91,19465.46,0
12,CASH_OUT,81.24,C100414,49717.45,49636.21,C100206,25267.57,25348.81,0
40,DEBIT,92.04,C100193,42757.26,42665.22,C100009,1468.2,1560.24,0
13,CASH_OUT,26.96,C100026,37569.37,37542.41,C100332,1516.06,1543.02,0
19,CASH_IN,184.62,C100011,9699.6,9514.98,C100491,26803.02,26987.64,0
57,TRANSFER,179.75,C100368,46243.39,46063.64,C100295,6491.83,6671.58,0
32,TRANSFER,22995.81,C_MULE_B2,3581.2,0.0,C_MULE_B3,682.5,23678.31,1
12,TRANSFER,18406.47,C_MULE_C6,1610.06,0.0,C_MULE_C3,1815.77,20222.24,1
80,CASH_IN,27.92,C100284,27027.15,26999.23,C100415,23369.59,23397.51,0
